idx,time,x,y,z,picks,latitude,longitude,depth
0,2011-03-25 21:22:58.364235878,-158.95984133144043,-81.53920592336598,0.390625,6,-19.230400909175017,34.4883406591331,0.390625
1,2011-03-26 10:28:23.921660185,-147.34151405804613,22.489270845116465,45.703125,8,-18.291736031623522,34.60654012204191,45.703125
2,2011-03-26 11:01:18.443999529,-152.622571909589,-26.58076536643186,38.671875,7,-18.734548772734737,34.55288524211902,38.671875
3,2011-03-26 20:07:05.761974812,-280.4241719169266,-189.49328558877227,0.390625,7,-20.191353592235533,33.31778151611054,0.390625
4,2011-03-26 20:30:58.071346521,-299.43598018248093,-277.8193507695593,19.140625,6,-20.985281636969383,33.12117749721188,19.140625
5,2011-03-26 20:52:35.101428747,-168.4657454642176,-70.74379795682538,0.390625,7,-19.132146205389894,34.398910432166,0.390625
6,2011-03-27 00:12:26.305561543,-150.51014876897187,-25.599364642200893,0.390625,11,-18.725838965255058,34.5729843079703,0.390625
7,2011-03-27 13:06:54.481863499,-394.49502151025257,-151.21865734376462,0.390625,10,-19.826356155278912,32.23644531187097,0.390625
8,2011-03-28 00:28:39.959153414,-152.622571909589,-30.50636826335573,25.390625,6,-18.77000251570304,34.55258296652689,25.390625
9,2011-03-28 03:38:14.930033207,-132.55455207372611,26.414873742040328,5.859375,8,-18.257246196483596,34.746614221308434,5.859375
10,2011-03-28 18:03:18.106517076,-113.54274380817175,31.321877363195163,25.390625,7,-18.214012936059042,34.926629549018294,25.390625
11,2011-03-28 20:34:18.694772720,-152.622571909589,-49.15298202374409,0.390625,8,-18.93840589234601,34.55113789410797,0.390625
12,2011-03-29 00:50:37.740965128,-139.94803306588614,21.5078701208855,18.359375,7,-18.301097408419707,34.67638143373993,18.359375
13,2011-03-29 02:45:57.573539257,-202.264515714092,-83.50200737182791,0.390625,7,-19.244261007277697,34.07647391586532,0.390625
14,2011-03-29 07:23:00.509769916,-152.622571909589,-32.46916971181766,8.984375,12,-18.787729335066377,34.55243157470704,8.984375
15,2011-03-29 09:56:08.449638605,-166.35332232360048,-36.39477260874153,0.390625,8,-18.82212613412837,34.421904965527325,0.390625
16,2011-03-29 12:49:05.637071133,-168.4657454642176,-54.05998564489893,8.984375,12,-18.981483497571055,34.400355804519364,8.984375
17,2011-03-29 14:40:55.304839373,-239.23192067489214,283.54186349055357,5.859375,6,-15.926425145654411,33.766205763486234,5.859375
18,2011-03-29 19:07:02.498875856,-267.74963307322366,-277.8193507695593,24.609375,6,-20.99015790223224,33.42556869122893,24.609375
19,2011-03-29 22:19:32.865267754,-146.28530248773757,-171.8280725526149,41.796875,12,-20.046732090186843,34.60180199675642,41.796875
20,2011-03-29 23:37:26.963508844,-150.51014876897187,-28.543566814893797,25.390625,6,-18.752429545526137,34.57276092354542,25.390625
21,2011-03-30 01:28:57.396260738,-256.1313057998293,-148.27445517107174,0.390625,7,-19.82275388677516,33.555727512657015,0.390625
22,2011-03-30 01:31:57.084223032,-282.5365950575437,-178.69787762223166,0.390625,9,-20.093639030795075,33.29926914664312,0.390625
23,2011-03-30 11:48:55.424510956,-162.12847604236617,-41.30177622989636,28.515625,8,-18.866775860005774,34.46156903632332,28.515625
24,2011-03-30 13:23:41.925903320,-147.34151405804613,-9.89695305450543,6.640625,10,-18.584245848691747,34.604180201094,6.640625
25,2011-03-30 17:36:13.410573483,-168.4657454642176,-58.96698926605376,17.578125,6,-19.025796324606215,34.39993210767821,17.578125
26,2011-03-30 18:12:38.697381735,-126.21728265187467,21.5078701208855,24.609375,7,-18.30195312232672,34.80622402059261,24.609375
27,2011-03-30 23:57:22.734325171,-50.17004958965729,93.15012298974607,0.390625,11,-17.657826025567083,35.52718093541284,0.390625
28,2011-03-31 02:21:11.680386066,-268.80584464353217,-287.6333580118689,98.046875,8,-21.078553517499984,33.413892342909016,98.046875
29,2011-03-31 02:22:44.694381952,-266.69342150291504,-287.6333580118689,99.609375,10,-21.07886191726508,33.43419991595799,99.609375
30,2011-03-31 02:57:02.238798857,-270.91826778414935,-154.1628595164575,0.390625,13,-19.873903350907685,33.41385819232686,0.390625
31,2011-03-31 04:42:14.747138500,-138.89182149557752,32.30327808742613,56.640625,10,-18.20365790430594,34.68710183255632,56.640625
32,2011-03-31 08:57:38.285823584,-116.7113785190975,36.22888098434999,41.796875,7,-18.169517219771024,34.89695785768136,41.796875
33,2011-03-31 10:01:44.490140676,-162.12847604236617,-31.487768987586694,0.390625,11,-18.778145846031546,34.46237533675136,0.390625
34,2011-03-31 11:55:25.080460787,-176.91543802668622,-111.96262837452596,0.390625,12,-19.503629092736507,34.31481873348818,0.390625
35,2011-03-31 14:48:42.135616541,-142.06045620650326,31.321877363195163,39.453125,7,-18.2123149963299,34.65708782617894,39.453125
36,2011-03-31 17:19:30.470818520,-107.20547438632032,87.26171864436024,48.828125,6,-17.708998315617716,34.98940790414858,48.828125
37,2011-03-31 21:27:07.570935488,-90.30608926138312,63.70810126281706,41.015625,7,-17.922540826808532,35.14768841520373,41.015625
38,2011-03-31 22:08:27.330869198,-50.17004958965729,90.20592081705315,0.390625,7,-17.68442694742291,35.52711141891025,0.390625
39,2011-03-31 22:12:07.972339153,-100.86820496446886,101.00132878359379,25.390625,6,-17.585171423780565,35.04979229691477,25.390625
40,2011-03-31 23:51:15.839124203,-163.18468761267474,-34.431971160279595,25.390625,6,-18.80465212527058,34.45211794304467,25.390625
41,2011-04-01 16:45:30.014977694,-158.95984133144043,7.768259981651969,50.390625,6,-18.423857002931864,34.49553710352261,50.390625
42,2011-04-01 18:31:12.035618544,-279.36796034661796,-290.57756018456183,99.609375,8,-21.103537591051488,33.311881925264345,99.609375
43,2011-04-01 18:59:56.894540310,-289.9300760497037,-300.3915674268715,50.390625,7,-21.190429635342863,33.208681813817314,50.390625
44,2011-04-01 22:35:23.988387346,-53.33868430058302,58.80109764166223,29.296875,8,-17.96809029765459,35.49644917839423,29.296875
45,2011-04-01 23:22:16.497995377,-269.8620562138408,-291.5589609087928,0.390625,6,-21.113817598869353,33.40312262675493,0.390625
46,2011-04-01 23:36:42.628933191,-166.35332232360048,-45.227379126820225,19.140625,10,-18.901891268827278,34.42115853665396,19.140625
47,2011-04-02 00:01:40.759269238,-78.6877619879888,6.786859257421001,43.359375,10,-18.43722206343098,35.25515626482776,43.359375
48,2011-04-02 01:04:50.132107495,-172.6905917454519,-63.873992887208594,5.859375,15,-19.06975627220076,34.35938153549149,5.859375
49,2011-04-02 09:08:43.906896830,-152.622571909589,14.63806505126873,50.390625,7,-18.362276135108978,34.55601839425882,50.390625
50,2011-04-02 10:30:02.330487490,-384.98911737747534,-157.10706168915044,0.390625,6,-19.881326381609323,32.32576907501033,0.390625
51,2011-04-02 12:37:01.336615324,-50.17004958965729,92.16872226551509,0.390625,7,-17.66669300752361,35.527157776772086,0.390625
52,2011-04-02 17:57:29.877635956,-100.86820496446886,-196.36309065838913,74.609375,8,-20.27122225247398,35.03448116612901,74.609375
53,2011-04-02 20:14:12.327363014,-115.6551669487889,23.47067156934743,24.609375,11,-18.284821157807187,34.90621881969306,24.609375
54,2011-04-02 23:37:16.134747982,-280.4241719169266,-209.12130007339164,0.390625,9,-20.368453793903225,33.31473206269978,0.390625
55,2011-04-03 00:24:55.363204956,-233.95086282334927,-130.60924213491433,0.390625,10,-19.66607240266607,33.76948797770054,0.390625
56,2011-04-03 00:26:26.356102943,-232.8946512530407,-130.60924213491433,0.390625,8,-19.66619709258449,33.779552357472966,0.390625
57,2011-04-03 01:35:39.668309450,-235.00707439365783,-130.60924213491433,0.390625,12,-19.665947149903072,33.75942367494945,0.390625
58,2011-04-03 01:43:18.674030542,-229.72601654211496,-131.5906428591453,5.859375,13,-19.675426665333468,33.8096255509085,5.859375
59,2011-04-03 01:56:23.640368938,-152.622571909589,-89.39041171721371,0.390625,10,-19.30179185023902,34.54796716291946,0.390625
60,2011-04-03 03:03:21.263023375,-127.27349422218323,20.526469396654534,0.390625,11,-18.31075516005364,34.796174623481235,0.390625
61,2011-04-03 05:57:32.335784435,-285.70522976846934,-183.6048812433865,0.390625,7,-20.137447229242458,33.26823715906657,0.390625
62,2011-04-03 10:51:16.195391178,-169.52195703452622,-94.29741533836855,0.390625,6,-19.344753415079786,34.38679850476724,0.390625
63,2011-04-03 21:28:45.905195475,-260.35615208106356,-291.5589609087928,99.609375,9,-21.115194278159976,33.49453038004885,99.609375
64,2011-04-03 23:37:01.012232065,-398.71986779148693,-255.24713411224707,0.390625,9,-20.763074070215,32.17321919642619,0.390625
65,2011-04-04 04:02:27.876084805,-184.30891901884627,-55.041386369129896,3.515625,8,-18.988984783677235,34.249876202985384,3.515625
66,2011-04-04 14:12:10.712790012,-156.8474181908233,-85.46480882028985,0.390625,7,-19.266016756018566,34.508103623941075,0.390625
67,2011-04-04 16:54:07.930009127,-162.12847604236617,-47.190180575282156,24.609375,7,-18.919953447889558,34.46108309209988,24.609375
68,2011-04-04 20:02:08.536957502,-79.74397355829736,116.70374037128924,0.390625,12,-17.444161188209304,35.249357756419506,0.390625
69,2011-04-04 22:26:43.657428741,-157.90362976113187,-74.66940085374924,0.390625,7,-19.168443996229342,34.49894517599604,0.390625
70,2011-04-04 22:56:27.662944794,-161.0722644720576,-92.33461388990662,0.390625,15,-19.327722464865726,34.467350788947535,0.390625
71,2011-04-04 23:29:45.821599007,-166.35332232360048,-71.72519868105633,0.390625,11,-19.141182387356295,34.418896707906036,0.390625
72,2011-04-05 01:09:42.926459551,-203.32072728440062,-37.3761733329725,38.671875,6,-18.827690696448986,34.0712496725816,38.671875
73,2011-04-05 01:22:11.029535294,-248.7378248076693,-146.31165372260978,0.390625,6,-19.805990681376027,33.62650095466645,0.390625
74,2011-04-05 02:11:01.198468924,-141.0042446361947,25.433473017809362,50.390625,7,-18.265570713175002,34.66666489299123,50.390625
75,2011-04-05 02:34:31.598631859,-168.4657454642176,-77.61360302644212,24.609375,6,-19.194183044514375,34.39831131722555,24.609375
76,2011-04-05 02:53:20.555079222,-143.11666777681182,29.35907591473323,37.109375,9,-18.229973420723685,34.64696838390724,37.109375
77,2011-04-05 07:04:53.906179667,-215.99526612810354,-221.8795094883942,82.421875,8,-20.49202097769889,33.92979796005333,82.421875
78,2011-04-05 08:00:21.322919607,-264.5809983622979,-316.09397901456697,25.390625,8,-21.335963537397895,33.450099983864725,25.390625
79,2011-04-05 09:38:08.616209030,-398.71986779148693,-147.29305444684076,0.390625,9,-19.790119471810318,32.19704769915607,0.390625
80,2011-04-05 10:25:36.974393845,-324.78505786988666,80.39191357474347,0.390625,10,-17.749751871622422,32.93872602869077,0.390625
81,2011-04-05 14:21:03.934099436,-243.45676695612644,297.28147362978706,19.140625,6,-15.801947799731485,33.72816950479343,19.140625
82,2011-04-05 22:33:31.254706859,-271.97447935445797,-163.9768667587672,0.390625,9,-19.96231665976321,33.402336619677016,0.390625
83,2011-04-06 06:24:06.385974884,-73.40670413644592,70.57790633243381,28.515625,6,-17.861109398002423,35.307416572094226,28.515625
84,2011-04-06 12:11:35.957940817,-260.35615208106356,-308.24277322071924,49.609375,6,-21.265734735420242,33.49199021904605,49.609375
85,2011-04-06 13:34:43.431707144,-145.229090917429,19.545068672423568,40.234375,6,-18.318473063575794,34.626304115736005,40.234375
86,2011-04-06 16:41:28.503391981,-294.15492233093795,-303.33576959956434,99.609375,6,-21.21631191289111,33.1675374684592,99.609375
87,2011-04-06 16:53:43.354100466,-67.06943471459448,79.41051285051252,28.515625,6,-17.781513129904845,35.367486704884286,28.515625
88,2011-04-06 17:08:27.146619558,-67.06943471459448,80.39191357474347,27.734375,6,-17.77264649113796,35.36751789829266,27.734375
89,2011-04-06 20:15:08.121637106,-311.05430745587506,-186.54908341607938,0.390625,6,-20.160082854783273,33.02559402169523,0.390625
90,2011-04-06 20:23:48.476588726,-135.72318678465183,23.47067156934743,23.828125,13,-18.283641155103474,34.716462761078766,23.828125
91,2011-04-06 21:59:19.617615938,-278.31174877630934,-287.6333580118689,93.359375,7,-21.077135708476746,33.322512869800605,93.359375
92,2011-04-06 22:05:14.808035851,-270.91826778414935,-167.90246965569105,0.390625,9,-19.99788798716161,33.41183824369154,0.390625
93,2011-04-06 22:06:44.034566402,-270.91826778414935,-168.88387037992203,0.390625,10,-20.00674395887401,33.41169337949202,0.390625
94,2011-04-06 22:15:28.008597851,-158.95984133144043,-36.39477260874153,26.171875,10,-18.82270643775193,34.49202413659263,26.171875
95,2011-04-07 00:11:56.976605892,-112.48653223786319,39.17308315704289,35.546875,8,-18.143146306472424,34.93704269871298,35.546875
96,2011-04-07 09:49:44.717607260,-270.91826778414935,-204.21429645223685,25.390625,8,-20.325552349475032,33.40642634767301,25.390625
97,2011-04-07 17:39:51.722790480,-145.229090917429,13.656664327037765,25.390625,13,-18.371657653922828,34.625883700116574,25.390625
98,2011-04-07 22:22:06.670014381,-258.24372894044643,-161.0326645860743,25.390625,13,-19.937616951479463,33.5338004784301,25.390625
99,2011-04-08 01:07:23.413244486,-158.95984133144043,-35.41337188451056,0.390625,13,-18.813843307940434,34.492103170557044,0.390625
100,2011-04-08 03:10:41.827755928,-283.5928066278522,-296.4659645299476,99.609375,6,-21.156011204237323,33.270291514670355,99.609375
101,2011-04-08 19:05:57.438866138,-175.85922645637766,-57.00418781759183,0.390625,8,-19.007450521910375,34.329908394481585,0.390625
102,2011-04-09 04:33:17.083158970,-236.0632859639664,-263.09833990609485,6.640625,7,-20.86163394976951,33.73204364777918,6.640625
103,2011-04-09 09:28:19.569737196,-80.80018512860595,81.37331429897445,30.078125,6,-17.76331929396143,35.23807860368266,30.078125
104,2011-04-09 15:15:32.860537291,-256.1313057998293,-256.228534836478,74.609375,8,-20.796979211001254,33.54037821292509,74.609375
105,2011-04-09 15:40:03.647196531,-168.4657454642176,-78.5950037506731,23.828125,6,-19.20304541443987,34.39822554034304,23.828125
106,2011-04-09 19:47:15.735902786,-108.26168595662891,121.61074399244409,12.890625,8,-17.39863789288301,34.981188973517355,12.890625
107,2011-04-09 21:55:52.386253119,-144.17287934712044,20.526469396654534,37.890625,10,-18.309680538266775,34.63636196218973,37.890625
108,2011-04-09 23:44:30.343897104,-276.1993256356922,-309.2241739449502,6.640625,6,-21.272248981784795,33.3393348764694,6.640625
109,2011-04-09 23:50:17.006948709,-275.1431140653836,-182.62348051915552,0.390625,11,-20.130128313897377,33.369293553109365,0.390625
110,2011-04-10 01:51:01.277238607,-270.91826778414935,-199.307292831082,74.609375,6,-20.28127417647759,33.40716393826603,74.609375
111,2011-04-10 02:49:42.243719101,-268.80584464353217,-204.21429645223685,0.390625,10,-20.325851101992573,33.42663377394013,0.390625
112,2011-04-10 07:45:38.272582054,-266.69342150291504,-288.6147587360999,99.609375,9,-21.087716943244317,33.43404781971657,99.609375
113,2011-04-10 14:29:13.745611668,-126.21728265187467,-146.31165372260978,62.109375,8,-19.817702260456706,34.79532640017321,62.109375
114,2011-04-10 23:24:04.357385397,-168.4657454642176,-44.24597840258926,6.640625,13,-18.892857181128825,34.401199674248,6.640625
115,2011-04-10 23:32:41.496735811,-154.73499505020612,-26.58076536643186,20.703125,12,-18.734392904438106,34.53286079201531,20.703125
116,2011-04-10 23:47:55.607307911,-157.90362976113187,-30.50636826335573,10.546875,14,-18.769608032933753,34.50251176728035,10.546875
117,2011-04-11 00:21:22.934567213,-192.75861158131482,-90.37181244144469,0.390625,12,-19.307217261756964,34.166149117103416,0.390625
118,2011-04-11 00:53:22.937400818,-279.36796034661796,-256.228534836478,74.609375,8,-20.793636575899843,33.317414049059394,74.609375
119,2011-04-11 02:04:56.901601791,-276.1993256356922,-279.78215221802117,99.609375,7,-21.006619608284495,33.34407580126869,99.609375
120,2011-04-11 02:55:12.876095057,-167.40953389390904,-67.79959578413246,2.734375,8,-19.105645830038444,34.40920018299559,2.734375
121,2011-04-11 11:56:09.770343304,-324.78505786988666,81.37331429897445,0.390625,10,-17.740897384024585,32.93887664528685,0.390625
122,2011-04-11 14:49:13.494235277,-400.83229093210406,-142.3860508256859,0.390625,6,-19.745462481116014,32.17798872843102,0.390625
123,2011-04-11 14:54:06.750993252,-185.36513058915483,-100.18581968375437,0.390625,6,-19.39652522460261,34.235510542987875,0.390625
124,2011-04-11 15:45:16.998166561,-290.9862876200123,-279.78215221802117,99.609375,7,-21.004341910839766,33.20200971556708,99.609375
125,2011-04-11 16:34:53.449157953,-137.83560992526895,21.5078701208855,37.109375,8,-18.301234798668897,34.69635674619635,37.109375
126,2011-04-11 16:40:59.339096308,-179.0278611673034,-108.0370254776021,10.546875,11,-19.467994107664005,34.29507490843444,10.546875
127,2011-04-11 22:04:30.358184814,-262.4685752216808,-264.0797406303257,0.390625,8,-20.866941034163844,33.47838556133201,0.390625
128,2011-04-11 23:46:15.522224425,-138.89182149557752,95.112924438208,44.921875,8,-17.636315914016983,34.69127446333709,44.921875
129,2011-04-12 01:49:21.388591766,-114.59895537848034,28.377675190502263,24.609375,8,-18.240552331450647,34.916481381992725,24.609375
130,2011-04-12 03:39:14.428169727,-174.8030148860691,-52.097184196437,10.546875,14,-18.963229235861117,34.34037497062144,10.546875
131,2011-04-12 12:15:22.733508825,-268.80584464353217,-205.19569717646777,0.390625,10,-20.334706848004227,33.42648716864335,0.390625
132,2011-04-12 14:41:24.426562786,-49.11383801934871,134.36895340744664,87.109375,6,-17.28542870997369,35.53807505179297,87.109375
133,2011-04-12 15:41:28.017668724,-152.622571909589,-28.543566814893797,22.265625,8,-18.75227566158303,34.55273418897039,22.265625
134,2011-04-12 15:56:10.894185543,-151.56636033928044,-27.562166090662824,0.390625,9,-18.74348939215362,34.56282255738773,0.390625
135,2011-04-12 22:13:47.559830427,-201.20830414378344,-230.7121160064729,48.828125,8,-20.573387640950482,34.070460731793716,48.828125
136,2011-04-13 00:04:07.230030537,-261.4123636513722,-255.24713411224707,56.640625,9,-20.787389203792497,33.4898472500234,56.640625
137,2011-04-13 00:40:48.182539701,-247.68161323736075,-153.18145879222658,0.390625,6,-19.86812778659407,33.63565518069394,0.390625
138,2011-04-13 15:58:20.488574505,-399.77607936179544,-140.423249377224,0.390625,9,-19.727985841608863,32.188463634991685,0.390625
139,2011-04-13 19:19:53.604061127,-284.64901819816083,-294.50316308148575,0.390625,10,-21.138139515398144,33.26045964561047,0.390625
140,2011-04-13 20:36:47.246107817,-131.49834050341755,-7.934151606043495,41.015625,12,-18.567568674684075,34.75436937436723,41.015625
141,2011-04-13 20:48:49.027059078,-398.71986779148693,-238.56332180032064,25.390625,6,-20.61271721034207,32.176993051186074,25.390625
142,2011-04-13 21:36:00.866341114,-118.82380165971465,36.22888098434999,50.390625,9,-18.16940161570803,34.87699608817203,50.390625
143,2011-04-13 21:44:53.377503157,-162.12847604236617,-88.40901099298276,0.390625,11,-19.29218766327786,34.45763582508248,0.390625
144,2011-04-13 22:01:58.177628279,-162.12847604236617,-55.041386369129896,0.390625,7,-18.990856406221482,34.46043263694626,0.390625
145,2011-04-14 01:33:24.684381247,-91.36230083169171,177.55058527360913,57.421875,13,-16.89398213861689,35.14253131734169,57.421875
146,2011-04-14 06:54:26.507137060,-206.4893619953263,-108.0370254776021,15.234375,12,-19.465345867513445,34.03365948179207,15.234375
147,2011-04-14 10:41:34.539103270,-405.0571372133383,-140.423249377224,0.390625,8,-19.726908346403054,32.13819787582044,0.390625
148,2011-04-14 18:04:24.306217909,-135.72318678465183,-116.86963199568078,21.484375,12,-19.55117403505742,34.70675094531123,21.484375
149,2011-04-14 22:23:48.152487755,-244.512978526435,-283.7077551149451,99.609375,9,-21.046527759882874,33.64800818852143,99.609375
150,2011-04-15 00:19:41.213101149,-152.622571909589,-34.431971160279595,12.109375,14,-18.805456119644656,34.55228001342924,12.109375
151,2011-04-15 04:56:04.437256336,-208.6017851359435,-80.55780519913503,10.546875,7,-19.21703629985479,34.01655242818655,10.546875
152,2011-04-15 09:33:08.654996157,-165.29711075329192,-76.63220230221117,0.390625,6,-19.18558111613658,34.42851274943617,0.390625
153,2011-04-15 15:44:07.525412083,-398.71986779148693,-145.33025299837885,0.390625,10,-19.77242815019258,32.197468118551285,0.390625
154,2011-04-15 21:47:29.480092525,-202.264515714092,275.69065769670584,50.390625,7,-16.000633888195726,34.1105711792139,50.390625
155,2011-04-15 22:15:26.525029182,-95.58714711292599,46.04288822665966,50.390625,9,-18.081901708690133,35.09703800675735,50.390625
156,2011-04-15 23:36:59.202850580,-141.0042446361947,21.5078701208855,38.671875,7,-18.301027930369983,34.66639384396523,38.671875
157,2011-04-16 03:50:46.066471338,-130.44212893310893,49.968491123583526,42.578125,7,-18.044621280861787,34.76807680392052,42.578125
158,2011-04-16 11:10:49.336293936,-153.67878347989756,-32.46916971181766,37.890625,10,-18.787651431969223,34.54241618886658,37.890625
159,2011-04-16 11:25:38.184943438,-283.5928066278522,-258.19133628493995,87.890625,8,-20.81070613869558,33.276561810893256,87.890625
160,2011-04-16 14:20:04.382945776,-161.0722644720576,-42.28317695412733,25.390625,13,-18.875721425868303,34.471508388821874,25.390625
161,2011-04-16 15:18:18.870767355,-270.91826778414935,-159.06986313761234,0.390625,13,-19.918183799055857,33.413138527081045,0.390625
162,2011-04-16 15:47:50.573995113,-406.1133487836469,-126.68363923799045,28.515625,10,-19.602860161795487,32.13112121981219,28.515625
163,2011-04-16 18:49:14.083109617,-248.7378248076693,-152.2000580679956,0.390625,10,-19.859136183252744,33.62571104284613,0.390625
164,2011-04-16 19:01:59.581102610,-128.3297057924918,33.284678811657095,35.546875,9,-18.195450196918788,34.78698620686509,35.546875
165,2011-04-16 19:07:40.218750954,-123.04864794094895,30.340476638964194,25.390625,8,-18.222353966837655,34.83672018349066,25.390625
166,2011-04-17 00:01:30.099518538,-172.6905917454519,-66.8181950599015,9.765625,14,-19.096343200458158,34.359119647692594,9.765625
167,2011-04-17 04:03:57.447005749,-114.59895537848034,-4.9899494333505965,63.671875,11,-18.541963059656005,34.914595780011865,63.671875
168,2011-04-17 05:56:52.284571886,-139.94803306588614,15.619465775499698,41.015625,10,-18.354283196237496,34.67597675238573,41.015625
169,2011-04-17 08:44:28.249429226,-142.06045620650326,17.58226722396163,44.140625,7,-18.336414867241135,34.65613259870271,44.140625
170,2011-04-17 10:00:31.072579145,-384.98911737747534,-130.60924213491433,0.390625,6,-19.64245709770475,32.33124330659778,0.390625
171,2011-04-17 19:38:37.975909472,-239.23192067489214,-163.9768667587672,12.109375,7,-19.966618440666142,33.714866282162404,12.109375
172,2011-04-17 20:05:21.326657295,-157.90362976113187,-51.11578347220602,0.390625,9,-18.95573369691245,34.50085845641261,0.390625
173,2011-04-17 20:53:02.585775852,-158.95984133144043,-67.79959578413246,5.859375,10,-19.106321960352442,34.489471672851046,5.859375
174,2011-04-17 21:00:05.909509420,-269.8620562138408,-171.8280725526149,0.390625,6,-20.033459149785404,33.4213432156478,0.390625
175,2011-04-17 21:33:31.145051241,-120.9362248003318,40.154483881273855,51.171875,7,-18.133823671981666,34.85726498606454,51.171875
176,2011-04-18 00:38:38.713667154,-165.29711075329192,-40.320375505665396,9.765625,12,-18.85766207731127,34.43159264925281,9.765625
177,2011-04-18 01:31:13.523076773,-270.91826778414935,-319.0381811872598,93.359375,6,-21.361589290188448,33.38860131792387,93.359375
178,2011-04-18 08:37:45.788823128,-171.63438017514335,-60.92979071451569,9.765625,9,-19.04325811289401,34.36967273334206,9.765625
179,2011-04-18 12:06:41.914151430,-168.4657454642176,-43.26457767835829,34.765625,7,-18.88399450101546,34.40128380313204,34.765625
180,2011-04-18 14:07:46.393003941,-151.56636033928044,-47.190180575282156,8.984375,15,-18.920757323708454,34.56131405046789,8.984375
181,2011-04-18 16:17:08.781980515,-315.2791537371094,70.57790633243381,0.390625,8,-17.83968152270505,33.026767733572974,0.390625
182,2011-04-18 20:48:27.477211237,-95.58714711292599,83.33611574743638,24.609375,14,-17.744995494019527,35.09874244268381,24.609375
183,2011-04-18 21:49:38.064492226,-160.016052901749,-33.45057043604863,6.640625,16,-18.796035857913346,34.48224549809661,6.640625
184,2011-04-19 01:28:18.912884235,-168.4657454642176,-70.74379795682538,38.671875,8,-19.132146205389894,34.398910432166,38.671875
185,2011-04-19 03:35:35.079814911,-286.76144133877796,-308.24277322071924,43.359375,6,-21.261758371306655,33.23784184758529,43.359375
186,2011-04-19 11:09:36.478251696,-276.1993256356922,-293.5217623572548,99.609375,9,-21.130581144952686,33.341872545704696,99.609375
187,2011-04-19 11:39:25.726974726,-206.4893619953263,-95.2788160625995,34.765625,7,-19.350160601406,34.035043939168546,34.765625
188,2011-04-19 19:05:47.519553661,-91.36230083169171,211.89961062169297,0.390625,7,-16.58363365281685,35.143918589412756,0.390625
189,2011-04-19 21:05:01.708807468,-163.18468761267474,-30.50636826335573,21.484375,7,-18.769200147269338,34.4524418365464,21.484375
190,2011-04-19 21:54:59.883642912,-168.4657454642176,-88.40901099298276,0.390625,9,-19.29166862214693,34.397365168464326,0.390625
191,2011-04-19 22:56:38.494323969,-190.6461884406977,-74.66940085374924,0.390625,12,-19.16563640452318,34.187795281077136,0.390625
192,2011-04-20 01:04:34.206233978,-195.92724629224057,-105.09282330490919,0.390625,7,-19.439826353570385,34.13450280691391,0.390625
193,2011-04-20 01:58:02.685848475,-129.38591736280037,217.7880149670788,62.890625,6,-16.528666170481983,34.7880122301661,62.890625
194,2011-04-20 03:33:15.952107191,-261.4123636513722,-197.34449138262005,0.390625,10,-20.26488447475615,33.49835857248096,0.390625
195,2011-04-20 05:11:38.957643747,-156.8474181908233,-69.7623972325944,0.390625,7,-19.12421136249716,34.50938116665762,0.390625
196,2011-04-20 05:13:23.942589283,-157.90362976113187,-68.78099650836344,0.390625,7,-19.11526689840932,34.499425881863964,0.390625
197,2011-04-20 12:10:50.887840271,-196.98345786254913,-204.21429645223685,98.828125,9,-20.334620594602296,34.11388236203331,98.828125
198,2011-04-20 12:33:18.254657269,-74.46291570675452,133.38755268321566,0.390625,13,-17.293605414382537,35.29963942163873,0.390625
199,2011-04-20 16:48:04.426153421,-209.65799670625205,-233.6563181791658,0.390625,12,-20.599042631037772,33.98911859941874,0.390625
200,2011-04-20 18:08:20.029758453,-177.97164959699484,-78.5950037506731,0.390625,7,-19.202233623858213,34.30787176261714,0.390625
201,2011-04-20 20:34:27.895397902,-277.2555372060007,-287.6333580118689,93.359375,6,-21.077295667558026,33.332665767611594,93.359375
202,2011-04-20 20:59:46.505464554,-137.83560992526895,21.5078701208855,32.421875,6,-18.301234798668897,34.69635674619635,32.421875
203,2011-04-21 01:49:59.774703264,-174.8030148860691,-76.63220230221117,0.390625,10,-19.184784947944927,34.338167129147244,0.390625
204,2011-04-21 02:13:31.001521826,-153.67878347989756,-25.599364642200893,28.515625,9,-18.72560768808686,34.542948977175676,28.515625
205,2011-04-21 02:55:23.639202833,-202.264515714092,-204.21429645223685,94.140625,11,-20.334067703705283,34.06333760626866,94.140625
206,2011-04-21 02:57:46.965769529,-207.54557356563492,-234.63771890339677,25.390625,10,-20.60813607753446,34.0092550338538,25.390625
207,2011-04-21 03:29:08.224538326,-165.29711075329192,-60.92979071451569,0.390625,8,-19.043779774219654,34.42985235666572,0.390625
208,2011-04-21 12:18:29.575405121,-401.88850250241256,-144.34885227414787,0.390625,12,-19.762938098738434,32.16751129251318,0.390625
209,2011-04-21 12:43:31.236693621,-278.31174877630934,-308.24277322071924,99.609375,11,-21.263072425589918,33.31916287330809,99.609375
210,2011-04-21 21:14:41.456625462,-152.622571909589,-26.58076536643186,0.390625,9,-18.734548772734737,34.55288524211902,0.390625
211,2011-04-21 21:39:41.058643818,-160.016052901749,-31.487768987586694,13.671875,13,-18.77830961931539,34.482404304034134,13.671875
212,2011-04-21 22:15:49.244911671,-149.4539371986633,-36.39477260874153,19.140625,10,-18.823413825047847,34.58218102328031,19.140625
213,2011-04-21 23:04:17.790227890,-72.35049256613736,142.22015920129436,0.390625,10,-17.213870601624816,35.31979929406309,0.390625
214,2011-04-21 23:34:54.801186323,-107.20547438632032,21.5078701208855,46.484375,12,-18.302992295206934,34.9860170850082,46.484375
215,2011-04-21 23:48:49.507007836,-170.5781686048348,-44.24597840258926,7.421875,16,-18.892683691846173,34.38115790743869,7.421875
216,2011-04-22 01:07:24.768929005,-165.29711075329192,-38.357574057203465,35.546875,8,-18.839936380035418,34.43175733256069,35.546875
217,2011-04-22 18:53:47.298738480,-146.28530248773757,-24.617963917969927,0.390625,8,-18.71727615022769,34.61310438280535,0.390625
218,2011-04-22 21:17:47.490702868,-290.9862876200123,-300.3915674268715,25.390625,9,-21.19026140568933,33.198522264524755,25.390625
219,2011-04-22 22:55:48.491449356,-276.1993256356922,-252.30293193955413,25.390625,7,-20.758690475585567,33.34843438673473,25.390625
220,2011-04-23 15:19:56.812986374,-153.67878347989756,16.600866499730664,44.140625,6,-18.344472552745806,34.546176171172725,44.140625
221,2011-04-23 16:14:26.507078885,-212.8266314171778,-107.05562475337112,22.265625,9,-19.455821229590097,33.9734492338541,22.265625
222,2011-04-23 16:21:31.741351604,-402.9447140727212,-136.49764648030015,0.390625,10,-19.691959702092046,32.15914979797924,0.390625
223,2011-04-23 22:31:24.420019627,-270.91826778414935,-261.1355384576329,58.984375,7,-20.83916078243414,33.39772630852913,58.984375
224,2011-04-23 23:19:24.109036207,-98.7557818238517,76.4663106778196,39.453125,9,-17.806918008204743,35.06854786988787,39.453125
225,2011-04-24 00:13:01.990736008,-116.7113785190975,25.433473017809362,24.609375,7,-18.267033603535147,34.896343436441875,24.609375
226,2011-04-24 01:39:54.693731070,-431.46242647105277,28.377675190502263,99.609375,6,-18.20025783749381,31.92410720486686,99.609375
227,2011-04-24 03:50:46.162376404,-212.8266314171778,-107.05562475337112,23.046875,8,-19.455821229590097,33.9734492338541,23.046875
228,2011-04-24 11:45:24.780233622,-188.53376530008052,28.377675190502263,75.390625,6,-18.23532444501744,34.21763715262271,75.390625
229,2011-04-24 16:52:27.678076744,-165.29711075329192,-46.20877985105119,34.765625,8,-18.91083895843767,34.431097495788336,34.765625
230,2011-04-24 20:29:09.038497210,-285.70522976846934,-292.5403616330238,37.109375,6,-21.120267478101315,33.25062994417496,37.109375
231,2011-04-24 22:28:36.721153975,-289.9300760497037,-276.83795004532834,68.359375,6,-20.977947992977224,33.21264997580542,68.359375
232,2011-04-25 01:00:16.143651724,-313.1667305964923,-308.24277322071924,67.578125,6,-21.2573996604522,32.983755279763585,67.578125
233,2011-04-25 01:42:35.504124880,-263.5247867919894,-280.76355294225215,30.859375,6,-21.0173330280632,33.46571184336868,30.859375
234,2011-04-25 03:17:03.565957069,-95.58714711292599,83.33611574743638,0.390625,13,-17.744995494019527,35.09874244268381,0.390625
235,2011-04-25 09:43:24.763218880,-399.77607936179544,-141.404650101455,0.390625,8,-19.73683145861272,32.1882534977805,0.390625
236,2011-04-25 11:02:27.188570261,-276.1993256356922,-170.84667182838393,0.390625,10,-20.023710950720385,33.36098311865121,0.390625
237,2011-04-25 13:50:43.215128422,-196.98345786254913,-90.37181244144469,0.390625,11,-19.306809017074276,34.125970930965984,0.390625
238,2011-04-26 01:39:20.985485554,-166.35332232360048,-158.08846241338136,85.546875,7,-19.921048820172942,34.41128772320603,85.546875
239,2011-04-26 02:31:21.932975292,-239.23192067489214,-15.785357399891227,43.359375,6,-18.62895118827351,33.73337106710337,43.359375
240,2011-04-26 02:46:43.633793592,-288.8738644793952,-279.78215221802117,0.390625,6,-21.004674540862826,33.222303698983204,0.390625
241,2011-04-26 04:54:46.788721561,-226.55738183118922,-119.81383416837369,6.640625,8,-19.569483151130438,33.84124221348209,6.640625
242,2011-04-26 10:49:06.433701992,-135.72318678465183,-109.01842620183305,37.109375,13,-19.480267835421134,34.70731478907402,37.109375
243,2011-04-26 21:53:11.472788334,-240.2881322452007,-149.25585589530272,30.078125,8,-19.833617934504982,33.70669904429846,30.078125
244,2011-04-26 22:33:18.917016029,-262.4685752216808,-153.18145879222658,0.390625,9,-19.8661992783382,33.49459826242605,0.390625
245,2011-04-26 23:58:41.483068705,-163.18468761267474,-38.357574057203465,18.359375,13,-18.84010396336048,34.45179332452167,18.359375
246,2011-04-27 01:12:09.568959475,-158.95984133144043,-73.68800012951826,6.640625,9,-19.159498865629953,34.488988022636605,6.640625
247,2011-04-27 01:24:45.595765352,-258.24372894044643,-307.26137249648826,99.609375,6,-21.25718093964208,33.51247341621447,99.609375
248,2011-04-27 02:33:04.771488667,-169.52195703452622,-61.911191438746656,12.890625,8,-19.05229665517804,34.38964688246852,12.890625
249,2011-04-27 06:38:06.735891819,-133.61076364403468,20.526469396654534,0.390625,8,-18.310367844769434,34.736243589656304,0.390625
250,2011-04-27 12:40:39.148651361,-279.36796034661796,-290.57756018456183,99.609375,6,-21.103537591051488,33.311881925264345,99.609375
251,2011-04-27 12:57:17.090276718,-152.622571909589,-102.1486211322163,24.609375,10,-19.41700867545495,34.54694676176331,24.609375
252,2011-04-27 13:14:38.221712589,-280.4241719169266,-285.67055656340705,75.390625,7,-21.05910576958977,33.302526907737565,75.390625
253,2011-04-27 18:05:58.447108746,-146.28530248773757,-103.13002185644726,7.421875,10,-19.426344275663066,34.607192079602086,7.421875
254,2011-04-27 20:10:43.706272364,-161.0722644720576,-67.79959578413246,12.109375,13,-19.106156206175566,34.46940348423035,12.109375
255,2011-04-27 21:21:05.239355803,-229.72601654211496,-82.52060664759696,12.109375,7,-19.232471171101093,33.81556610470279,12.109375
256,2011-04-27 23:18:52.959599733,-74.46291570675452,67.63370415974093,50.390625,6,-17.887673034310815,35.2973473293852,50.390625
257,2011-04-27 23:19:42.453465700,-155.79120662051469,-103.13002185644726,31.640625,12,-19.42562751982823,34.516706581629265,31.640625
258,2011-04-27 23:52:47.000428677,-298.3797686121723,-295.4845638057166,0.390625,7,-21.144803338138015,33.12826313348798,0.390625
259,2011-04-28 01:13:17.404186487,-117.76759008940606,-116.86963199568078,49.609375,12,-19.552318149250677,34.87781595315837,49.609375
260,2011-04-28 01:59:44.973120928,-270.91826778414935,-319.0381811872598,74.609375,6,-21.361589290188448,33.38860131792387,74.609375
261,2011-04-28 02:10:00.187828302,-166.35332232360048,-72.7065994052873,0.390625,11,-19.150044897308213,34.418812285156555,0.390625
262,2011-04-28 18:02:52.707387447,-173.74680331576053,-80.55780519913503,0.390625,9,-19.220324182819112,34.3478513629245,0.390625
263,2011-04-28 21:50:33.550342321,-151.56636033928044,-17.74815884835316,12.890625,12,-18.654854123418236,34.563570502606616,12.890625
264,2011-04-28 23:01:34.969290018,-413.5068297758069,-219.9167080399323,0.390625,7,-20.441502926385706,32.03979540803631,0.390625
265,2011-04-28 23:18:12.342898130,-215.99526612810354,25.433473017809362,12.109375,9,-18.259317362597628,33.95782425185095,12.109375
266,2011-04-29 04:01:42.008651972,-270.91826778414935,-161.0326645860743,0.390625,9,-19.93589590964894,33.412850118421886,0.390625
267,2011-04-29 06:35:57.094365597,-206.4893619953263,-211.0841015218536,82.421875,7,-20.395630617161,34.022112879521494,82.421875
268,2011-04-29 09:34:51.965198517,-141.0042446361947,24.452072293578397,59.765625,6,-18.274435030150425,34.6665971886543,59.765625
269,2011-04-29 16:19:58.267431735,-169.52195703452622,-62.89259216297762,14.453125,8,-19.06115912381064,34.3895613283668,14.453125
270,2011-04-29 19:24:39.337022066,-213.88284298748636,-225.80511238531807,49.609375,10,-20.527696482040582,33.94956289843799,49.609375
271,2011-04-30 04:19:04.870742559,-270.91826778414935,-313.14977684187403,1.953125,7,-21.308462613086494,33.389542074536095,1.953125
272,2011-04-30 05:51:42.758190632,-206.4893619953263,-207.15849862492973,75.390625,9,-20.36019310996371,34.02256474879728,75.390625
273,2011-04-30 06:53:36.004090309,-150.51014876897187,-17.74815884835316,6.640625,6,-18.654930370262196,34.573578165325216,6.640625
274,2011-04-30 20:43:51.931577921,-129.38591736280037,33.284678811657095,26.171875,10,-18.195386856554748,34.77700421985642,26.171875
275,2011-04-30 23:29:44.735444069,-169.52195703452622,-62.89259216297762,9.765625,10,-19.06115912381064,34.3895613283668,9.765625
276,2011-05-01 04:02:08.902559042,-161.0722644720576,-33.45057043604863,12.109375,7,-18.79595415679252,34.47222994161123,12.109375
277,2011-05-01 05:48:45.127657175,-299.43598018248093,-319.0381811872598,93.359375,7,-21.357090618122957,33.11396916869695,93.359375
278,2011-05-01 08:25:34.133764743,-96.64335868323455,131.42475123475376,0.390625,11,-17.31050173013484,35.09095121868507,0.390625
279,2011-05-01 09:56:57.195440054,-90.30608926138312,33.284678811657095,12.890625,6,-18.197384854947174,35.14636219383353,12.890625
280,2011-05-01 15:16:05.067873240,-220.2201124093378,-106.07422402914017,19.140625,13,-19.446161260616993,33.9031963388316,19.140625
281,2011-05-02 11:10:56.449420214,-263.5247867919894,-320.0195819114908,73.828125,10,-21.371537330225618,33.459660883718136,73.828125
282,2011-05-02 11:52:13.238586664,-20.5961256210172,65.670902711279,51.171875,11,-17.906577286350657,35.80562500235579,51.171875
283,2011-05-02 12:05:09.623533487,-269.8620562138408,-320.0195819114908,74.609375,8,-21.370601779389155,33.39861776966485,74.609375
284,2011-05-02 12:54:39.232084513,-270.91826778414935,-303.33576959956434,99.609375,6,-21.219917318909495,33.39110354143006,99.609375
285,2011-05-02 16:11:44.930183649,-264.5809983622979,-324.9265855326457,49.609375,8,-21.41565696862431,33.44871854400765,49.609375
286,2011-05-02 16:14:04.096867085,-278.31174877630934,-321.00098263572175,74.609375,8,-21.37817380052133,33.3170707644988,74.609375
287,2011-05-02 21:12:14.109774113,-134.66697521434324,-71.72519868105633,17.578125,8,-19.143525804608107,34.719996922282895,17.578125
288,2011-05-03 01:56:53.854585886,-277.2555372060007,-323.9451848084147,74.609375,6,-21.404898086873654,33.32676128301372,74.609375
289,2011-05-03 02:30:16.736856461,-134.66697521434324,22.489270845116465,24.609375,8,-18.29257246589606,34.72638481683555,24.609375
290,2011-05-03 04:26:42.852862358,-135.72318678465183,35.247480260119026,66.796875,6,-18.177266771878763,34.71724280582287,66.796875
291,2011-05-03 23:21:03.814805746,-256.1313057998293,-152.2000580679956,0.390625,6,-19.85818234226243,33.55518500731782,0.390625
292,2011-05-04 03:26:44.489381552,-112.48653223786319,21.5078701208855,7.421875,13,-18.302720606311194,34.93607337764625,7.421875
293,2011-05-04 03:51:43.464959621,-182.19649587822914,-94.29741533836855,0.390625,8,-19.343645810700565,34.266224932009976,0.390625
294,2011-05-04 18:38:00.376618624,-196.98345786254913,-87.42761026875178,0.390625,8,-19.280226034244183,34.1262735752982,0.390625
295,2011-05-04 18:38:29.566205978,-218.10768926872066,-21.67376174527703,0.390625,6,-18.684419492060872,33.93277015734504,0.390625
296,2011-05-04 23:35:12.831776381,-138.89182149557752,-40.320375505665396,0.390625,7,-18.859604063559804,34.68208325080767,0.390625
297,2011-05-05 01:09:29.692162514,-287.8176529090866,-281.7449536664831,25.390625,9,-21.022547226590234,33.23212392190334,25.390625
298,2011-05-05 01:45:57.870494604,-78.6877619879888,112.77813747436538,0.390625,9,-17.479665298310113,35.25915605324522,0.390625
299,2011-05-05 04:32:11.641664028,-270.91826778414935,-165.9396682072291,0.390625,10,-19.98017601419697,33.412127738991636,0.390625
300,2011-05-05 21:31:52.136190891,-277.2555372060007,-268.00534352724964,99.609375,8,-20.90020736049941,33.335810515996236,99.609375
301,2011-05-06 02:50:50.058717251,-162.12847604236617,-81.53920592336598,3.515625,13,-19.230149714888277,34.45821593679163,3.515625
302,2011-05-06 04:57:30.250272274,-280.4241719169266,-284.68915583917607,59.765625,8,-21.050251652806278,33.30268655668198,59.765625
303,2011-05-06 05:13:50.139216900,-106.14926281601176,-240.52612324878254,0.390625,7,-20.669779815619023,34.98130779780047,0.390625
304,2011-05-06 18:40:10.406350613,-134.66697521434324,-140.423249377224,77.734375,7,-19.76396182388398,34.71512019176379,77.734375
305,2011-05-06 20:56:07.850244522,-157.90362976113187,-31.487768987586694,10.546875,12,-18.77847124714403,34.502433477039794,10.546875
306,2011-05-06 21:33:19.594898224,-285.70522976846934,-281.7449536664831,25.390625,6,-21.022876537673536,33.2524208871936,25.390625
307,2011-05-07 00:10:23.448740721,-226.55738183118922,-85.46480882028985,2.734375,12,-19.259406620044818,33.845333277008876,2.734375
308,2011-05-07 01:15:01.133282423,-319.5040000183437,-198.32589210685103,0.390625,11,-20.264925563068545,32.94280441684831,0.390625
309,2011-05-07 02:04:36.944943190,-134.66697521434324,10.712462154344866,0.390625,12,-18.398945948618532,34.725605083030175,0.390625
310,2011-05-07 06:04:50.350189447,-168.4657454642176,-40.320375505665396,25.390625,8,-18.857406407900065,34.40153590855091,25.390625
311,2011-05-07 11:29:10.157267094,-227.61359340149778,-130.60924213491433,23.046875,9,-19.66681209886812,33.829875399523004,23.046875
312,2011-05-07 14:21:59.403675556,-270.91826778414935,-323.9451848084147,49.609375,7,-21.40586123426903,33.387815128969514,49.609375
313,2011-05-07 20:46:41.857332468,-177.97164959699484,-85.46480882028985,0.390625,7,-19.264267139764172,34.307236093442874,0.390625
314,2011-05-07 22:51:29.537979364,-95.58714711292599,14.63806505126873,21.484375,12,-18.365602979662977,35.09557353448599,21.484375
315,2011-05-07 23:31:45.223130941,-269.8620562138408,-184.58628196761748,19.140625,6,-20.14858641668281,33.41945721911057,19.140625
316,2011-05-08 00:34:28.457153320,-138.89182149557752,27.396274466271297,51.953125,10,-18.24798005816051,34.68676932780769,51.953125
317,2011-05-08 01:56:46.523454666,-136.7793983549604,1.8798556362661691,0.390625,9,-18.478589609930502,34.70502078791268,0.390625
318,2011-05-08 11:45:39.710100889,-135.72318678465183,31.321877363195163,69.140625,6,-18.21272503420003,34.71698338472002,69.140625
319,2011-05-08 16:54:45.872269154,-399.77607936179544,-153.18145879222658,0.390625,10,-19.842978013121645,32.185722982618294,0.390625
320,2011-05-08 19:35:28.017421246,-324.78505786988666,77.44771140205059,0.390625,6,-17.77631527906545,32.9382736535083,0.390625
321,2011-05-08 20:19:41.945331573,-273.0306909247665,-299.41016670264054,50.390625,8,-21.18418393339434,33.37140459318989,50.390625
322,2011-05-08 20:35:42.647288799,-91.36230083169171,-214.02830369454648,12.109375,7,-20.431246034168915,35.1245655826196,12.109375
323,2011-05-08 23:20:19.666053772,-118.82380165971465,41.13588460550482,42.578125,6,-18.125075954233694,34.877279123637535,42.578125
324,2011-05-09 01:20:32.298550844,-160.016052901749,-108.0370254776021,2.734375,11,-19.469606794480228,34.47607840516033,2.734375
325,2011-05-09 02:18:34.644207954,-279.36796034661796,-285.67055656340705,0.390625,8,-21.059266792881076,33.31267841526813,0.390625
326,2011-05-09 02:26:02.567495584,-283.5928066278522,-300.3915674268715,50.390625,7,-21.191426213810246,33.269641191847406,50.390625
327,2011-05-09 02:32:55.293376923,-86.08124298014882,81.37331429897445,69.140625,8,-17.76311939107207,35.188283367580404,69.140625
328,2011-05-09 03:41:40.295711279,-164.2408991829833,-62.89259216297762,0.390625,10,-19.061590189251408,34.43971674451835,0.390625
329,2011-05-09 04:22:26.179691315,-168.4657454642176,-104.11142258067824,0.390625,11,-19.43346388889866,34.39597870728605,0.390625
330,2011-05-09 19:31:58.532330035,-269.8620562138408,-278.8007514937903,99.609375,8,-20.998704626573833,33.40512017405921,99.609375
331,2011-05-09 20:11:25.104263783,0.5281057851542873,62.726700538586094,99.609375,10,-17.933275431698984,36.00498472860349,99.609375
332,2011-05-09 22:20:30.275120020,-293.09871076062944,-342.591798568803,99.609375,8,-21.570594232881103,33.17089083095186,99.609375
333,2011-05-10 01:51:25.199087143,-222.3325355499549,-172.8094732768459,25.390625,7,-20.048354040809095,33.87513186744073,25.390625
334,2011-05-10 02:39:21.675478697,-152.622571909589,-94.29741533836855,12.890625,10,-19.346106192218386,34.54757556157912,12.890625
335,2011-05-10 06:24:43.400815964,-156.8474181908233,20.526469396654534,49.609375,6,-18.308786844263693,34.516510079531756,49.609375
336,2011-05-10 14:28:25.531190157,-147.34151405804613,52.91269329627642,58.203125,6,-18.016945670175048,34.608716974490044,58.203125
337,2011-05-10 15:07:41.449624300,-277.2555372060007,-258.19133628493995,71.484375,6,-20.811661662245513,33.337370630827024,71.484375
338,2011-05-10 21:03:00.759665966,-218.10768926872066,-183.6048812433865,6.640625,9,-20.146284255307815,33.91419864800012,6.640625
339,2011-05-10 22:35:07.252936840,-158.95984133144043,-33.45057043604863,16.796875,14,-18.79611702212725,34.49226110603751,16.796875
340,2011-05-11 12:09:09.950719833,-146.28530248773757,30.340476638964194,52.734375,6,-18.220895436963236,34.617088351423156,52.734375
341,2011-05-11 18:06:45.131362677,-139.94803306588614,40.154483881273855,57.421875,6,-18.132673742388096,34.67765382696607,57.421875
342,2011-05-11 19:15:37.213478327,14.258856199165756,50.94989184781449,99.609375,10,-18.039632511589915,36.13466821441822,99.609375
343,2011-05-11 19:57:59.276243925,-169.52195703452622,-49.15298202374409,12.890625,8,-18.937083757029804,34.39075477736016,12.890625
344,2011-05-11 20:38:02.442334890,-130.44212893310893,21.5078701208855,0.390625,12,-18.301699222072674,34.76627170015819,0.390625
345,2011-05-11 20:44:00.740294456,-165.29711075329192,-57.00418781759183,0.390625,9,-19.008329084199843,34.430185408622044,0.390625
346,2011-05-12 00:33:01.414270163,-160.016052901749,-52.097184196437,13.671875,10,-18.964433379277217,34.48072796685375,13.671875
347,2011-05-12 00:43:33.817817926,-202.264515714092,-92.33461388990662,16.015625,7,-19.32400771248036,34.07554219941444,16.015625
348,2011-05-12 00:49:21.358330250,-247.68161323736075,-116.86963199568078,0.390625,8,-19.54038966375911,33.6404678419312,0.390625
349,2011-05-12 01:49:09.640015125,-154.73499505020612,-23.63656319373896,0.390625,10,-18.707802743306328,34.53309018267703,0.390625
350,2011-05-12 02:52:46.175569534,-154.73499505020612,-23.63656319373896,4.296875,12,-18.707802743306328,34.53309018267703,4.296875
351,2011-05-12 03:08:02.571471453,-155.79120662051469,28.377675190502263,59.765625,6,-18.23795394258676,34.52709601589434,59.765625
352,2011-05-12 03:19:44.543916225,-203.32072728440062,-38.357574057203465,37.109375,6,-18.836551849631416,34.07114850759915,37.109375
353,2011-05-12 03:23:11.279284716,-166.35332232360048,-28.543566814893797,0.390625,7,-18.75122319610827,34.422565315009415,0.390625
354,2011-05-12 05:50:45.085576057,-148.39772562835475,22.489270845116465,52.734375,6,-18.29166293809342,34.596553360017744,52.734375
355,2011-05-12 06:10:29.635646820,-155.79120662051469,-30.50636826335573,33.984375,8,-18.769767434470833,34.522540097129934,33.984375
356,2011-05-12 08:41:55.206129313,-134.66697521434324,-32.46916971181766,29.296875,6,-18.788971561037208,34.72270036485536,29.296875
357,2011-05-12 18:55:30.139682770,-157.90362976113187,-67.79959578413246,12.109375,14,-19.10640401778529,34.4995058446615,12.109375
358,2011-05-12 21:24:49.559126854,-223.38874712026347,-114.90683054721885,0.390625,8,-19.5255449579665,33.872000014178305,0.390625
359,2011-05-12 21:25:41.162577152,-123.04864794094895,-99.2044189595234,42.578125,12,-19.39245145492337,34.828648609708296,42.578125
360,2011-05-12 22:32:44.297600985,-223.38874712026347,-170.84667182838393,0.390625,12,-20.03051480258506,33.86528219636741,0.390625
361,2011-05-12 22:35:01.313936710,-131.49834050341755,87.26171864436024,82.421875,6,-17.707687409285896,34.76044234798332,82.421875
362,2011-05-13 01:13:32.589427948,-187.47755372977196,-74.66940085374924,0.390625,10,-19.16593112745218,34.217904123761784,0.390625
363,2011-05-13 03:23:11.535753489,-286.76144133877796,-310.2055746691812,24.609375,6,-21.27946519215663,33.237511191494185,24.609375
364,2011-05-13 06:50:38.440078497,-293.09871076062944,-287.6333580118689,91.796875,6,-21.07483265103908,33.180382486337066,91.796875
365,2011-05-13 18:22:51.423410416,-249.79403637797793,-170.84667182838393,18.359375,12,-20.027292188354966,33.613106696106605,18.359375
366,2011-05-13 19:09:38.899732828,-158.95984133144043,-86.44620954452083,0.390625,7,-19.274714397328633,34.487934605795374,0.390625
367,2011-05-13 20:43:30.424863577,-126.21728265187467,131.42475123475376,92.578125,6,-17.30904735851405,34.81281081220366,92.578125
368,2011-05-13 21:40:33.050609589,-141.0042446361947,21.5078701208855,55.078125,7,-18.301027930369983,34.66639384396523,55.078125
369,2011-05-13 22:15:50.040450335,-166.35332232360048,-39.33897478143443,27.734375,12,-18.848714591370392,34.42165657223656,27.734375
370,2011-05-13 22:42:06.393078804,-181.14028430792052,-59.948389990284724,15.234375,11,-19.033576887388058,34.27949837943592,15.234375
371,2011-05-14 01:09:15.000590086,-151.56636033928044,-29.524967539124763,12.109375,10,-18.761216341919408,34.562672464413474,12.109375
372,2011-05-14 01:19:14.272537947,-190.6461884406977,-105.09282330490919,0.390625,11,-19.440336273602565,34.18476671305421,0.390625
373,2011-05-14 02:01:05.741205215,-162.12847604236617,-86.44620954452083,0.390625,9,-19.27446257979044,34.457801799262754,0.390625
374,2011-05-14 02:44:13.861047268,-257.1875173701379,-316.09397901456697,55.859375,8,-21.33702937294275,33.521303384662644,55.859375
375,2011-05-14 03:41:32.361448288,-157.90362976113187,-71.72519868105633,5.859375,14,-19.141855487181413,34.4991857280842,5.859375
376,2011-05-14 08:54:09.036702394,-176.91543802668622,-94.29741533836855,19.140625,6,-19.344117000504525,34.316462914076084,19.140625
377,2011-05-14 09:51:54.224866629,-402.9447140727212,-146.31165372260978,0.390625,8,-19.780412692706747,32.157031323983375,0.390625
378,2011-05-14 13:21:21.776383638,-168.4657454642176,-32.46916971181766,6.640625,9,-18.78650443987029,34.40220612928353,6.640625
379,2011-05-14 16:23:43.323369741,-176.91543802668622,-60.92979071451569,15.234375,7,-19.04280842445532,34.31952457204871,15.234375
380,2011-05-14 17:49:59.047153950,-150.51014876897187,-28.543566814893797,20.703125,7,-18.752429545526137,34.57276092354542,20.703125
381,2011-05-14 19:15:03.605316162,-38.55172231626296,-100.18581968375437,1.953125,8,-19.404719660210898,35.63296447615653,1.953125
382,2011-05-14 22:55:56.005761147,-483.21679341617295,-453.4900804069022,70.703125,9,-22.52756188847352,31.306649424747384,70.703125
383,2011-05-15 01:14:55.262406348,-151.56636033928044,-46.20877985105119,0.390625,8,-18.91189400997678,34.56138987626808,0.390625
384,2011-05-15 01:25:58.396767378,-126.21728265187467,40.154483881273855,45.703125,6,-18.133521046883757,34.807371672342846,45.703125
385,2011-05-15 02:11:12.157074213,-152.622571909589,-31.487768987586694,11.328125,11,-18.778865929731065,34.55250729179411,11.328125
386,2011-05-15 08:47:43.013133049,-158.95984133144043,-24.617963917969927,37.890625,8,-18.71634830453513,34.49296963240607,37.890625
387,2011-05-15 11:26:14.921544313,-154.73499505020612,-11.85975450296736,30.859375,6,-18.601441319237903,34.53400389094546,30.859375
388,2011-05-15 12:57:01.916176558,-400.83229093210406,-146.31165372260978,0.390625,8,-19.780844381098568,32.17714438060984,0.390625
389,2011-05-15 20:01:46.945240974,-169.52195703452622,-95.2788160625995,0.390625,9,-19.35361558898697,34.38671138020595,0.390625
390,2011-05-15 20:37:50.875874281,-141.0042446361947,-35.41337188451056,19.921875,7,-18.8151422546656,34.662393871848586,19.921875
391,2011-05-15 21:51:39.836477757,-246.6254016670522,-166.92106893146007,0.390625,7,-19.992267764699427,33.64389291914255,0.390625
392,2011-05-16 00:03:46.023744345,-260.35615208106356,-293.5217623572548,24.609375,7,-21.132905074234074,33.49423269745645,24.609375
393,2011-05-16 01:23:20.867959023,-179.0278611673034,-100.18581968375437,36.328125,11,-19.39710065501277,34.295814771088,36.328125
394,2011-05-16 01:51:02.170025349,-324.78505786988666,77.44771140205059,0.390625,8,-17.77631527906545,32.9382736535083,0.390625
395,2011-05-16 02:31:52.513391018,-161.0722644720576,-40.320375505665396,8.984375,14,-18.857995427333936,34.47166904731062,8.984375
396,2011-05-16 04:31:48.502308846,-153.67878347989756,-28.543566814893797,23.828125,9,-18.752197916159794,34.542720895046784,23.828125
397,2011-05-16 12:59:36.547981739,-150.51014876897187,-55.041386369129896,0.390625,8,-18.99174124344111,34.57073352688044,0.390625
398,2011-05-17 01:20:45.410030842,-251.90645951859506,-155.14426024068848,0.390625,9,-19.885302839510896,33.59508415444315,0.390625
399,2011-05-17 07:26:28.532277821,-147.34151405804613,-36.39477260874153,19.140625,10,-18.82356510630585,34.60221642478363,19.140625
400,2011-05-17 16:40:05.312809467,-399.77607936179544,-140.423249377224,0.390625,10,-19.727985841608863,32.188463634991685,0.390625
401,2011-05-17 21:23:06.540624380,-160.016052901749,-59.948389990284724,5.859375,11,-19.03533665025334,34.480084190645755,5.859375
402,2011-05-18 00:42:25.110684872,-261.4123636513722,-310.2055746691812,87.890625,8,-21.283293334852218,33.48152164042232,87.890625
403,2011-05-18 14:11:13.105628490,-271.97447935445797,-210.10270079762262,0.390625,10,-20.378535150306014,33.395431624291845,0.390625
404,2011-05-18 16:08:09.965142488,-162.12847604236617,-33.45057043604863,22.265625,7,-18.79587191877673,34.4622144369205,22.265625
405,2011-05-18 17:38:16.789202213,-280.4241719169266,-283.7077551149451,25.390625,7,-21.04139752564744,33.30284612266602,25.390625
406,2011-05-18 19:01:26.932425261,-263.5247867919894,-312.16837611764305,0.390625,7,-21.30069779053408,33.460881111284685,0.390625
407,2011-05-18 21:32:32.538221121,-264.5809983622979,-320.0195819114908,74.609375,7,-21.371382944036167,33.44948680123908,74.609375
408,2011-05-18 21:42:22.262471676,-172.6905917454519,-32.46916971181766,6.640625,14,-18.7861574110226,34.36214802116799,6.640625
409,2011-05-18 21:58:35.557574272,-168.4657454642176,-33.45057043604863,6.640625,12,-18.79536721656768,34.40212251545432,6.640625
410,2011-05-18 22:38:27.293658733,-98.7557818238517,82.3547150232054,0.390625,10,-17.753722000683158,35.06882349940987,0.390625
411,2011-05-19 02:12:03.395239115,-126.21728265187467,-168.88387037992203,61.328125,11,-20.021555238639888,34.79378116166826,61.328125
412,2011-05-19 18:39:50.046050549,-205.43315042501774,-235.61911962762775,0.390625,10,-20.617227362729942,34.02939402707975,0.390625
413,2011-05-19 19:24:26.976056814,-126.21728265187467,19.545068672423568,49.609375,6,-18.319682638238806,34.80610248979272,49.609375
414,2011-05-19 22:12:35.243698835,-148.39772562835475,-25.599364642200893,25.390625,13,-18.725990475858467,34.59300810394634,25.390625
415,2011-05-19 22:39:49.636011600,-165.29711075329192,-67.79959578413246,0.390625,13,-19.10581814091935,34.42926773656658,0.390625
416,2011-05-20 00:27:35.278218746,-296.2673454715552,-186.54908341607938,0.390625,10,-20.162415018244772,33.16685915859076,0.390625
417,2011-05-20 00:31:58.360166788,-260.35615208106356,-311.18697539341207,5.859375,6,-21.29230038971217,33.49153963182987,5.859375
418,2011-05-20 01:28:14.072325468,-156.8474181908233,30.340476638964194,5.859375,14,-18.22014934976979,34.517262898615215,5.859375
419,2011-05-20 01:32:58.129259825,-163.18468761267474,-39.33897478143443,12.109375,11,-18.84896690099503,34.45171205652433,12.109375
420,2011-05-20 03:25:10.914859056,-121.99243637064036,32.30327808742613,43.359375,6,-18.20468433358978,34.846820654680386,43.359375
421,2011-05-20 03:57:52.684210062,-168.4657454642176,-42.28317695412733,25.390625,6,-18.875131812103824,34.40136788513631,25.390625
422,2011-05-20 12:17:00.975115776,-297.3235570418638,-297.4473652541786,25.390625,6,-21.16268098744563,33.13807847500349,25.390625
423,2011-05-20 14:08:57.374026537,-395.5512330805611,-140.423249377224,0.390625,8,-19.728837728063898,32.228678612127865,0.390625
424,2011-05-20 16:20:14.646177769,-137.83560992526895,35.247480260119026,56.640625,6,-18.177132449486873,34.6972814783433,56.640625
425,2011-05-20 17:08:48.623693705,-270.91826778414935,-284.68915583917607,77.734375,8,-21.051678405655274,33.39404814906116,77.734375
426,2011-05-20 20:55:26.618272781,-109.31789752693747,31.321877363195163,0.390625,7,-18.21423227944632,34.96656404424479,0.390625
427,2011-05-20 21:21:55.568459988,-280.4241719169266,-265.0611413545567,99.609375,10,-20.87316714338172,33.30586214331475,99.609375
428,2011-05-20 22:01:08.445136309,-161.0722644720576,-50.13438274797505,10.546875,10,-18.946625069140108,34.47086396141344,10.546875
429,2011-05-21 00:45:18.596052408,-269.8620562138408,-292.5403616330238,99.609375,7,-21.122672370767784,33.4029684098714,99.609375
430,2011-05-21 01:51:50.288927078,-224.4449586905721,-115.88823127144983,10.546875,8,-19.534285590337326,33.861827128711454,10.546875
431,2011-05-21 17:45:46.549493313,-156.8474181908233,-32.46916971181766,22.265625,10,-18.78741450249112,34.512370329153015,22.265625
432,2011-05-21 17:58:18.907898188,-204.37693885470918,-233.6563181791658,0.390625,8,-20.59962411384675,34.039747923670696,0.390625
433,2011-05-21 18:04:24.988550901,-204.37693885470918,-214.02830369454648,73.828125,8,-20.422437304648046,34.04200203668165,73.828125
434,2011-05-21 18:57:40.505053997,-105.09305124570317,28.377675190502263,0.390625,9,-18.24103959961072,35.00634810993745,0.390625
435,2011-05-21 21:02:09.562213421,-126.21728265187467,33.284678811657095,48.046875,8,-18.195575321201286,34.806950302396054,48.046875
436,2011-05-21 21:10:57.639145374,-129.38591736280037,27.396274466271297,0.390625,13,-18.248575319597478,34.77663260670405,0.390625
437,2011-05-21 22:33:04.860039473,-115.6551669487889,27.396274466271297,0.390625,10,-18.249360719536714,34.906440920948654,0.390625
438,2011-05-21 23:53:48.593458414,-206.4893619953263,-237.58192107608966,0.390625,7,-20.634829763949714,34.019037620011765,0.390625
439,2011-05-22 01:56:28.173955679,-124.10485951125752,25.433473017809362,0.390625,8,-18.266617550957946,34.82643901103106,0.390625
440,2011-05-22 09:11:23.591864824,-166.35332232360048,-56.02278709336086,6.640625,8,-18.999381021122165,34.42024113918532,6.640625
441,2011-05-22 10:02:50.871701002,-142.06045620650326,-22.655162469507996,30.078125,6,-18.699840609324603,34.6532911255907,30.078125
442,2011-05-22 14:03:05.129968405,-132.55455207372611,-79.57640447490405,29.296875,6,-19.214574230860535,34.7395324411672,29.296875
443,2011-05-22 15:30:11.707326651,-389.2139636587097,-136.49764648030015,0.390625,6,-19.69471203239419,32.28982237275667,0.390625
444,2011-05-22 16:08:47.787076235,-398.71986779148693,-129.62784141068337,25.390625,7,-19.630896013288513,32.20081516150883,25.390625
445,2011-05-22 16:31:57.691317081,-113.54274380817175,30.340476638964194,25.390625,8,-18.222878150241016,34.926575208125776,25.390625
446,2011-05-22 17:07:21.084351063,-222.3325355499549,-223.84231093685617,75.390625,8,-20.509003283619005,33.86884462903251,75.390625
447,2011-05-22 20:27:09.657829046,-134.66697521434324,-10.878353778736395,28.515625,14,-18.593960825225896,34.72416172379104,28.515625
448,2011-05-22 20:27:52.653739214,-263.5247867919894,-265.0611413545567,60.546875,8,-20.875646711300398,33.46809725308144,60.546875
449,2011-05-23 00:45:55.666217804,-166.35332232360048,-52.097184196437,13.671875,14,-18.963930325558696,34.42057538762368,13.671875
450,2011-05-23 01:19:11.746309996,-269.8620562138408,-170.84667182838393,0.390625,6,-20.02460313708134,33.42148774936297,0.390625
451,2011-05-23 02:29:13.717104912,-161.0722644720576,-78.5950037506731,0.390625,8,-19.203646045241648,34.468503781180125,0.390625
452,2011-05-23 02:30:13.680817842,-170.5781686048348,-72.7065994052873,15.234375,12,-19.14969503414908,34.378666918924324,15.234375
453,2011-05-23 02:42:13.517007350,-267.74963307322366,-289.59615946033085,99.609375,9,-21.096417920891103,33.423740611154166,99.609375
454,2011-05-23 13:33:41.194677591,-162.12847604236617,-57.98558854182279,0.390625,7,-19.01744487024617,34.46018796993173,0.390625
455,2011-05-23 16:08:19.263111590,-250.8502479482865,-292.5403616330238,99.609375,7,-21.125377752672794,33.58580198907006,99.609375
456,2011-05-23 20:58:48.841492891,-325.84126944019516,71.55930705666479,42.578125,6,-17.829285478443932,32.92741723231295,42.578125
457,2011-05-23 21:13:14.000815392,-176.91543802668622,-53.078584920667964,14.453125,13,-18.971910788653286,34.32023663810344,14.453125
458,2011-05-23 21:51:38.295950413,-167.40953389390904,-46.20877985105119,11.328125,14,-18.910668536468076,34.41105329524097,11.328125
459,2011-05-23 21:54:31.135906219,-153.67878347989756,-57.00418781759183,12.109375,11,-19.00923274294311,34.540496285786794,12.109375
460,2011-05-24 02:12:36.148360729,-187.47755372977196,-85.46480882028985,10.546875,10,-19.263407885174516,34.216853104629216,10.546875
461,2011-05-24 18:40:22.693384409,-131.49834050341755,20.526469396654534,23.828125,9,-18.310499039070624,34.75622043484515,23.828125
462,2011-05-24 21:53:33.266266583,-270.91826778414935,-152.2000580679956,19.140625,11,-19.85619110306303,33.414145516277486,19.140625
463,2011-05-24 22:10:15.742020130,-262.4685752216808,-154.1628595164575,0.390625,10,-19.875055953064173,33.49445902877603,0.390625
464,2011-05-24 22:13:48.019241571,-262.4685752216808,-155.14426024068848,0.390625,10,-19.883912618055703,33.494319720101025,0.390625
465,2011-05-24 22:18:33.572775126,-262.4685752216808,-155.14426024068848,0.390625,11,-19.883912618055703,33.494319720101025,0.390625
466,2011-05-25 01:13:18.288125515,-155.79120662051469,-72.7065994052873,1.953125,11,-19.15088121324634,34.51917943370156,1.953125
467,2011-05-25 01:31:35.289976597,-270.91826778414935,-151.21865734376462,14.453125,8,-19.847334964459233,33.41428906215685,14.453125
468,2011-05-25 16:22:16.821997166,-258.24372894044643,-157.10706168915044,0.390625,9,-19.902189381210594,33.53435010190408,0.390625
469,2011-05-25 16:44:39.354247570,-119.88001323002321,-7.934151606043495,29.296875,9,-18.56826318033729,34.864408368859756,29.296875
470,2011-05-25 17:22:09.795969009,-100.86820496446886,58.80109764166223,33.984375,6,-17.966407455178402,35.04777528421008,33.984375
471,2011-05-25 18:42:29.116250277,-284.64901819816083,-265.0611413545567,76.171875,6,-20.87252326080347,33.26530713171775,76.171875
472,2011-05-25 19:33:31.848797798,-265.63720993260654,-303.33576959956434,99.609375,10,-21.220695514399875,33.44192045035056,99.609375
473,2011-05-25 20:06:22.159733534,-262.4685752216808,-152.2000580679956,0.390625,14,-19.85734259388159,33.49473742107011,0.390625
474,2011-05-25 20:10:54.910188198,-263.5247867919894,-150.23725661953364,0.390625,11,-19.839487385381954,33.48494233308114,0.390625
475,2011-05-25 20:20:12.865319252,-116.7113785190975,28.377675190502263,0.390625,8,-18.240438326398024,34.89651138889622,0.390625
476,2011-05-25 20:27:03.081666470,-262.4685752216808,-154.1628595164575,0.390625,10,-19.875055953064173,33.49445902877603,0.390625
477,2011-05-25 20:41:43.842657804,-218.10768926872066,-96.26021678683048,27.734375,12,-19.357794550320147,33.92442413464124,27.734375
478,2011-05-25 21:20:09.128945112,-263.5247867919894,-152.2000580679956,0.390625,7,-19.857200646502683,33.48466312532387,0.390625
479,2011-05-25 21:54:30.553538561,-401.88850250241256,-196.36309065838913,0.390625,8,-20.2317273146076,32.15613320824535,0.390625
480,2011-05-25 22:51:43.460512638,-260.35615208106356,-156.12566096491946,0.390625,13,-19.89305200778475,33.51433365721343,0.390625
481,2011-05-25 23:02:17.662678957,-262.4685752216808,-150.23725661953364,0.390625,7,-19.83962919579176,33.495015513416384,0.390625
482,2011-05-25 23:09:11.700188637,-270.91826778414935,-149.25585589530272,20.703125,11,-19.82962265790795,33.41457592182169,20.703125
483,2011-05-26 00:08:39.770363331,-74.46291570675452,83.33611574743638,0.390625,12,-17.74580941559895,35.29790287981069,0.390625
484,2011-05-26 01:04:55.448904276,-132.55455207372611,23.47067156934743,24.609375,6,-18.28383998768505,34.746423269629204,24.609375
485,2011-05-26 03:13:34.178058386,-270.91826778414935,-153.18145879222658,19.140625,11,-19.865047231880467,33.41400189300737,19.140625
486,2011-05-26 03:20:00.839895725,-270.91826778414935,-152.2000580679956,12.890625,12,-19.85619110306303,33.414145516277486,12.890625
487,2011-05-26 03:27:07.995935440,-273.0306909247665,-263.09833990609485,62.890625,7,-20.856561150099008,33.37714452560327,62.890625
488,2011-05-26 04:03:49.496127367,-262.4685752216808,-154.1628595164575,0.390625,7,-19.875055953064173,33.49445902877603,0.390625
489,2011-05-26 04:40:50.197174311,-262.4685752216808,-151.21865734376462,0.390625,8,-19.848485899698176,33.494876504727216,0.390625
490,2011-05-26 11:27:48.851344824,-102.98062810508601,28.377675190502263,0.390625,8,-18.241142157808273,35.02631886887218,0.390625
491,2011-05-26 21:19:53.021344662,-153.67878347989756,-182.62348051915552,74.609375,8,-20.14364181719763,34.53024254931124,74.609375
492,2011-05-26 21:36:54.515358686,-229.72601654211496,-110.98122765029498,0.390625,9,-19.489388204315755,33.81214035509727,0.390625
493,2011-05-26 22:45:40.333219767,-161.0722644720576,-38.357574057203465,11.328125,11,-18.840269393769958,34.47182952662758,11.328125
494,2011-05-27 01:38:26.658560991,-134.66697521434324,17.58226722396163,36.328125,6,-18.336894898329877,34.72606057420391,36.328125
495,2011-05-27 02:51:16.586264133,-131.49834050341755,23.47067156934743,48.046875,7,-18.283905222274708,34.756410190359325,48.046875
496,2011-05-27 02:52:12.483424664,-94.5309355426174,68.61510488397188,0.390625,7,-17.878032059382623,35.10803925235062,0.390625
497,2011-05-27 04:18:51.365029573,-160.016052901749,-91.35321316567564,22.265625,8,-19.318944068534567,34.477480411230346,22.265625
498,2011-05-27 10:00:16.270063877,-33.2706644647201,31.321877363195163,99.609375,10,-18.216758691312517,35.68545894081939,99.609375
499,2011-05-27 10:23:50.214580297,-384.98911737747534,-143.3674515499169,0.390625,7,-19.75746921117314,32.32861752954739,0.390625
500,2011-05-27 14:06:09.623090267,-405.0571372133383,-141.404650101455,0.390625,8,-19.73575344126406,32.137984984059834,0.390625
501,2011-05-27 15:51:26.089118719,-198.0396694328577,-82.52060664759696,0.390625,11,-19.23581784822889,34.11673680123169,0.390625
502,2011-05-27 15:57:59.381504536,-193.8148231516234,-91.35321316567564,0.390625,8,-19.315977156828563,34.156005104770635,0.390625
503,2011-05-27 17:22:38.707909346,-98.7557818238517,31.321877363195163,0.390625,12,-18.214744271458517,35.066402658861065,0.390625
504,2011-05-27 18:49:46.735614300,-163.18468761267474,-54.05998564489893,13.671875,14,-18.981909912040294,34.450487586184494,13.671875
505,2011-05-27 23:19:26.295246601,-265.63720993260654,-268.00534352724964,25.390625,10,-20.901911128353596,33.447367266168804,25.390625
506,2011-05-27 23:49:20.142455816,-171.63438017514335,-57.00418781759183,12.109375,13,-19.0078084664666,34.37001853677865,12.109375
507,2011-05-28 00:17:55.073166132,-168.4657454642176,-31.487768987586694,37.109375,6,-18.777641654414033,34.40228969635733,37.109375
508,2011-05-28 04:21:21.704069376,-100.86820496446886,78.42911212628154,37.109375,6,-17.789090242216194,35.04871970154083,37.109375
509,2011-05-28 04:36:49.971056461,-203.32072728440062,-43.26457767835829,43.359375,6,-18.880857481364984,34.07064183506685,43.359375
510,2011-05-28 07:19:27.130359888,-465.2611967209271,-77.61360302644212,0.390625,8,-19.147935398215854,31.58077203164099,0.390625
511,2011-05-28 10:43:11.987040758,-249.79403637797793,-284.68915583917607,99.609375,7,-21.05467336660465,33.59710045247817,99.609375
512,2011-05-28 15:46:00.943620920,-412.4506182054983,-132.57204358337628,27.734375,7,-19.65462105555639,32.06956117908593,27.734375
513,2011-05-28 21:20:30.225199461,-263.5247867919894,-307.26137249648826,49.609375,7,-21.25642274179523,33.461641199214874,49.609375
514,2011-05-28 21:30:36.215971947,-259.29994051075505,-290.57756018456183,87.890625,8,-21.106488722610656,33.504835373060715,87.890625
515,2011-05-28 21:59:30.614181757,-276.1993256356922,-305.2985710480263,99.609375,9,-21.236832272441884,33.33997126465103,99.609375
516,2011-05-28 22:50:10.799445391,-279.36796034661796,-311.18697539341207,0.390625,8,-21.289472101453978,33.30851403523144,0.390625
517,2011-05-29 00:03:19.953768492,-164.2408991829833,-89.39041171721371,0.390625,8,-19.30087930180191,34.437461254817045,0.390625
518,2011-05-29 00:28:57.883237362,-428.293791760127,-51.11578347220602,92.578125,10,-18.917267235446,31.93703867429332,92.578125
519,2011-05-29 00:45:32.919306517,-189.58997687038908,-92.33461388990662,0.390625,10,-19.325240290069548,34.19608894791889,0.390625
520,2011-05-29 02:06:33.735809326,-257.1875173701379,-71.72519868105633,25.390625,12,-19.131735306646295,33.55604395536452,25.390625
521,2011-05-29 02:25:57.447973013,-270.91826778414935,-316.09397901456697,50.390625,7,-21.335025998529648,33.389072060075826,50.390625
522,2011-05-29 04:23:34.097321272,-262.4685752216808,-252.30293193955413,25.390625,6,-20.76067363388358,33.480153562307514,25.390625
523,2011-05-29 09:56:31.562492609,-406.1133487836469,-126.68363923799045,25.390625,6,-19.602860161795487,32.13112121981219,25.390625
524,2011-05-29 17:19:22.113438129,-280.4241719169266,23.47067156934743,0.390625,6,-18.269565770313882,33.34882232415125,0.390625
525,2011-05-29 17:19:27.264389753,-298.3797686121723,3.8426570847281014,0.390625,7,-18.444255152720196,33.1763343126669,0.390625
526,2011-05-29 17:20:07.606767893,-202.264515714092,-193.4188884856962,99.609375,7,-20.2366110982228,34.06454810196634,99.609375
527,2011-05-29 20:30:05.156175375,-285.70522976846934,-233.6563181791658,87.109375,6,-20.58902894051549,33.260275003387136,87.109375
528,2011-05-29 21:50:34.349280834,-168.4657454642176,-36.39477260874153,0.390625,10,-18.82195549407081,34.40187139332151,0.390625
529,2011-05-29 23:02:45.115442753,-120.9362248003318,11.693862878575834,0.390625,8,-18.390907576526388,34.855581746347234,0.390625
530,2011-05-29 23:41:20.460762739,-166.35332232360048,-58.96698926605376,7.421875,8,-19.02596895003045,34.419989965284614,7.421875
531,2011-05-30 03:19:59.983216286,-275.1431140653836,-130.60924213491433,24.609375,6,-19.660770666799337,33.3770406662678,24.609375
532,2011-05-30 10:14:50.238671780,-113.54274380817175,76.4663106778196,49.609375,10,-17.80620412416209,34.92909578933529,49.609375
533,2011-05-30 20:07:03.749273062,-262.4685752216808,-325.90798625687665,49.609375,7,-21.42482073881456,33.468920249067125,49.609375
534,2011-05-30 22:38:13.491722345,-277.2555372060007,-291.5589609087928,99.609375,9,-21.112712832591573,33.33203288306667,99.609375
535,2011-05-30 23:35:33.256883383,-105.09305124570317,39.17308315704289,12.109375,6,-18.14351950798336,35.00690045206938,12.109375
536,2011-05-31 00:48:48.430594921,-149.4539371986633,27.396274466271297,55.859375,6,-18.24726922500394,34.586925432349396,55.859375
537,2011-05-31 01:35:51.723186731,-261.4123636513722,-154.1628595164575,0.390625,8,-19.87519746855201,33.50453452803444,0.390625
538,2011-05-31 20:38:18.513065100,-158.95984133144043,-86.44620954452083,0.390625,6,-19.274714397328633,34.487934605795374,0.390625
539,2011-05-31 22:29:12.296254158,-78.6877619879888,67.63370415974093,0.390625,9,-17.887525173996107,35.2574829000092,0.390625
540,2011-05-31 23:18:23.852771044,-128.3297057924918,17.58226722396163,6.640625,12,-18.337285953668573,34.78600051169337,6.640625
541,2011-05-31 23:42:55.574312687,-283.5928066278522,-173.79087400107682,0.390625,8,-20.0492091752595,33.28994274091032,0.390625
542,2011-05-31 23:58:11.278599739,-133.61076364403468,22.489270845116465,19.921875,12,-18.29263877776953,34.73637216045641,19.921875
543,2011-06-01 02:05:24.448747158,-151.56636033928044,-29.524967539124763,16.015625,6,-18.761216341919408,34.562672464413474,16.015625
544,2011-06-01 19:09:46.085416079,-270.91826778414935,-109.99982692606403,53.515625,6,-19.47536835710107,33.420248363129275,53.515625
545,2011-06-01 22:53:16.221533537,-157.90362976113187,-29.524967539124763,12.109375,6,-18.760744810014153,34.50259001371368,12.109375
546,2011-06-02 01:46:56.434614420,-43.83278016780584,34.26607953588806,76.953125,8,-18.189969251120488,35.58566920412392,76.953125
547,2011-06-02 03:24:56.150547028,-168.4657454642176,-30.50636826335573,46.484375,6,-18.76877886020249,34.40237321668697,46.484375
548,2011-06-02 05:46:18.617417574,-168.4657454642176,-91.35321316567564,18.359375,6,-19.31825540986023,34.397106132937786,18.359375
549,2011-06-02 18:55:41.352664471,-132.55455207372611,24.452072293578397,39.453125,7,-18.274975399038006,34.74648695648194,39.453125
550,2011-06-02 23:22:01.794015408,-137.83560992526895,-156.12566096491946,6.640625,8,-19.9055483222804,34.68372578683743,6.640625
551,2011-06-03 02:41:12.071817875,-160.016052901749,-26.58076536643186,0.390625,8,-18.73399387026284,34.482800542010125,0.390625
552,2011-06-03 16:29:09.209322453,-203.32072728440062,-46.20877985105119,34.765625,6,-18.907440752929844,34.070337152959446,34.765625
553,2011-06-03 20:45:47.640146017,-145.229090917429,19.545068672423568,0.390625,8,-18.318473063575794,34.626304115736005,0.390625
554,2011-06-03 23:35:20.860570908,-96.64335868323455,83.33611574743638,4.296875,6,-17.744949491653266,35.08878471286048,4.296875
555,2011-06-04 00:02:02.110805750,-157.90362976113187,-27.562166090662824,31.640625,14,-18.74301833806121,34.50274637520077,31.640625
556,2011-06-04 00:09:47.736681938,-379.70805952593247,-124.7208377895285,25.390625,6,-19.59039015791052,32.38268308613813,25.390625
557,2011-06-04 00:57:57.254788876,-157.90362976113187,-27.562166090662824,25.390625,13,-18.74301833806121,34.50274637520077,25.390625
558,2011-06-04 01:54:05.695492029,-33.2706644647201,87.26171864436024,98.046875,6,-17.71134665800111,35.68635183167248,98.046875
559,2011-06-04 02:42:48.997635126,-115.6551669487889,30.340476638964194,0.390625,9,-18.222765303032013,34.906607164540354,0.390625
560,2011-06-04 07:29:02.545858383,-135.72318678465183,48.005689675121594,77.734375,6,-18.06202649317396,34.71808183137172,77.734375
561,2011-06-04 10:22:22.790923357,-116.7113785190975,100.01992805936281,0.390625,12,-17.593263620128567,34.90051013307012,0.390625
562,2011-06-04 11:50:05.334613800,-59.675953722434464,84.31751647166733,0.390625,9,-17.737392085135376,35.43734857883627,0.390625
563,2011-06-04 13:21:08.908571482,-162.12847604236617,-38.357574057203465,50.390625,7,-18.84018694768576,34.46181139947627,50.390625
564,2011-06-04 18:22:47.697929859,-154.73499505020612,-51.11578347220602,16.796875,13,-18.955974532394304,34.53093416577022,16.796875
565,2011-06-04 18:52:41.482005119,-267.74963307322366,-297.4473652541786,99.609375,8,-21.167257110155244,33.422515546664656,99.609375
566,2011-06-04 22:19:53.177053928,-199.0958810031663,-122.75803634106657,0.390625,10,-19.599005574586553,34.10248412955449,0.390625
567,2011-06-05 01:24:03.736451864,-269.8620562138408,-329.83358915380046,25.390625,7,-21.459146019868648,33.397048675034604,25.390625
568,2011-06-05 07:05:40.910836220,-172.6905917454519,-102.1486211322163,0.390625,6,-19.415380062791794,34.35594297116204,0.390625
569,2011-06-05 07:45:13.315988779,-163.18468761267474,-78.5950037506731,0.390625,6,-19.20347718333609,34.44842401676447,0.390625
570,2011-06-05 22:33:13.130240917,-111.4303206675546,34.26607953588806,0.390625,9,-18.18752778150318,34.94675653474653,0.390625
571,2011-06-05 23:42:23.958262682,-161.0722644720576,-46.20877985105119,12.109375,10,-18.911173317734264,34.471186533982134,12.109375
572,2011-06-05 23:55:14.967790365,-144.17287934712044,-35.41337188451056,12.109375,6,-18.81492431794927,34.63234157130341,12.109375
573,2011-06-06 01:07:43.517802238,-174.8030148860691,-66.8181950599015,8.984375,13,-19.09616333100855,34.339053933633124,8.984375
574,2011-06-06 02:01:44.947855711,-158.95984133144043,-77.61360302644212,7.421875,12,-19.194949958471607,34.48866469782692,7.421875
575,2011-06-06 02:05:04.879477978,-155.79120662051469,-77.61360302644212,0.390625,13,-19.195195711877957,34.518783433931276,0.390625
576,2011-06-06 02:43:28.849735737,-156.8474181908233,-69.7623972325944,0.390625,13,-19.12421136249716,34.50938116665762,0.390625
577,2011-06-06 03:01:28.497214079,-244.512978526435,29.35907591473323,0.390625,13,-18.220813147023502,33.68881770641271,0.390625
578,2011-06-06 05:22:17.924331427,-177.97164959699484,-65.83679433567052,9.765625,14,-19.087027357943658,34.309045799835836,9.765625
579,2011-06-06 21:08:16.582611322,-69.18185785521162,82.3547150232054,1.953125,6,-17.75484793605448,35.34766242888349,1.953125
580,2011-06-06 22:34:01.099683523,-182.19649587822914,-60.92979071451569,14.453125,11,-19.04234512807507,34.269377842454595,14.453125
581,2011-06-07 01:59:22.977263451,-138.89182149557752,30.340476638964194,0.390625,9,-18.22138679111236,34.68696894459314,0.390625
582,2011-06-07 02:57:00.105810404,-150.51014876897187,-12.84115522719833,25.390625,7,-18.61061221763357,34.57394797291545,25.390625
583,2011-06-07 03:12:28.393335581,-134.66697521434324,-7.934151606043495,50.390625,8,-18.56736813049721,34.72435960329844,50.390625
584,2011-06-07 10:11:05.928009987,-401.88850250241256,-157.10706168915044,0.390625,8,-19.877926995568004,32.164750319648675,0.390625
585,2011-06-07 12:00:08.180142641,-174.8030148860691,20.526469396654534,66.796875,6,-18.307392098553482,34.34673232114922,66.796875
586,2011-06-07 19:12:17.525997399,-318.44778844803517,-66.8181950599015,49.609375,6,-19.078815448047415,32.975260242015125,49.609375
587,2011-06-07 21:17:22.206378937,-166.35332232360048,-71.72519868105633,0.390625,10,-19.141182387356295,34.418896707906036,0.390625
588,2011-06-07 22:19:01.796153545,-224.4449586905721,-114.90683054721885,5.859375,9,-19.52542626496622,33.86194375306528,5.859375
589,2011-06-07 23:17:44.766201019,-192.75861158131482,-88.40901099298276,0.390625,8,-19.289494878718376,34.16634661451317,0.390625
590,2011-06-08 00:28:55.871033669,-224.4449586905721,-116.86963199568078,12.890625,8,-19.543144906362638,33.8617104407937,12.890625
591,2011-06-08 18:13:19.950896740,-225.50117026088066,-116.86963199568078,10.546875,8,-19.543025537960087,33.85165315797241,10.546875
592,2011-06-08 22:53:29.492145300,-273.0306909247665,-158.08846241338136,0.390625,6,-19.909033324059454,33.39312882373903,0.390625
593,2011-06-08 23:21:03.550087214,-80.80018512860595,113.75953819859633,0.390625,8,-17.470723509185596,35.23930572694329,0.390625
594,2011-06-08 23:40:32.157524824,-82.9126082692231,38.19168243281192,0.390625,9,-18.153353003299756,35.21644351520257,0.390625
595,2011-06-08 23:43:17.610943079,-220.2201124093378,-113.9254298229879,19.921875,7,-19.517038119531108,33.902283607481834,19.921875
596,2011-06-09 00:54:01.674867868,-155.79120662051469,-11.85975450296736,20.703125,11,-18.601363181216886,34.52399953416851,20.703125
597,2011-06-09 03:12:05.867946386,-160.016052901749,-71.72519868105633,0.390625,7,-19.141690497242806,34.47911315862704,0.390625
598,2011-06-09 03:15:58.278117418,-160.016052901749,-37.3761733329725,31.640625,8,-18.831488230341417,34.481927353041534,31.640625
599,2011-06-09 03:46:17.839907646,-175.85922645637766,-83.50200737182791,0.390625,12,-19.24672802337002,34.327501562738455,0.390625
600,2011-06-09 06:07:46.867207527,-110.37410909724603,131.42475123475376,82.421875,6,-17.309874463824215,34.96181125075497,82.421875
601,2011-06-09 15:19:12.876072168,-153.67878347989756,-30.50636826335573,24.609375,7,-18.769924691450797,34.54256862723015,24.609375
602,2011-06-09 16:02:35.963115931,-399.77607936179544,-145.33025299837885,0.390625,9,-19.77221381783403,32.18741181269619,0.390625
603,2011-06-09 17:33:12.437808752,-230.78222811242352,-113.9254298229879,0.390625,13,-19.51584339602924,33.80172758797869,0.390625
604,2011-06-09 18:08:46.502551556,-153.67878347989756,-30.50636826335573,20.703125,10,-18.769924691450797,34.54256862723015,20.703125
605,2011-06-09 18:22:29.182880878,-177.97164959699484,-105.09282330490919,0.390625,10,-19.441503324273775,34.305406369608356,0.390625
606,2011-06-09 19:24:34.545716047,-269.8620562138408,-296.4659645299476,87.109375,6,-21.158091355101444,33.40235074191001,87.109375
607,2011-06-09 20:50:41.195282459,-174.8030148860691,-93.31601461413757,0.390625,10,-19.335439641492936,34.336648299167905,0.390625
608,2011-06-09 21:26:34.926784754,-134.66697521434324,-24.617963917969927,0.390625,9,-18.718059047664205,34.72323385669195,0.390625
609,2011-06-09 22:31:58.516359568,-100.86820496446886,61.74529981435513,47.265625,6,-17.939810081917514,35.047917644299496,47.265625
610,2011-06-10 00:25:59.357736111,-144.17287934712044,37.21028170858096,70.703125,6,-18.158988437132326,34.63753609511345,70.703125
611,2011-06-10 01:53:02.417719126,-151.56636033928044,24.452072293578397,49.609375,6,-18.27371266834266,34.56673902349277,49.609375
612,2011-06-10 04:31:52.916042328,-112.48653223786319,62.726700538586094,0.390625,7,-17.930376388623646,34.938319662564055,0.390625
613,2011-06-10 16:04:15.574318647,-89.24987769107456,80.39191357474347,0.390625,7,-17.77185960718086,35.158365064703986,0.390625
614,2011-06-10 21:12:07.563001633,-263.5247867919894,-286.651957287638,81.640625,8,-21.070464722563994,33.464812177931414,81.640625
615,2011-06-10 21:40:21.420623064,-151.56636033928044,-67.79959578413246,12.109375,7,-19.106884886450644,34.55971193897589,12.109375
616,2011-06-11 02:57:09.810869217,-235.00707439365783,-107.05562475337112,0.390625,13,-19.453338441180865,33.762359642298854,0.390625
617,2011-06-11 04:07:14.686697006,-155.79120662051469,9.7310614301139,37.890625,8,-18.40636489063719,34.52567000860267,37.890625
618,2011-06-11 10:04:53.700692654,-391.3263867993268,-159.06986313761234,0.390625,8,-19.897761104466444,32.26496779061439,0.390625
619,2011-06-11 10:38:28.581940413,-168.4657454642176,-84.4834080960589,0.390625,9,-19.256219446410256,34.3977098854812,0.390625
620,2011-06-11 16:30:14.237644434,-289.9300760497037,-274.8751485968664,99.609375,6,-20.960240917738908,33.21297842664359,99.609375
621,2011-06-11 22:48:51.749444008,-133.61076364403468,-8.915552330274464,31.640625,9,-18.57629978326508,34.73429741167473,31.640625
622,2011-06-11 23:45:52.175752401,-102.98062810508601,73.52210850512672,26.953125,11,-17.833321769637248,35.02855967594551,26.953125
623,2011-06-12 00:22:45.493953228,-165.29711075329192,-48.17158129951312,0.390625,14,-18.928564515150885,34.43093207648965,0.390625
624,2011-06-12 01:02:53.304909945,-166.35332232360048,-91.35321316567564,0.390625,11,-19.31843089204658,34.41719937966575,0.390625
625,2011-06-12 03:10:00.768305779,-120.9362248003318,21.5078701208855,0.390625,9,-18.302258750967493,34.85616531998383,0.390625
626,2011-06-12 03:36:38.707798004,-264.5809983622979,-170.84667182838393,12.109375,6,-20.02533085728256,33.471910745569424,12.109375
627,2011-06-12 04:40:51.197756767,-157.90362976113187,-34.431971160279595,12.109375,8,-18.805060837483293,34.50219834336918,12.109375
628,2011-06-12 05:02:03.503225088,-241.34434381550932,-83.50200737182791,26.953125,9,-19.239978779981307,33.70503007237574,26.953125
629,2011-06-12 08:23:01.268862963,-249.79403637797793,-232.6749174549348,99.609375,7,-20.585283035094236,33.604535263976054,99.609375
630,2011-06-12 08:57:39.930573702,-169.52195703452622,-32.46916971181766,6.640625,8,-18.786418487433092,34.39219152017426,6.640625
631,2011-06-12 09:58:29.746332169,-401.88850250241256,-142.3860508256859,0.390625,9,-19.745247335316854,32.1679343418395,0.390625
632,2011-06-12 15:50:14.208274126,-120.9362248003318,30.340476638964194,24.609375,8,-18.222474089931023,34.85668770250977,24.609375
633,2011-06-12 16:53:16.047391891,-270.91826778414935,-295.4845638057166,0.390625,8,-21.149080336620713,33.39234691277857,0.390625
634,2011-06-12 17:12:32.827370882,-265.63720993260654,-69.7623972325944,2.734375,7,-19.112936458179053,33.47607572308696,2.734375
635,2011-06-12 18:27:06.137099743,-275.1431140653836,-275.85654932109736,74.609375,8,-20.971359527061587,33.35484827326871,74.609375
636,2011-06-12 18:45:02.912543774,-167.40953389390904,-53.078584920667964,33.203125,7,-18.972707230292755,34.410466121934746,33.203125
637,2011-06-12 21:34:34.351413727,-257.1875173701379,-314.131177566105,50.390625,8,-21.31931863838587,33.52160097568368,50.390625
638,2011-06-12 22:49:58.061288595,-362.80867440099536,-192.4374877614652,50.390625,8,-20.20412167331685,32.53015668679805,50.390625
639,2011-06-12 23:23:46.538429976,-251.90645951859506,-173.79087400107682,0.390625,7,-20.05359036384101,33.592529768633376,0.390625
640,2011-06-13 00:07:07.264345169,-256.1313057998293,-312.16837611764305,50.390625,7,-21.301757394032872,33.5320680975428,50.390625
641,2011-06-13 03:19:42.841246367,-177.97164959699484,-86.44620954452083,0.390625,13,-19.273129034663253,34.307145083486134,0.390625
642,2011-06-13 08:10:15.338771582,-250.8502479482865,-151.21865734376462,0.390625,11,-19.850009070523704,33.60569327592624,0.390625
643,2011-06-13 14:05:17.485372782,-199.0958810031663,-106.07422402914017,0.390625,6,-19.448374461797375,34.104242314264056,0.390625
644,2011-06-13 16:19:15.390581131,-161.0722644720576,-24.617963917969927,37.890625,8,-18.71618618038838,34.472947872293275,37.890625
645,2011-06-13 18:10:54.493656635,-86.08124298014882,131.42475123475376,50.390625,8,-17.310927643330707,35.190293131856045,50.390625
646,2011-06-13 19:20:11.717330694,-172.6905917454519,-77.61360302644212,0.390625,7,-19.19382791787875,34.358155668211204,0.390625
647,2011-06-13 21:45:11.440464258,-177.97164959699484,137.31315558013952,99.609375,7,-17.252391311979594,34.32662348692341,99.609375
648,2011-06-14 00:07:22.027964592,-80.80018512860595,138.2945563043705,0.390625,11,-17.24905424976689,35.24021964323423,0.390625
649,2011-06-14 00:13:27.310088634,-472.6546777130871,-470.17389271882865,82.421875,11,-22.680692824098532,31.403985354976708,82.421875
650,2011-06-14 00:28:44.189350843,-169.52195703452622,-10.878353778736395,55.859375,6,-18.591436146387323,34.394030658773886,55.859375
651,2011-06-14 01:02:25.427685976,-145.229090917429,-35.41337188451056,66.796875,7,-18.814850597122234,34.622324230115,66.796875
652,2011-06-14 01:26:15.828752995,-194.871034721932,-101.16722040798533,33.984375,10,-19.404485595975334,34.144957853492954,33.984375
653,2011-06-14 02:23:07.479740381,-131.49834050341755,29.35907591473323,25.390625,10,-18.230717361397488,34.75678872920125,25.390625
654,2011-06-14 02:27:32.126072168,-203.32072728440062,-41.30177622989636,53.515625,6,-18.86313525552199,34.07084467365841,53.515625
655,2011-06-14 02:52:35.099870205,-263.5247867919894,-312.16837611764305,42.578125,7,-21.30069779053408,33.460881111284685,42.578125
656,2011-06-14 07:35:36.432849169,-217.0514776984121,14.63806505126873,64.453125,6,-18.356681279870276,33.946693808962884,64.453125
657,2011-06-14 17:18:16.705661297,-157.90362976113187,-37.3761733329725,30.078125,8,-18.83165034931046,34.50196281505329,30.078125
658,2011-06-14 18:02:51.298154593,-160.016052901749,56.838296193200286,49.609375,6,-17.98059321190997,34.489368020968165,49.609375
659,2011-06-14 18:29:04.729536533,-158.95984133144043,-99.2044189595234,5.078125,12,-19.38992842233362,34.48687363180588,5.078125
660,2011-06-14 23:30:15.438071728,-108.26168595662891,71.55930705666479,12.109375,10,-17.850799088726482,34.97864675600346,12.109375
661,2011-06-14 23:40:29.102020264,-257.1875173701379,-157.10706168915044,0.390625,7,-19.902328822371746,33.54442762277897,0.390625
662,2011-06-14 23:51:23.202749968,-172.6905917454519,-99.2044189595234,0.390625,7,-19.388794102302867,34.35621010036123,0.390625
663,2011-06-15 01:58:40.767666578,-227.61359340149778,-84.4834080960589,5.078125,9,-19.250428578404524,33.83540980010243,5.078125
664,2011-06-15 09:46:24.263115406,-167.40953389390904,-24.617963917969927,37.890625,6,-18.71568698148787,34.412883843166796,37.890625
665,2011-06-15 20:52:36.452143431,-205.43315042501774,17.58226722396163,65.234375,8,-18.331249476492545,34.056852550378466,65.234375
666,2011-06-16 00:27:53.730684996,-102.98062810508601,83.33611574743638,1.953125,8,-17.744662866096846,35.02903898041062,1.953125
667,2011-06-16 01:10:52.208099842,-129.38591736280037,25.433473017809362,36.328125,6,-18.266304740109785,34.776508452508985,36.328125
668,2011-06-16 08:03:20.321412086,-162.12847604236617,-69.7623972325944,0.390625,9,-19.12379793107774,34.45920522336144,0.390625
669,2011-06-16 19:08:45.196947098,-148.39772562835475,21.5078701208855,47.265625,6,-18.300526970374545,34.596481987257555,47.265625
670,2011-06-16 22:34:34.662908792,-41.72035702718869,-65.83679433567052,42.578125,11,-19.094360603361135,35.60354370321001,42.578125
671,2011-06-16 22:36:21.208891153,-199.0958810031663,-137.47904720453113,6.640625,12,-19.731913164872005,34.10091923198164,6.640625
672,2011-06-17 07:09:31.218303204,-180.08407273761196,-67.79959578413246,35.546875,6,-19.10456607566598,34.288799517566794,35.546875
673,2011-06-17 09:42:07.174297094,-396.6074446508697,-129.62784141068337,37.890625,6,-19.63131968747993,32.220910566332975,37.890625
674,2011-06-17 10:15:06.299701214,-132.55455207372611,30.340476638964194,25.390625,10,-18.22178769043288,34.746868315683955,25.390625
675,2011-06-17 15:34:07.529915571,-405.0571372133383,-148.27445517107174,31.640625,7,-19.797668798986148,32.13649151782644,31.640625
676,2011-06-17 20:33:29.019551992,-161.0722644720576,-61.911191438746656,0.390625,9,-19.0529794783223,34.469891930355885,0.390625
677,2011-06-17 21:35:23.573677778,-87.1374545504574,77.44771140205059,25.390625,10,-17.7985429392431,35.17816225681417,25.390625
678,2011-06-17 23:44:50.344120026,-194.871034721932,-85.46480882028985,0.390625,8,-19.26270871995212,34.14655863061466,0.390625
679,2011-06-18 01:58:20.808965445,-93.47472397230884,30.340476638964194,12.890625,6,-18.22384650105917,35.116278419166626,12.890625
680,2011-06-18 14:20:06.953369617,-261.4123636513722,-292.5403616330238,87.109375,6,-21.123899078082836,33.48422419619321,87.109375
681,2011-06-18 15:33:52.361239433,-392.38259836963545,-136.49764648030015,0.390625,8,-19.69408529003192,32.259665216144214,0.390625
682,2011-06-18 17:40:11.244235277,-265.63720993260654,-293.5217623572548,37.890625,7,-21.132145631610854,33.443443683508804,37.890625
683,2011-06-18 19:20:47.270481110,-334.2909620026638,-198.32589210685103,41.796875,9,-20.262401398812454,32.8014761050582,41.796875
684,2011-06-18 22:09:05.582494974,-168.4657454642176,139.27595702860148,99.609375,6,-17.235386862906843,34.41612828071797,99.609375
685,2011-06-18 22:17:38.083207607,-70.23806942552021,100.01992805936281,25.390625,8,-17.59521433069303,35.33828763792108,25.390625
686,2011-06-18 23:00:03.899622440,-218.10768926872066,-162.9954660345362,0.390625,8,-19.960242854076856,33.91665587146619,0.390625
687,2011-06-19 18:13:26.241682291,-203.32072728440062,-4.9899494333505965,59.765625,6,-18.53526765002596,34.07455651496532,59.765625
688,2011-06-19 19:28:13.793102264,-270.91826778414935,-160.05126386184332,0.390625,7,-19.927039859260972,33.41299436152551,0.390625
689,2011-06-19 21:59:45.346678495,-160.016052901749,-22.655162469507996,25.390625,6,-18.698541114339836,34.483116734031135,25.390625
690,2011-06-19 22:09:19.666712523,-153.67878347989756,-26.58076536643186,12.109375,10,-18.734471106124627,34.54287299239852,12.109375
691,2011-06-20 00:46:56.838645697,-196.98345786254913,-84.4834080960589,0.390625,13,-19.253642969593553,34.12657572098422,0.390625
692,2011-06-20 03:04:05.402806520,-279.36796034661796,-310.2055746691812,24.609375,6,-21.280618181564584,33.30867524181983,24.609375
693,2011-06-20 03:19:37.514717579,-263.5247867919894,-271.93094642417344,99.609375,7,-20.937634796113556,33.46705608471622,99.609375
694,2011-06-20 06:13:08.514363050,-395.5512330805611,-180.66067907069362,20.703125,6,-20.091516021364328,32.220060883756425,20.703125
695,2011-06-20 15:50:43.292524338,-160.016052901749,12.6752636028068,62.109375,6,-18.379460082422533,34.485930642147125,62.109375
696,2011-06-20 17:06:07.657245398,-94.5309355426174,84.31751647166733,25.390625,6,-17.736174854845874,35.10874406126528,25.390625
697,2011-06-20 18:11:06.501583815,-256.1313057998293,-328.8521884295695,25.390625,7,-21.45229883038322,33.529541772386565,25.390625
698,2011-06-20 20:13:38.446183920,-149.4539371986633,-28.543566814893797,0.390625,7,-18.75250568402349,34.5827743635192,0.390625
699,2011-06-20 23:44:37.091294289,-113.54274380817175,33.284678811657095,5.859375,13,-18.196282482675315,34.9267381376812,5.859375
700,2011-06-21 02:04:31.474507570,-135.72318678465183,44.08008677819773,79.296875,6,-18.097485191057384,34.71782433572988,79.296875
701,2011-06-21 03:03:44.361993313,-115.6551669487889,90.20592081705315,64.453125,6,-17.681975667568352,34.90992599029032,64.453125
702,2011-06-21 04:36:06.723940849,-198.0396694328577,-123.73943706529755,0.390625,10,-19.607971890330674,34.11244306532225,0.390625
703,2011-06-21 05:02:23.076861143,-106.14926281601176,42.117285329735786,25.390625,10,-18.116871263609568,34.997072213899266,25.390625
704,2011-06-21 15:19:00.660893679,-402.9447140727212,-154.1628595164575,61.328125,7,-19.85117429839716,32.155328292700176,61.328125
705,2011-06-21 17:22:03.124344826,-150.51014876897187,-29.524967539124763,26.171875,11,-18.761293054939483,34.57268637860646,26.171875
706,2011-06-21 22:12:16.518906355,-104.0368396753946,45.0614875024287,25.390625,6,-18.090377392290325,35.01717706921386,25.390625
707,2011-06-22 00:30:24.499867201,-107.20547438632032,50.94989184781449,0.390625,10,-18.037029418150517,34.98755154604847,0.390625
708,2011-06-22 00:46:48.138595104,-154.73499505020612,-45.227379126820225,24.609375,7,-18.90279543958006,34.53139900935439,24.609375
709,2011-06-22 05:23:01.989810705,-156.8474181908233,-34.431971160279595,34.765625,6,-18.805140968366686,34.51221457715934,34.765625
710,2011-06-22 11:38:51.213675499,-184.30891901884627,-103.13002185644726,0.390625,9,-19.423206923822285,34.24527586875394,0.390625
711,2011-06-22 17:49:59.314332008,-154.73499505020612,-29.524967539124763,24.609375,8,-18.760982987423546,34.53263101536071,24.609375
712,2011-06-22 20:08:26.526345729,-264.5809983622979,-312.16837611764305,43.359375,7,-21.30054396482348,33.45071190294543,43.359375
713,2011-06-22 22:36:17.932732105,-164.2408991829833,-53.078584920667964,13.671875,13,-18.972962950664265,34.44054360243912,13.671875
714,2011-06-22 22:37:59.999650002,-153.67878347989756,-30.50636826335573,12.109375,13,-18.769924691450797,34.54256862723015,12.109375
715,2011-06-22 23:06:07.483678341,-222.3325355499549,-113.9254298229879,15.234375,8,-19.516803641672446,33.88217181488302,15.234375
716,2011-06-23 00:29:59.351926565,-163.18468761267474,-38.357574057203465,3.515625,13,-18.84010396336048,34.45179332452167,3.515625
717,2011-06-23 01:23:40.021033287,-273.0306909247665,-192.4374877614652,0.390625,9,-20.21898494056331,33.38799994072212,0.390625
718,2011-06-23 02:19:27.332206488,-256.1313057998293,-154.1628595164575,0.390625,11,-19.875896511920942,33.554913315621555,0.390625
719,2011-06-23 02:34:58.879142046,-129.38591736280037,25.433473017809362,24.609375,6,-18.266304740109785,34.776508452508985,24.609375
720,2011-06-23 04:19:34.358277798,-203.32072728440062,-41.30177622989636,44.921875,6,-18.86313525552199,34.07084467365841,44.921875
721,2011-06-23 23:32:18.732212067,-152.622571909589,-47.190180575282156,6.640625,7,-18.92067936955925,34.55129072893252,6.640625
722,2011-06-24 04:12:20.016279935,-183.2527074485377,-66.8181950599015,0.390625,8,-19.09542201514819,34.2587933714735,0.390625
723,2011-06-24 07:32:56.652671814,-121.99243637064036,72.54070778089574,0.390625,7,-17.841212933900067,34.84918433649528,0.390625
724,2011-06-24 12:59:02.549416780,-406.1133487836469,-126.68363923799045,3.515625,8,-19.602860161795487,32.13112121981219,3.515625
725,2011-06-24 17:03:17.229852200,-225.50117026088066,-89.39041171721371,0.390625,8,-19.29496280126036,33.85491167035194,0.390625
726,2011-06-24 18:24:32.085270166,-87.1374545504574,131.42475123475376,50.390625,7,-17.310887266980362,35.18035881528889,50.390625
727,2011-06-24 20:26:09.318921566,-284.64901819816083,0.8984549120352028,0.390625,13,-18.47271438589325,33.30574967260391,0.390625
728,2011-06-24 20:40:42.382805824,-107.20547438632032,16.600866499730664,0.390625,11,-18.347318712475385,34.98575877571908,0.390625
729,2011-06-24 21:28:43.725913048,-284.64901819816083,0.8984549120352028,22.265625,11,-18.47271438589325,33.30574967260391,22.265625
730,2011-06-25 01:37:38.912606001,-161.0722644720576,-85.46480882028985,0.390625,8,-19.265684473604296,34.46792839488839,0.390625
731,2011-06-25 02:25:06.603594542,-149.4539371986633,-60.92979071451569,8.203125,6,-19.04499816930542,34.58030968197064,8.203125
732,2011-06-25 02:56:32.480497122,-273.0306909247665,-166.92106893146007,0.390625,10,-19.98873632439887,33.39181914128443,0.390625
733,2011-06-25 12:52:35.682115316,-245.56919009674363,-144.34885227414787,0.390625,11,-19.788674153029575,33.656977005340586,0.390625
734,2011-06-25 17:41:59.299059868,-226.55738183118922,-91.35321316567564,0.390625,8,-19.31256340536629,33.84463750979351,0.390625
735,2011-06-25 19:01:04.775102854,-265.63720993260654,-277.8193507695593,74.609375,9,-20.990463679664174,33.44586447594515,74.609375
736,2011-06-26 01:30:52.531463146,-158.95984133144043,-54.05998564489893,0.390625,7,-18.98224127726042,34.490593962888106,0.390625
737,2011-06-26 03:37:24.545073509,-168.4657454642176,-60.92979071451569,0.390625,6,-19.043521393457315,34.39976229958576,0.390625
738,2011-06-26 03:37:46.623753071,-255.07509422952074,-157.10706168915044,0.390625,7,-19.902605995226097,33.56458291984709,0.390625
739,2011-06-26 04:32:45.737387896,-286.76144133877796,-261.1355384576329,49.609375,6,-20.836782118969662,33.2456755648635,49.609375
740,2011-06-26 10:32:37.550750017,-282.5365950575437,-292.5403616330238,5.859375,9,-21.120759391169653,33.281095910475564,5.859375
741,2011-06-26 11:23:34.528684139,-250.8502479482865,-151.21865734376462,0.390625,9,-19.850009070523704,33.60569327592624,0.390625
742,2011-06-26 11:54:46.667723179,-109.31789752693747,78.42911212628154,0.390625,7,-17.788686793511516,34.96904038504635,0.390625
743,2011-06-26 13:13:01.876543045,-404.0009256430297,-130.60924213491433,5.859375,9,-19.638672370693612,32.150367864878255,5.859375
744,2011-06-26 16:38:26.899436951,-163.18468761267474,-54.05998564489893,10.546875,13,-18.981909912040294,34.450487586184494,10.546875
745,2011-06-26 20:49:22.121704817,-278.31174877630934,-184.58628196761748,0.390625,7,-20.147384232627836,33.33872176121097,0.390625
746,2011-06-27 12:17:37.338670492,-152.622571909589,-4.9899494333505965,44.140625,6,-18.53955071147114,34.55453567648629,44.140625
747,2011-06-28 00:00:24.346637964,-175.85922645637766,-88.40901099298276,12.109375,7,-19.29103795575079,34.3270519061838,12.109375
748,2011-06-28 02:56:52.831598282,-158.95984133144043,-58.96698926605376,30.859375,12,-19.026556005413074,34.4901941445846,30.859375
749,2011-06-28 05:06:40.189857721,-94.5309355426174,69.59650560820286,0.390625,8,-17.869166045157925,35.1080834948165,0.390625
750,2011-06-28 09:51:37.070318699,-381.8204826665497,-151.21865734376462,0.390625,7,-19.828864438413266,32.357177160774995,0.390625
751,2011-06-28 12:17:42.736310005,-114.59895537848034,38.19168243281192,17.578125,12,-18.1519002731016,34.91702905997171,17.578125
752,2011-06-28 16:58:32.595247984,-173.74680331576053,-67.79959578413246,27.734375,7,-19.105115785601978,34.34899883615527,27.734375
753,2011-06-29 02:31:37.744285107,-221.27632397964635,-68.78099650836344,25.390625,8,-19.10937376714568,33.897446491954526,25.390625
754,2011-06-29 08:18:06.109330893,-134.66697521434324,-71.72519868105633,0.390625,8,-19.143525804608107,34.719996922282895,0.390625
755,2011-06-29 09:03:51.700907469,-133.61076364403468,29.35907591473323,47.265625,6,-18.23058677785676,34.73682100574678,47.265625
756,2011-06-29 17:30:07.289208412,-96.64335868323455,107.87113385321054,69.921875,9,-17.52329487811174,35.08989786033177,69.921875
757,2011-06-29 20:22:45.398015976,-168.4657454642176,-71.72519868105633,10.546875,7,-19.141008637702022,34.39882498601159,10.546875
758,2011-06-30 10:09:09.494594574,-463.14877358030986,-421.10385650728034,34.765625,8,-22.241565339652468,31.510479045248758,34.765625
759,2011-06-30 14:48:07.472583055,-401.88850250241256,-151.21865734376462,62.109375,7,-19.8248554267908,32.1660270186574,62.109375
760,2011-06-30 22:46:15.326802731,-162.12847604236617,-30.50636826335573,5.859375,10,-18.76928279656289,34.46245571917871,5.859375
761,2011-07-01 00:38:58.545424223,-76.57533884737164,38.19168243281192,12.890625,12,-18.153587633923895,35.2763295262028,12.890625
762,2011-07-01 00:55:23.850738049,-166.35332232360048,-29.524967539124763,14.453125,7,-18.760086093973822,34.42248293288052,14.453125
763,2011-07-01 01:35:06.820405722,-85.02503140984025,50.94989184781449,0.390625,7,-18.03801244800587,35.19700656477609,0.390625
764,2011-07-01 03:52:10.351959944,-169.52195703452622,-61.911191438746656,3.515625,9,-19.05229665517804,34.38964688246852,3.515625
765,2011-07-01 09:52:33.176000357,-112.48653223786319,64.68950198704802,48.828125,6,-17.912645347603146,34.938425281175,48.828125
766,2011-07-01 14:58:26.334357500,-156.8474181908233,-29.524967539124763,1.171875,13,-18.76082473834399,34.51260363065283,1.171875
767,2011-07-01 16:38:02.979510784,-156.8474181908233,-31.487768987586694,18.359375,10,-18.778551256483023,34.51244813984123,18.359375
768,2011-07-01 21:51:25.963757992,-164.2408991829833,-27.562166090662824,0.390625,11,-18.742528013120772,34.44267201835396,0.390625
769,2011-07-02 08:33:46.150797367,-397.6636562211783,-140.423249377224,0.390625,7,-19.728412908284028,32.208570861855435,0.390625
770,2011-07-02 09:41:27.218568563,-391.3263867993268,-156.12566096491946,0.390625,7,-19.871222341592027,32.265590658774535,0.390625
771,2011-07-02 09:56:29.527013062,-151.56636033928044,-26.58076536643186,25.390625,9,-18.734625904257083,34.562897540838165,25.390625
772,2011-07-02 10:09:05.890968800,-116.7113785190975,37.21028170858096,0.390625,10,-18.16065204391118,34.897013522779375,0.390625
773,2011-07-02 16:55:20.726925135,-100.86820496446886,100.01992805936281,66.015625,6,-17.594037548321698,35.04974596133556,66.015625
774,2011-07-02 20:19:39.964941740,-167.40953389390904,-91.35321316567564,0.390625,7,-19.31834342739834,34.40715272899667,0.390625
775,2011-07-02 23:40:14.374216080,-222.3325355499549,-130.60924213491433,23.828125,8,-19.66741303131851,33.88020031510714,23.828125
776,2011-07-03 01:02:15.658778667,-343.796866135441,-304.3171703237953,93.359375,7,-21.216469354797816,32.68989068257404,93.359375
777,2011-07-03 01:43:41.150789022,-165.29711075329192,-37.3761733329725,30.859375,9,-18.83107351824474,34.43183960529335,30.859375
778,2011-07-03 02:19:27.735335112,-221.27632397964635,-130.60924213491433,20.703125,8,-19.66753152875302,33.890265519234084,20.703125
779,2011-07-03 15:25:43.688362837,-81.85639669891451,45.0614875024287,0.390625,7,-18.09133101859183,35.22669700323437,0.390625
780,2011-07-03 20:12:08.518530130,-153.67878347989756,26.414873742040328,57.421875,6,-18.25583420604658,34.54691548191526,57.421875
781,2011-07-04 00:54:19.111066341,-166.35332232360048,-75.65080157798019,0.390625,9,-19.17663237377172,34.41855873706745,0.390625
782,2011-07-04 01:02:34.709113359,-193.8148231516234,-85.46480882028985,0.390625,6,-19.262810253486375,34.156600510708635,0.390625
783,2011-07-04 02:58:48.037527323,-127.27349422218323,26.414873742040328,0.390625,7,-18.25756665565443,34.79654163695829,0.390625
784,2011-07-04 03:09:06.640197277,-138.89182149557752,-164.95826748299817,84.765625,10,-19.985237992725697,34.67297500927498,84.765625
785,2011-07-04 17:24:40.420493603,-128.3297057924918,30.340476638964194,0.390625,7,-18.22204456508504,34.78680207382377,0.390625
786,2011-07-05 02:55:14.832441092,-119.88001323002321,22.489270845116465,0.390625,7,-18.293453350752145,34.866211363582295,0.390625
787,2011-07-05 03:37:00.808144093,-160.016052901749,-53.078584920667964,17.578125,7,-18.973296318972007,34.48064765114425,17.578125
788,2011-07-05 14:31:02.650742292,-50.17004958965729,226.6206214851575,49.609375,7,-16.45184342665493,35.530205792205116,49.609375
789,2011-07-05 19:30:12.399095058,-163.18468761267474,-68.78099650836344,0.390625,9,-19.114850939548376,34.44925287070237,0.390625
790,2011-07-06 01:00:11.850502253,-153.67878347989756,18.563667948192595,54.296875,6,-18.32674495146563,34.54632437022095,54.296875
791,2011-07-06 03:43:17.339964151,-144.17287934712044,-27.562166090662824,0.390625,7,-18.74401459574504,34.632913646029,0.390625
792,2011-07-06 07:12:32.198238134,-134.66697521434324,37.21028170858096,43.359375,6,-18.15960390510683,34.727352015404136,43.359375
793,2011-07-06 08:39:34.934584856,-203.32072728440062,-42.28317695412733,57.421875,6,-18.87199637292101,34.070743282634844,57.421875
794,2011-07-06 10:44:35.985227823,-269.8620562138408,-317.07537973879795,25.390625,6,-21.344038303746867,33.39908692480654,25.390625
795,2011-07-06 11:08:41.397763491,-269.8620562138408,-275.85654932109736,99.609375,7,-20.972139847733555,33.40557923148191,99.609375
796,2011-07-06 14:21:19.362036467,-275.1431140653836,-215.00970441877746,0.390625,10,-20.422355804471028,33.36435766009376,0.390625
797,2011-07-06 15:29:57.905752182,-397.6636562211783,-131.5906428591453,74.609375,7,-19.648800005030278,32.210447097939834,74.609375
798,2011-07-06 22:49:30.627904415,-71.29428099582877,108.85253457744152,0.390625,7,-17.51537984189231,35.32863166922802,0.390625
799,2011-07-06 22:53:04.214977741,-151.56636033928044,-37.3761733329725,0.390625,7,-18.832123793432025,34.562070410053515,0.390625
800,2011-07-07 00:13:13.811811447,-248.7378248076693,-260.1541377334019,24.609375,7,-20.833408091806884,33.610771783711314,24.609375
801,2011-07-07 01:28:56.402181387,-87.1374545504574,68.61510488397188,54.296875,6,-17.8783388188983,35.17779605560083,54.296875
802,2011-07-07 04:44:51.319494486,-136.7793983549604,39.17308315704289,44.140625,6,-18.141741612519994,34.707522960969996,44.140625
803,2011-07-07 05:00:15.973809719,-90.30608926138312,45.0614875024287,5.078125,6,-18.090994556244585,35.146878374200504,5.078125
804,2011-07-07 13:18:39.919507742,-275.1431140653836,-203.23289572800587,0.390625,8,-20.31609252315561,33.366162557946076,0.390625
805,2011-07-07 14:01:05.738548994,-279.36796034661796,-327.8707877053385,50.390625,6,-21.43998713467876,33.3057607672951,50.390625
806,2011-07-07 17:06:13.250539540,-173.74680331576053,-107.05562475337112,0.390625,6,-19.459598316129522,34.34544176828427,0.390625
807,2011-07-07 21:46:22.079318285,-134.66697521434324,29.35907591473323,49.609375,6,-18.230520706314067,34.72683720734035,49.609375
808,2011-07-07 22:34:51.646328211,-207.54557356563492,-237.58192107608966,25.390625,8,-20.63471324955556,34.00890941505885,25.390625
809,2011-07-08 12:15:16.003459930,-131.49834050341755,28.377675190502263,50.390625,7,-18.23958202589832,34.7567257293552,50.390625
810,2011-07-08 15:49:13.031111479,-262.4685752216808,-165.9396682072291,0.390625,6,-19.981335289399098,33.4927823675727,0.390625
811,2011-07-08 18:20:01.499287128,-152.622571909589,18.563667948192595,45.703125,6,-18.3268208097143,34.55631292491438,45.703125
812,2011-07-09 03:37:07.232117891,-151.56636033928044,254.0998417636246,1.171875,6,-16.199326543422206,34.582656124118685,1.171875
813,2011-07-09 06:34:43.483989239,-271.97447935445797,-184.58628196761748,0.390625,7,-20.148289333741598,33.39927280734021,0.390625
814,2011-07-09 13:29:16.009587765,-186.4213421594634,-95.2788160625995,0.390625,6,-19.35212033160829,34.22593981841071,0.390625
815,2011-07-09 14:00:00.353899240,-218.10768926872066,-327.8707877053385,99.609375,6,-21.448454137409733,33.89621325052237,99.609375
816,2011-07-09 14:00:17.373465300,-293.09871076062944,88.2431193685912,0.390625,6,-17.683331564147664,33.2382045216592,0.390625
817,2011-07-09 15:04:27.936607599,-92.41851240200027,109.83393530167247,46.484375,6,-17.505740673502757,35.129764804122175,46.484375
818,2011-07-09 15:43:18.625267982,-125.1610710815661,-105.09282330490919,21.484375,9,-19.44550308209887,34.8081551172142,21.484375
819,2011-07-09 20:14:09.845110178,-256.1313057998293,-153.18145879222658,0.390625,8,-19.86703943193527,33.5550491980707,0.390625
820,2011-07-09 23:29:04.073541880,-181.14028430792052,-103.13002185644726,0.390625,7,-19.42349589814296,34.27543279051956,0.390625
821,2011-07-10 02:30:25.113158464,-93.47472397230884,38.19168243281192,55.078125,6,-18.152920529928792,35.11663562991229,55.078125
822,2011-07-10 06:43:42.748409510,-150.51014876897187,26.414873742040328,49.609375,6,-18.256059278397498,34.57686911611881,49.609375
823,2011-07-10 11:19:28.574912548,-101.92441653477745,40.154483881273855,0.390625,7,-18.134806098917235,35.03688852686934,0.390625
824,2011-07-10 14:40:09.734155655,-138.89182149557752,37.21028170858096,61.328125,6,-18.159335540121155,34.687433388354165,61.328125
825,2011-07-10 21:06:00.817824602,-95.58714711292599,97.07572588666993,0.390625,7,-17.620869189267225,35.09936097757698,0.390625
826,2011-07-10 21:17:48.871923447,-152.622571909589,23.47067156934743,65.234375,6,-18.282501461505248,34.55668014683815,65.234375
827,2011-07-11 02:46:23.575577974,-142.06045620650326,43.098686053966766,59.765625,6,-18.10594236337695,34.65790053382051,59.765625
828,2011-07-11 06:35:43.797990799,-151.56636033928044,17.58226722396163,46.484375,6,-18.33576002841066,34.56622846678849,46.484375
829,2011-07-11 18:28:40.850491762,-153.67878347989756,-40.320375505665396,12.890625,7,-18.858558045749167,34.54180472829806,12.890625
830,2011-07-11 18:33:30.662891626,-250.8502479482865,-305.2985710480263,99.609375,7,-21.240504979256574,33.5839311856581,99.609375
831,2011-07-11 21:13:49.822410583,-147.34151405804613,-54.05998564489893,0.390625,9,-18.983107762539724,34.60089067179403,0.390625
832,2011-07-11 21:43:08.656743050,-134.66697521434324,-9.89695305450543,0.390625,8,-18.58509660220036,34.72422772080423,0.390625
833,2011-07-12 00:02:22.637441397,-148.39772562835475,23.47067156934743,62.890625,6,-18.28279889733098,34.59662469212995,62.890625
834,2011-07-12 01:31:30.898481131,-256.1313057998293,-309.2241739449502,99.609375,6,-21.275190948927577,33.53251162541499,99.609375
835,2011-07-12 07:05:26.277597666,-223.38874712026347,-130.60924213491433,0.390625,10,-19.66729397084202,33.87013518418789,0.390625
836,2011-07-12 10:10:09.999334812,-227.61359340149778,-130.60924213491433,20.703125,7,-19.66681209886812,33.829875399523004,20.703125
837,2011-07-12 13:17:25.098467112,-203.32072728440062,-44.24597840258926,44.140625,6,-18.88971858085023,34.07054033094075,44.140625
838,2011-07-12 19:34:21.811918020,-193.8148231516234,-100.18581968375437,23.046875,10,-19.395726898032137,34.15510831149389,23.046875
839,2011-07-12 19:57:59.593478918,-256.1313057998293,-295.4845638057166,68.359375,6,-21.151212983260624,33.53457234962579,68.359375
840,2011-07-12 20:27:39.353958130,-95.58714711292599,62.726700538586094,0.390625,7,-17.931181967494037,35.097805147007094,0.390625
841,2011-07-12 22:18:44.359927893,31.158241324102953,-229.73071528224193,6.640625,6,-20.575021907834536,36.298845026889026,6.640625
842,2011-07-12 22:56:06.254774809,-77.6315504176802,98.05712661090088,4.296875,6,-17.612702066624788,35.26856626499322,4.296875
843,2011-07-13 02:33:44.616314888,-166.35332232360048,-83.50200737182791,0.390625,9,-19.24753191884015,34.41788055464783,0.390625
844,2011-07-13 14:54:47.805166245,-189.58997687038908,-98.22301823529241,0.390625,8,-19.378408003399,34.19550425633956,0.390625
845,2011-07-13 15:39:42.210958242,-187.47755372977196,-102.1486211322163,0.390625,7,-19.414051630845975,34.21521625089598,0.390625
846,2011-07-13 15:41:30.852936268,-114.59895537848034,59.7824983658932,0.390625,9,-17.956862821318076,34.91822295101674,0.390625
847,2011-07-13 21:52:15.136311769,-134.66697521434324,22.489270845116465,37.109375,6,-18.29257246589606,34.72638481683555,37.109375
848,2011-07-13 22:15:04.457444906,-155.79120662051469,-40.320375505665396,0.390625,7,-18.858399991851037,34.52176570968506,0.390625
849,2011-07-14 00:21:57.291839123,-147.34151405804613,-26.58076536643186,0.390625,7,-18.734929079244193,34.60294721892809,0.390625
850,2011-07-14 16:07:08.634684086,-102.98062810508601,159.88537223745178,25.390625,6,-17.053095802092052,35.032682584329315,25.390625
851,2011-07-14 17:44:21.042777777,-131.49834050341755,45.0614875024287,42.578125,6,-18.08888158936776,34.75779184125214,42.578125
852,2011-07-14 22:34:02.485358000,-164.2408991829833,23.47067156934743,70.703125,6,-18.281640509560386,34.446836705390886,70.703125
853,2011-07-14 23:29:28.017076015,-160.016052901749,-67.79959578413246,0.390625,7,-19.10623935647849,34.47943755259332,0.390625
854,2011-07-15 00:06:44.999538898,-162.12847604236617,-61.911191438746656,0.390625,10,-19.052896032036656,34.4598611132233,0.390625
855,2011-07-15 02:33:10.288379431,-146.28530248773757,-57.00418781759183,0.390625,6,-19.009773558783888,34.61069727701155,0.390625
856,2011-07-15 03:35:51.693278074,-168.4657454642176,-67.79959578413246,20.703125,6,-19.105558855078826,34.39916648747226,20.703125
857,2011-07-15 03:36:19.326571226,-169.52195703452622,-82.52060664759696,0.390625,10,-19.23840662815331,34.387840276229646,0.390625
858,2011-07-16 19:57:07.211057901,-168.4657454642176,-77.61360302644212,14.453125,6,-19.194183044514375,34.39831131722555,14.453125
859,2011-07-17 01:55:51.940083504,-134.66697521434324,-9.89695305450543,0.390625,9,-18.58509660220036,34.72422772080423,0.390625
860,2011-07-17 03:16:36.457254410,-265.63720993260654,-324.9265855326457,41.015625,6,-21.41550161486274,33.43854149667498,41.015625
861,2011-07-17 07:34:34.887941122,-73.40670413644592,94.13152371397702,0.390625,7,-17.648312160945824,35.3082347471425,0.390625
862,2011-07-17 14:30:57.912817240,-100.86820496446886,46.04288822665966,72.265625,6,-18.081661884178484,35.04715553859338,72.265625
863,2011-07-17 15:06:03.718737125,-87.1374545504574,96.09432516243895,32.421875,6,-17.630082815877913,35.17892908357482,32.421875
864,2011-07-17 15:38:17.365293980,-400.83229093210406,-133.55344430760726,24.609375,8,-19.665852569506903,32.17988184942081,24.609375
865,2011-07-17 15:45:46.305917740,-153.67878347989756,18.563667948192595,49.609375,6,-18.32674495146563,34.54632437022095,49.609375
866,2011-07-17 19:22:16.890663862,-108.26168595662891,-16.766758124122195,1.953125,7,-18.648678402032346,34.97397388268419,1.953125
867,2011-07-17 20:42:34.991370678,-301.54840332309806,-191.45608703723423,0.390625,9,-20.205863057835913,33.11559006929183,0.390625
868,2011-07-17 23:27:43.007736921,-148.39772562835475,-80.55780519913503,7.421875,6,-19.222339332811035,34.58883540592954,7.421875
869,2011-07-18 02:01:28.174651146,-271.97447935445797,-178.69787762223166,0.390625,8,-20.095154728915848,33.40015169983742,0.390625
870,2011-07-18 13:13:17.680757284,-395.5512330805611,-115.88823127144983,34.765625,6,-19.50768347558039,32.233840486951145,34.765625
871,2011-07-18 14:11:48.451117754,-73.40670413644592,92.16872226551509,0.390625,7,-17.66604544134244,35.30816700190366,0.390625
872,2011-07-18 14:24:16.823809624,-68.12564628490306,94.13152371397702,0.390625,8,-17.648480535471716,35.35799965710521,0.390625
873,2011-07-18 14:48:47.957766533,-68.12564628490306,93.15012298974607,0.390625,8,-17.65734726967898,35.357968230005476,0.390625
874,2011-07-18 15:04:14.621190786,-115.6551669487889,91.18732154128413,99.609375,6,-17.673110009345873,34.90997942607731,99.609375
875,2011-07-18 15:40:02.024886370,-82.9126082692231,90.20592081705315,43.359375,6,-17.68344324337706,35.218506260053786,43.359375
876,2011-07-18 15:45:41.309715509,-68.12564628490306,92.16872226551509,0.390625,8,-17.666213995862147,35.35793678454444,0.390625
877,2011-07-18 15:56:25.019025326,-75.51912727706308,90.20592081705315,49.609375,7,-17.683707670798277,35.28818947131386,49.609375
878,2011-07-18 16:03:14.454381227,-77.6315504176802,89.22452009282217,33.984375,6,-17.692501172996273,35.268243964626265,33.984375
879,2011-07-18 16:20:59.157766581,-68.12564628490306,93.15012298974607,0.390625,8,-17.65734726967898,35.357968230005476,0.390625
880,2011-07-18 16:31:54.282762527,-75.51912727706308,90.20592081705315,24.609375,6,-17.683707670798277,35.28818947131386,24.609375
881,2011-07-18 16:38:42.789537191,-61.78837686305162,95.112924438208,0.390625,9,-17.63979916057201,35.41774673463444,0.390625
882,2011-07-18 16:49:41.854121208,-79.74397355829736,90.20592081705315,2.734375,6,-17.683559590613527,35.24837034465,2.734375
883,2011-07-18 17:19:47.846516371,-68.12564628490306,93.15012298974607,0.390625,8,-17.65734726967898,35.357968230005476,0.390625
884,2011-07-18 18:04:23.701429367,-62.844588433360194,98.05712661090088,0.390625,9,-17.61316899713504,35.407880894729054,0.390625
885,2011-07-18 18:37:34.420073748,-85.02503140984025,89.22452009282217,51.171875,6,-17.69222955133368,35.198557686945726,51.171875
886,2011-07-18 18:38:51.372155190,-68.12564628490306,95.112924438208,0.390625,9,-17.639613793243882,35.358031065847825,0.390625
887,2011-07-18 18:49:36.098260641,-73.40670413644592,92.16872226551509,0.390625,7,-17.66604544134244,35.30816700190366,0.390625
888,2011-07-18 19:19:58.761601448,-68.12564628490306,95.112924438208,0.390625,8,-17.639613793243882,35.358031065847825,0.390625
889,2011-07-18 21:19:47.641281366,-79.74397355829736,85.29891719589831,5.859375,6,-17.72789198582779,35.24818577297037,5.859375
890,2011-07-18 22:30:50.794550419,-189.58997687038908,-86.44620954452083,0.390625,10,-19.272072250119244,34.196671717245245,0.390625
891,2011-07-18 23:58:05.437970638,-69.18185785521162,92.16872226551509,0.390625,8,-17.666181291039898,35.34798278415317,0.390625
892,2011-07-19 01:00:12.864095449,-75.51912727706308,90.20592081705315,23.828125,6,-17.683707670798277,35.28818947131386,23.828125
893,2011-07-19 01:29:30.735743046,-70.23806942552021,90.20592081705315,0.390625,8,-17.683881441052666,35.33796390796251,0.390625
894,2011-07-19 03:59:24.184478045,-80.80018512860595,87.26171864436024,12.890625,6,-17.710120711768923,35.23830348048276,12.890625
895,2011-07-19 04:19:17.888287067,-71.29428099582877,92.16872226551509,0.390625,7,-17.6661143722631,35.32807484850588,0.390625
896,2011-07-19 07:51:25.743174553,-76.57533884737164,89.22452009282217,27.734375,6,-17.692537960891332,35.27819924681514,27.734375
897,2011-07-19 08:11:56.913378000,-112.48653223786319,91.18732154128413,98.828125,6,-17.673273087956577,34.93983920954602,98.828125
898,2011-07-19 16:46:53.769931555,-90.30608926138312,91.18732154128413,0.390625,7,-17.674287856843243,35.14886604671233,0.390625
899,2011-07-19 17:23:11.895498037,-78.6877619879888,90.20592081705315,25.390625,6,-17.683597365970396,35.25832508977537,25.390625
900,2011-07-19 17:43:20.666928053,-91.36230083169171,165.77377658283754,0.390625,7,-17.00038515334169,35.14204888096783,0.390625
901,2011-07-19 17:48:20.542317629,-78.6877619879888,77.44771140205059,7.421875,6,-17.798861435772903,35.257850452663,7.421875
902,2011-07-19 18:11:05.398946524,-169.52195703452622,-7.934151606043495,52.734375,6,-18.564847318825603,34.394279692716495,52.734375
903,2011-07-19 19:38:43.757098198,-152.622571909589,-55.041386369129896,0.390625,9,-18.99158525043816,34.55067836836743,0.390625
904,2011-07-19 20:55:01.939163208,-77.6315504176802,84.31751647166733,25.390625,6,-17.736833728146724,35.2680641761331,25.390625
905,2011-07-19 21:26:49.840607405,-89.24987769107456,86.28031792012926,56.640625,6,-17.718662112443653,35.158613594448454,56.640625
906,2011-07-19 23:18:42.834986925,-260.35615208106356,-284.68915583917607,99.609375,7,-21.05320616934433,33.49556983860803,99.609375
907,2011-07-20 00:36:24.384571791,-68.12564628490306,93.15012298974607,0.390625,8,-17.65734726967898,35.357968230005476,0.390625
908,2011-07-20 03:35:11.507433653,-76.57533884737164,86.28031792012926,2.734375,6,-17.719137577034516,35.27809290298976,2.734375
909,2011-07-20 04:22:16.336752653,-155.79120662051469,-32.46916971181766,19.140625,8,-18.787494015670067,34.52238556575046,19.140625
910,2011-07-20 06:50:11.798215389,-209.65799670625205,-85.46480882028985,5.859375,7,-19.261229413963985,34.00597912830691,5.859375
911,2011-07-20 07:22:07.926867008,-203.32072728440062,-42.28317695412733,43.359375,6,-18.87199637292101,34.070743282634844,43.359375
912,2011-07-20 09:12:52.182651043,-70.23806942552021,92.16872226551509,0.390625,7,-17.666148083171944,35.338028805363734,0.390625
913,2011-07-20 11:33:26.079369783,-73.40670413644592,94.13152371397702,0.390625,7,-17.648312160945824,35.3082347471425,0.390625
914,2011-07-20 14:37:33.186272621,-165.29711075329192,-55.041386369129896,0.390625,10,-18.990603686165283,34.430351657619006,0.390625
915,2011-07-20 16:09:10.207766294,-68.12564628490306,93.15012298974607,0.390625,8,-17.65734726967898,35.357968230005476,0.390625
916,2011-07-20 22:41:10.838544607,-93.47472397230884,85.29891719589831,64.453125,6,-17.727353654384384,35.11874470448893,64.453125
917,2011-07-20 22:53:52.106543064,-79.74397355829736,94.13152371397702,12.109375,6,-17.648093529445806,35.24851761485013,12.109375
918,2011-07-20 23:21:09.438786268,-98.7557818238517,97.07572588666993,49.609375,6,-17.620730704470347,35.06950837401324,49.609375
919,2011-07-21 01:27:53.371762514,-76.57533884737164,88.2431193685912,54.296875,6,-17.701404507662456,35.278163819536395,54.296875
920,2011-07-21 01:43:30.926719427,-270.91826778414935,-267.02394280301866,76.171875,6,-20.892290741610154,33.396811081223355,76.171875
921,2011-07-21 01:57:31.408498049,8.977798347622883,152.03416644360405,99.609375,6,-17.126324228631344,36.08436649204719,99.609375
922,2011-07-21 01:58:01.931991816,-76.57533884737164,86.28031792012926,25.390625,6,-17.719137577034516,35.27809290298976,25.390625
923,2011-07-21 02:02:39.372515440,-379.70805952593247,-164.95826748299817,0.390625,6,-19.95313749865251,32.37447913744468,0.390625
924,2011-07-21 07:20:01.333372831,-168.4657454642176,-56.02278709336086,0.390625,9,-18.99920865492284,34.40018646687817,0.390625
925,2011-07-21 07:26:59.724578857,-161.0722644720576,-55.041386369129896,8.203125,6,-18.990939560528712,34.47045973533447,8.203125
926,2011-07-21 12:20:52.236920357,-70.23806942552021,90.20592081705315,6.640625,6,-17.683881441052666,35.33796390796251,6.640625
927,2011-07-21 12:50:14.714245796,-70.23806942552021,88.2431193685912,1.953125,6,-17.701614766781653,35.33789893478764,1.953125
928,2011-07-21 16:52:16.993461370,-79.74397355829736,91.18732154128413,25.390625,6,-17.674693087394072,35.24840719444731,25.390625
929,2011-07-21 17:31:21.100013971,69.18185785521162,191.29019541284273,99.609375,6,-16.770603768068863,36.64888546227706,99.609375
930,2011-07-21 17:41:49.795062780,-66.01322314428592,91.18732154128413,0.390625,7,-17.675144648629647,35.37781436041112,0.390625
931,2011-07-21 17:43:22.234326601,-92.41851240200027,90.20592081705315,72.265625,7,-17.683067012528436,35.128915440458044,72.265625
932,2011-07-21 17:45:50.713432550,-69.18185785521162,95.112924438208,0.390625,8,-17.639581140805802,35.34807852686305,0.390625
933,2011-07-21 17:50:49.874897480,-68.12564628490306,96.09432516243895,0.390625,8,-17.63074704299897,35.35806245623749,0.390625
934,2011-07-21 17:57:21.756521225,-70.23806942552021,93.15012298974607,0.390625,7,-17.657281392183442,35.33806122566001,0.390625
935,2011-07-21 18:03:51.093494892,-77.6315504176802,89.22452009282217,25.390625,6,-17.692501172996273,35.268243964626265,25.390625
936,2011-07-21 18:07:01.740417719,-77.6315504176802,87.26171864436024,12.890625,6,-17.710234219242757,35.268172112087214,12.890625
937,2011-07-21 18:15:15.363023043,-88.19366612076597,90.20592081705315,0.390625,7,-17.68323926110609,35.16873330811486,0.390625
938,2011-07-21 18:20:50.751025915,-85.02503140984025,87.26171864436024,53.515625,6,-17.709962307852475,35.19847899348415,53.515625
939,2011-07-21 18:32:49.107143164,-76.57533884737164,89.22452009282217,31.640625,6,-17.692537960891332,35.27819924681514,31.640625
940,2011-07-21 18:38:19.268809795,-68.12564628490306,94.13152371397702,0.390625,8,-17.648480535471716,35.35799965710521,0.390625
941,2011-07-21 19:13:45.880874157,-69.18185785521162,92.16872226551509,0.390625,7,-17.666181291039898,35.34798278415317,0.390625
942,2011-07-21 19:18:00.856438875,-163.18468761267474,-40.320375505665396,0.390625,7,-18.857829829867278,34.451630743158454,0.390625
943,2011-07-21 19:21:31.744988680,-164.2408991829833,-56.02278709336086,9.765625,7,-18.99955121497542,34.44029602664857,9.765625
944,2011-07-21 19:24:17.248865843,-78.6877619879888,88.2431193685912,25.390625,6,-17.70133038855439,35.25825230238495,25.390625
945,2011-07-21 19:46:07.581822157,-74.46291570675452,90.20592081705315,7.421875,6,-17.68374343197551,35.29814431278138,7.421875
946,2011-07-21 19:56:44.497808933,-69.18185785521162,97.07572588666993,0.390625,7,-17.62184766721696,35.348142262142154,0.390625
947,2011-07-21 20:19:13.679030895,-81.85639669891451,91.18732154128413,49.609375,6,-17.674616067203075,35.2284987551134,49.609375
948,2011-07-21 20:26:41.104016304,-68.12564628490306,93.15012298974607,0.390625,8,-17.65734726967898,35.357968230005476,0.390625
949,2011-07-21 20:53:30.920266151,-68.12564628490306,93.15012298974607,0.390625,8,-17.65734726967898,35.357968230005476,0.390625
950,2011-07-21 21:31:45.945394278,-156.8474181908233,-31.487768987586694,0.390625,8,-18.778551256483023,34.51244813984123,0.390625
951,2011-07-21 21:57:41.119227886,-56.507319011508734,97.07572588666993,0.390625,7,-17.622205963800276,35.46756238568625,0.390625
952,2011-07-21 22:34:53.465684652,-71.29428099582877,94.13152371397702,0.390625,7,-17.648381018257464,35.328140644703694,0.390625
953,2011-07-21 23:01:45.793491840,-73.40670413644592,89.22452009282217,0.390625,7,-17.692645301657837,35.30806523561857,0.390625
954,2011-07-21 23:09:56.099259377,-71.29428099582877,90.20592081705315,12.109375,6,-17.683847694138247,35.32800897543027,12.109375
955,2011-07-21 23:21:17.399470091,-68.12564628490306,95.112924438208,0.390625,7,-17.639613793243882,35.358031065847825,0.390625
956,2011-07-21 23:41:22.205885649,-74.46291570675452,93.15012298974607,0.390625,7,-17.657143603964638,35.29824748272502,0.390625
957,2011-07-21 23:58:01.266985655,-81.85639669891451,86.28031792012926,42.578125,7,-17.718948297128094,35.22830940603472,42.578125
958,2011-07-22 00:27:05.440102577,-241.34434381550932,222.69501858823364,0.390625,9,-16.475641386659046,33.74024056423811,0.390625
959,2011-07-22 01:33:20.948465586,-68.12564628490306,92.16872226551509,0.390625,8,-17.666213995862147,35.35793678454444,0.390625
960,2011-07-22 02:12:55.914651871,-68.12564628490306,91.18732154128413,0.390625,8,-17.675080714017728,35.35790532071794,0.390625
961,2011-07-22 02:37:35.541315794,-78.6877619879888,90.20592081705315,0.390625,8,-17.683597365970396,35.25832508977537,0.390625
962,2011-07-22 02:51:11.456384659,-79.74397355829736,90.20592081705315,49.609375,7,-17.683559590613527,35.24837034465,49.609375
963,2011-07-22 03:03:58.933432579,-69.18185785521162,95.112924438208,0.390625,8,-17.639581140805802,35.34807852686305,0.390625
964,2011-07-22 11:54:14.566161394,-147.34151405804613,-26.58076536643186,0.390625,9,-18.734929079244193,34.60294721892809,0.390625
965,2011-07-22 15:58:51.316147566,-68.12564628490306,96.09432516243895,0.390625,8,-17.63074704299897,35.35806245623749,0.390625
966,2011-07-22 17:58:34.216828346,-77.6315504176802,89.22452009282217,25.390625,6,-17.692501172996273,35.268243964626265,25.390625
967,2011-07-22 18:29:43.163616180,-168.4657454642176,-39.33897478143443,0.390625,8,-18.84854369261509,34.40161984998391,0.390625
968,2011-07-22 18:52:36.586129904,-104.0368396753946,44.08008677819773,25.390625,7,-18.099242973104566,35.01712767304428,25.390625
969,2011-07-22 19:14:52.904247522,-81.85639669891451,90.20592081705315,42.578125,6,-17.683482529311256,35.228460929459395,42.578125
970,2011-07-22 19:29:32.990312099,-160.016052901749,-11.85975450296736,43.359375,6,-18.60104531939508,34.48398260878653,43.359375
971,2011-07-22 20:03:19.101675510,-69.18185785521162,94.13152371397702,0.390625,7,-17.6484478655739,35.34804663126949,0.390625
972,2011-07-22 20:06:43.541659117,-71.29428099582877,89.22452009282217,5.078125,6,-17.69271434301812,35.32797601005236,5.078125
973,2011-07-22 21:06:53.560459137,-73.40670413644592,90.20592081705315,1.953125,6,-17.68377868959466,35.30809917750985,1.953125
974,2011-07-22 21:08:39.702272177,-70.23806942552021,89.22452009282217,25.390625,6,-17.692748107937877,35.33793143084894,25.390625
975,2011-07-22 22:45:45.500101805,-72.35049256613736,97.07572588666993,0.390625,7,-17.621746804447863,35.31828769451478,0.390625
976,2011-07-22 23:36:57.574618816,-168.4657454642176,-54.05998564489893,0.390625,7,-18.981483497571055,34.400355804519364,0.390625
977,2011-07-22 23:44:25.909087181,-134.66697521434324,9.7310614301139,0.390625,6,-18.407810350491776,34.725539864950555,0.390625
978,2011-07-23 02:50:43.596282005,-78.6877619879888,85.29891719589831,19.140625,6,-17.727929861976833,35.25814296205282,19.140625
979,2011-07-23 03:53:06.096936464,-70.23806942552021,92.16872226551509,0.390625,7,-17.666148083171944,35.338028805363734,0.390625
980,2011-07-23 03:59:07.649971724,-128.3297057924918,15.619465775499698,0.390625,8,-18.355015271766163,34.78587666692802,0.390625
981,2011-07-23 04:01:14.513793230,-134.66697521434324,13.656664327037765,26.953125,6,-18.372352692147043,34.7258005153313,26.953125
982,2011-07-23 04:25:20.951505423,-156.8474181908233,22.489270845116465,64.453125,6,-18.291059413403097,34.51666098686208,64.453125
983,2011-07-23 07:44:02.866254330,-276.1993256356922,-229.73071528224193,87.109375,7,-20.555028406701442,33.351967123941996,87.109375
984,2011-07-23 12:51:45.962063313,-397.6636562211783,-140.423249377224,0.390625,9,-19.728412908284028,32.208570861855435,0.390625
985,2011-07-23 15:16:52.894532681,-69.18185785521162,94.13152371397702,0.390625,7,-17.6484478655739,35.34804663126949,0.390625
986,2011-07-23 15:48:19.835671663,-73.40670413644592,89.22452009282217,12.890625,6,-17.692645301657837,35.30806523561857,12.890625
987,2011-07-23 16:14:39.232269049,-72.35049256613736,90.20592081705315,12.890625,6,-17.683813443650585,35.318054065169434,12.890625
988,2011-07-23 17:10:12.645692110,-204.37693885470918,199.14140120669046,0.390625,8,-16.69180945015741,34.08411683069504,0.390625
989,2011-07-23 17:14:57.442663908,-68.12564628490306,92.16872226551509,0.390625,9,-17.666213995862147,35.35793678454444,0.390625
990,2011-07-23 17:25:19.136380434,-69.18185785521162,97.07572588666993,0.390625,7,-17.62184766721696,35.348142262142154,0.390625
991,2011-07-23 17:48:44.993807316,-69.18185785521162,93.15012298974607,0.390625,7,-17.657314582319767,35.34801471703427,0.390625
992,2011-07-23 18:37:33.071521282,-203.32072728440062,-56.02278709336086,37.109375,7,-18.99605107455518,34.06931786490279,37.109375
993,2011-07-23 19:16:36.963666677,-73.40670413644592,87.26171864436024,2.734375,6,-17.710378501640808,35.3079972924247,2.734375
994,2011-07-23 19:20:07.906562328,-269.8620562138408,-297.4473652541786,56.640625,6,-21.16694607535108,33.40219612470532,56.640625
995,2011-07-23 19:33:36.103031397,-259.29994051075505,-281.7449536664831,99.609375,7,-21.026788923170102,33.50616503375729,99.609375
996,2011-07-23 21:04:49.403836966,-79.74397355829736,88.2431193685912,25.390625,6,-17.701292572886377,35.24829658053147,25.390625
997,2011-07-23 21:10:03.530846595,-69.18185785521162,93.15012298974607,0.390625,9,-17.657314582319767,35.34801471703427,0.390625
998,2011-07-23 21:12:08.970286369,-266.69342150291504,-299.41016670264054,50.390625,6,-21.185121549525142,33.43236954233121,50.390625
999,2011-07-23 21:36:30.937213421,-44.88899173811442,88.2431193685912,25.390625,6,-17.702274312166363,35.57684658547866,25.390625
1000,2011-07-23 21:46:54.454220533,-181.14028430792052,18.563667948192595,75.390625,7,-18.324589231514462,34.28664005671287,75.390625
1001,2011-07-23 22:49:59.906327963,0.5281057851542873,156.94117006475884,99.609375,6,-17.082002853479842,36.004961562361856,99.609375
1002,2011-07-23 23:14:28.765487194,-127.27349422218323,8.749660705882935,0.390625,8,-18.41713125882219,34.79543682728901,0.390625
1003,2011-07-23 23:29:09.999430895,-139.94803306588614,23.47067156934743,69.921875,7,-18.283368744795226,34.676516020667236,69.921875
1004,2011-07-24 00:33:26.692766190,-68.12564628490306,93.15012298974607,0.390625,8,-17.65734726967898,35.357968230005476,0.390625
1005,2011-07-24 00:41:23.054600954,-71.29428099582877,93.15012298974607,0.390625,8,-17.65724769927484,35.328107756212326,0.390625
1006,2011-07-24 01:25:50.721671343,-78.6877619879888,91.18732154128413,25.390625,6,-17.674730842598233,35.258361451635785,25.390625
1007,2011-07-24 01:58:05.774540663,-258.24372894044643,-326.8893869811075,43.359375,6,-21.434286503559964,33.5094822335921,43.359375
1008,2011-07-24 02:54:58.254086256,-72.35049256613736,95.112924438208,0.390625,8,-17.639480170070982,35.318221040749414,0.390625
1009,2011-07-24 03:53:13.887949705,-70.23806942552021,93.15012298974607,0.390625,7,-17.657281392183442,35.33806122566001,0.390625
1010,2011-07-24 06:15:23.884718180,-134.66697521434324,21.5078701208855,37.109375,6,-18.301436969267222,34.7263200421259,37.109375
1011,2011-07-24 08:52:23.041470528,-73.40670413644592,90.20592081705315,5.078125,6,-17.68377868959466,35.30809917750985,5.078125
1012,2011-07-24 10:30:00.589016914,-401.88850250241256,-141.404650101455,7.421875,9,-19.73640193725151,32.16814569516026,7.421875
1013,2011-07-24 14:27:11.206266165,-74.46291570675452,91.18732154128413,6.640625,6,-17.67487683067877,35.298178722839026,6.640625
1014,2011-07-24 17:12:59.026309490,-68.12564628490306,94.13152371397702,0.390625,8,-17.648480535471716,35.35799965710521,0.390625
1015,2011-07-24 17:50:49.811392069,-151.56636033928044,28.377675190502263,55.859375,6,-18.238256847259564,34.56702985706921,55.859375
1016,2011-07-24 18:02:48.316828489,-77.6315504176802,89.22452009282217,25.390625,6,-17.692501172996273,35.268243964626265,25.390625
1017,2011-07-24 21:29:42.626156807,-77.6315504176802,85.29891719589831,25.390625,6,-17.727967233245515,35.26810017574358,25.390625
1018,2011-07-24 21:35:07.688809633,-76.57533884737164,89.22452009282217,31.640625,6,-17.692537960891332,35.27819924681514,31.640625
1019,2011-07-24 22:23:53.799983978,-124.10485951125752,7.768259981651969,0.390625,9,-18.42618374126838,34.8253610742994,0.390625
1020,2011-07-24 22:44:07.954532862,-106.14926281601176,31.321877363195163,25.390625,6,-18.21439133220647,34.99651528033694,25.390625
1021,2011-07-24 23:21:30.779715538,-68.12564628490306,92.16872226551509,0.390625,8,-17.666213995862147,35.35793678454444,0.390625
1022,2011-07-24 23:27:26.750516415,-59.675953722434464,100.01992805936281,0.390625,10,-17.59552245036445,35.43778944307666,0.390625
1023,2011-07-24 23:29:49.262874842,-80.80018512860595,87.26171864436024,49.609375,6,-17.710120711768923,35.23830348048276,49.609375
1024,2011-07-24 23:52:20.713680029,-289.9300760497037,-328.8521884295695,31.640625,6,-21.447170201286472,33.20382073214661,31.640625
1025,2011-07-24 23:55:57.227975368,-141.0042446361947,-94.29741533836855,35.546875,10,-19.346953978083995,34.65811727315922,35.546875
1026,2011-07-25 00:01:23.735239029,-68.12564628490306,97.07572588666993,0.390625,9,-17.621880284740506,35.35809382827837,0.390625
1027,2011-07-25 00:03:42.163048506,-69.18185785521162,93.15012298974607,0.390625,8,-17.657314582319767,35.34801471703427,0.390625
1028,2011-07-25 00:13:23.068108559,-134.66697521434324,32.30327808742613,40.234375,6,-18.20392696884019,34.727030536355734,40.234375
1029,2011-07-25 00:23:05.007199526,-71.29428099582877,87.26171864436024,4.296875,6,-17.71044761664492,35.32791002159443,4.296875
1030,2011-07-25 01:26:46.654782534,-70.23806942552021,95.112924438208,0.390625,7,-17.639547986127734,35.3381260094654,0.390625
1031,2011-07-25 01:28:36.091442108,-169.52195703452622,-47.190180575282156,5.859375,7,-18.919358563217276,34.39092451346832,5.859375
1032,2011-07-25 01:37:46.872962713,-70.23806942552021,91.18732154128413,0.390625,8,-17.675014766129518,35.33799636613267,0.390625
1033,2011-07-25 01:49:23.418846130,-75.51912727706308,93.15012298974607,0.390625,8,-17.657107900016587,35.288294104279906,0.390625
1034,2011-07-25 02:30:01.219377279,-73.40670413644592,91.18732154128413,0.390625,7,-17.674912069488357,35.30813309960338,0.390625
1035,2011-07-25 02:49:33.123614550,-270.91826778414935,-289.59615946033085,49.609375,6,-21.095952165446114,33.39327606397593,49.609375
1036,2011-07-25 03:04:41.244138479,-266.69342150291504,-280.76355294225215,37.109375,6,-21.016876447805178,33.43526237939736,37.109375
1037,2011-07-25 03:08:21.846934557,-273.0306909247665,-293.5217623572548,32.421875,7,-21.131056874177183,33.37234290726016,32.421875
1038,2011-07-25 13:10:03.738349915,-72.35049256613736,95.112924438208,0.390625,7,-17.639480170070982,35.318221040749414,0.390625
1039,2011-07-25 14:18:40.282030821,-76.57533884737164,72.54070778089574,25.390625,6,-17.84326815805831,35.27759416990471,25.390625
1040,2011-07-25 16:38:36.942613125,-281.4803834872351,-296.4659645299476,1.953125,7,-21.156337922175183,33.290607266411236,1.953125
1041,2011-07-25 17:30:15.403136253,-85.02503140984025,80.39191357474347,0.390625,9,-17.772026701131708,35.19820284330316,0.390625
1042,2011-07-25 19:19:22.762655497,-74.46291570675452,92.16872226551509,0.390625,6,-17.666010221340642,35.298213112818715,0.390625
1043,2011-07-25 21:59:24.722616911,-68.12564628490306,97.07572588666993,3.515625,6,-17.621880284740506,35.35809382827837,3.515625
1044,2011-07-26 00:38:18.726329088,-70.23806942552021,96.09432516243895,0.390625,7,-17.630681271067534,35.33815837298312,0.390625
1045,2011-07-26 02:26:09.217229605,-72.35049256613736,89.22452009282217,0.390625,7,-17.692680074256447,35.31802061153226,0.390625
1046,2011-07-26 03:06:19.651190758,-115.6551669487889,91.18732154128413,99.609375,6,-17.673110009345873,34.90997942607731,99.609375
1047,2011-07-26 03:36:46.034743071,-258.24372894044643,-312.16837611764305,25.390625,6,-21.30145771763021,33.51172851083671,25.390625
1048,2011-07-26 06:29:35.259080172,-100.86820496446886,179.5133867220711,98.828125,6,-16.875855654993188,35.05341175044405,98.828125
1049,2011-07-26 06:37:02.935561419,-7.921586777314309,146.14576209821823,96.484375,6,-17.1795345048622,35.92553776210061,96.484375
1050,2011-07-26 06:37:29.142164469,-78.6877619879888,90.20592081705315,25.390625,6,-17.683597365970396,35.25832508977537,25.390625
1051,2011-07-26 10:22:43.067269087,-72.35049256613736,90.20592081705315,12.890625,6,-17.683813443650585,35.318054065169434,12.890625
1052,2011-07-26 17:10:24.401389360,-151.56636033928044,23.47067156934743,58.984375,6,-18.282576602408806,34.56666621138471,58.984375
1053,2011-07-26 19:21:18.600636721,-73.40670413644592,93.15012298974607,0.390625,7,-17.657178805160427,35.30820088441521,0.390625
1054,2011-07-26 19:23:46.225771904,-77.6315504176802,87.26171864436024,25.390625,6,-17.710234219242757,35.268172112087214,25.390625
1055,2011-07-26 19:31:53.672808647,-77.6315504176802,88.2431193685912,5.859375,6,-17.701367700148225,35.26820804882992,5.859375
1056,2011-07-26 20:09:09.830399752,-69.18185785521162,90.20592081705315,12.890625,6,-17.683914684388927,35.34791886243631,12.890625
1057,2011-07-26 20:27:29.098480940,-134.66697521434324,-24.617963917969927,0.390625,7,-18.718059047664205,34.72323385669195,0.390625
1058,2011-07-27 01:18:59.116899967,-95.58714711292599,0.8984549120352028,1.171875,10,-18.489719601846108,35.09492439002059,1.171875
1059,2011-07-27 01:32:42.808583975,-69.18185785521162,91.18732154128413,0.390625,7,-17.675047991730793,35.347950832621926,0.390625
1060,2011-07-27 01:42:33.356936216,-70.23806942552021,92.16872226551509,0.390625,7,-17.666148083171944,35.338028805363734,0.390625
1061,2011-07-27 01:48:10.543884993,-73.40670413644592,86.28031792012926,24.609375,6,-17.719245089553574,35.30796329111308,24.609375
1062,2011-07-27 01:54:43.010024786,-101.92441653477745,98.05712661090088,29.296875,6,-17.61172163123985,35.039702950447946,29.296875
1063,2011-07-27 02:06:14.093066216,-74.46291570675452,95.112924438208,0.390625,8,-17.639410345113053,35.298316162335716,0.390625
1064,2011-07-27 02:24:48.939774275,-66.01322314428592,93.15012298974607,0.390625,8,-17.65741113604714,35.37787531942014,0.390625
1065,2011-07-27 02:33:41.740233660,-62.844588433360194,98.05712661090088,0.390625,9,-17.61316899713504,35.407880894729054,0.390625
1066,2011-07-27 02:37:38.136516571,-68.12564628490306,93.15012298974607,0.390625,8,-17.65734726967898,35.357968230005476,0.390625
1067,2011-07-27 04:38:33.272740602,-71.29428099582877,91.18732154128413,4.296875,6,-17.67498103721874,35.32804192157999,4.296875
1068,2011-07-27 06:07:41.994855165,-273.0306909247665,-275.85654932109736,62.109375,6,-20.971673464022224,33.37514037688172,62.109375
1069,2011-07-27 06:30:46.345040560,-260.35615208106356,-231.6935167307039,6.640625,6,-20.574995450746506,33.50346214651994,6.640625
1070,2011-07-27 07:02:53.860246897,-69.18185785521162,94.13152371397702,0.390625,7,-17.6484478655739,35.34804663126949,0.390625
1071,2011-07-27 09:04:46.816810131,-284.64901819816083,-185.5676826918484,0.390625,7,-20.15531321687123,33.2780204882508,0.390625
1072,2011-07-27 16:05:49.817774773,-225.50117026088066,-110.98122765029498,33.984375,8,-19.489869851941915,33.85235561470184,33.984375
1073,2011-07-27 16:23:29.053278685,-164.2408991829833,-37.3761733329725,0.390625,7,-18.831157536578473,34.44185704979589,0.390625
1074,2011-07-27 20:39:23.978070736,-72.35049256613736,91.18732154128413,0.390625,7,-17.67494680500336,35.31808749929363,0.390625
1075,2011-07-27 20:49:00.240331173,-102.98062810508601,-265.0611413545567,75.390625,6,-20.891530363640506,35.010270023627825,75.390625
1076,2011-07-27 21:11:57.245796919,-266.69342150291504,-323.9451848084147,99.609375,9,-21.406491001089428,33.42851957489247,99.609375
1077,2011-07-27 21:30:58.297415972,-269.8620562138408,-321.98238335995273,74.609375,7,-21.388310711021383,33.39830459646576,74.609375
1078,2011-07-27 21:51:59.971338749,-76.57533884737164,93.15012298974607,0.390625,8,-17.657071693321473,35.278340749409494,0.390625
1079,2011-07-27 23:03:26.947503090,-68.12564628490306,95.112924438208,25.390625,10,-17.639613793243882,35.358031065847825,25.390625
1080,2011-07-27 23:19:03.530043124,-68.12564628490306,95.112924438208,0.390625,9,-17.639613793243882,35.358031065847825,0.390625
1081,2011-07-27 23:24:40.011755943,-69.18185785521162,92.16872226551509,0.390625,10,-17.666181291039898,35.34798278415317,0.390625
1082,2011-07-27 23:33:16.047394753,-70.23806942552021,91.18732154128413,0.390625,9,-17.675014766129518,35.33799636613267,0.390625
1083,2011-07-28 00:01:14.623513460,-82.9126082692231,94.13152371397702,65.234375,10,-17.647977430453476,35.21865938023585,65.234375
1084,2011-07-28 00:03:15.628614664,-68.12564628490306,91.18732154128413,0.390625,10,-17.675080714017728,35.35790532071794,0.390625
1085,2011-07-28 00:09:42.388555288,-69.18185785521162,93.15012298974607,0.390625,10,-17.657314582319767,35.34801471703427,0.390625
1086,2011-07-28 00:13:15.289369106,-69.18185785521162,93.15012298974607,25.390625,8,-17.657314582319767,35.34801471703427,25.390625
1087,2011-07-28 00:45:31.878494978,-77.6315504176802,89.22452009282217,25.390625,6,-17.692501172996273,35.268243964626265,25.390625
1088,2011-07-28 00:48:12.676681995,-71.29428099582877,94.13152371397702,0.390625,8,-17.648381018257464,35.328140644703694,0.390625
1089,2011-07-28 00:57:32.630416632,-95.58714711292599,77.44771140205059,0.390625,9,-17.79819199570211,35.09847580814177,0.390625
1090,2011-07-28 01:06:16.768185377,-77.6315504176802,86.28031792012926,1.953125,6,-17.71910073027636,35.26813615439335,1.953125
1091,2011-07-28 01:14:54.082229376,-68.12564628490306,93.15012298974607,25.390625,8,-17.65734726967898,35.357968230005476,25.390625
1092,2011-07-28 01:27:47.822027445,-78.6877619879888,86.28031792012926,25.390625,6,-17.71906337890117,35.258179430069525,25.390625
1093,2011-07-28 02:09:36.655702114,-180.08407273761196,-2.0457472606576963,0.390625,6,-18.510794324512357,34.29479428191707,0.390625
1094,2011-07-28 02:30:21.915780306,-171.63438017514335,-81.53920592336598,0.390625,6,-19.229366421367416,34.36784465585876,0.390625
1095,2011-07-28 03:45:34.952858448,-71.29428099582877,95.112924438208,0.390625,8,-17.639514329214496,35.32817351398436,0.390625
1096,2011-07-28 04:12:38.722949743,-227.61359340149778,-118.83243344414271,0.390625,12,-19.560503375661742,33.83130195863802,0.390625
1097,2011-07-28 09:03:33.760860443,-71.29428099582877,93.15012298974607,3.515625,7,-17.65724769927484,35.328107756212326,3.515625
1098,2011-07-28 10:09:12.845778942,-401.88850250241256,-141.404650101455,0.390625,7,-19.73640193725151,32.16814569516026,0.390625
1099,2011-07-28 13:43:27.025985003,-68.12564628490306,94.13152371397702,0.390625,9,-17.648480535471716,35.35799965710521,0.390625
1100,2011-07-28 13:52:04.832876444,-72.35049256613736,92.16872226551509,0.390625,9,-17.666080158318273,35.31812091390928,0.390625
1101,2011-07-28 13:53:32.463041544,-76.57533884737164,86.28031792012926,27.734375,6,-17.719137577034516,35.27809290298976,27.734375
1102,2011-07-28 14:19:13.666921616,-73.40670413644592,90.20592081705315,0.390625,7,-17.68377868959466,35.30809917750985,0.390625
1103,2011-07-28 15:08:54.034759283,-168.4657454642176,-57.98558854182279,0.390625,12,-19.01693377689575,34.40001694112522,0.390625
1104,2011-07-28 19:27:57.342571735,-75.51912727706308,93.15012298974607,33.984375,8,-17.657107900016587,35.288294104279906,33.984375
1105,2011-07-28 21:08:39.619318247,-68.12564628490306,94.13152371397702,0.390625,9,-17.648480535471716,35.35799965710521,0.390625
1106,2011-07-28 21:32:46.644218445,-75.51912727706308,90.20592081705315,72.265625,6,-17.683707670798277,35.28818947131386,72.265625
1107,2011-07-28 22:54:43.545069456,-106.14926281601176,90.20592081705315,88.671875,6,-17.682451574559874,34.99951066975106,88.671875
1108,2011-07-28 23:29:01.512199163,-78.6877619879888,88.2431193685912,25.390625,6,-17.70133038855439,35.25825230238495,25.390625
1109,2011-07-28 23:53:13.405663729,-71.29428099582877,98.05712661090088,0.390625,9,-17.612914213967084,35.328272006605744,0.390625
1110,2011-07-28 23:59:58.721719980,-117.76759008940606,-7.934151606043495,0.390625,6,-18.5683825612508,34.88441597010881,0.390625
1111,2011-07-29 00:00:17.818182707,-244.512978526435,-122.75803634106657,60.546875,8,-19.593930068296782,33.669871041171625,60.546875
1112,2011-07-29 00:27:34.486750841,-75.51912727706308,92.16872226551509,0.390625,8,-17.665974498318004,35.28825924698413,0.390625
1113,2011-07-29 00:28:37.221270800,-60.73216529274304,95.112924438208,0.390625,12,-17.639828297201397,35.42769941550318,0.390625
1114,2011-07-29 01:05:57.888182163,-70.23806942552021,94.13152371397702,0.390625,7,-17.64841469316754,35.3380936270258,0.390625
1115,2011-07-29 01:09:48.088691235,-134.66697521434324,23.47067156934743,39.453125,6,-18.283707954089795,34.72644955465421,39.453125
1116,2011-07-29 01:38:47.833766222,-127.27349422218323,13.656664327037765,0.390625,12,-18.372808032061727,34.79574485374892,0.390625
1117,2011-07-29 01:51:10.296198368,-153.67878347989756,-39.33897478143443,21.484375,10,-18.84969474953962,34.541881310349765,21.484375
1118,2011-07-29 02:26:37.122585058,-276.1993256356922,-283.7077551149451,61.328125,8,-21.042037397099595,33.34344793444483,61.328125
1119,2011-07-29 02:39:39.651820183,-123.04864794094895,29.35907591473323,25.390625,8,-18.23121890025418,34.836661262546734,25.390625
1120,2011-07-29 03:04:12.754698515,-68.12564628490306,98.05712661090088,0.390625,8,-17.613013518471966,35.358125181974636,0.390625
1121,2011-07-29 03:40:45.207268953,-72.35049256613736,90.20592081705315,12.890625,6,-17.683813443650585,35.318054065169434,12.890625
1122,2011-07-29 04:34:48.733227015,-151.56636033928044,50.94989184781449,90.234375,6,-18.03438325283322,34.56868929694348,90.234375
1123,2011-07-29 09:22:41.647094727,-70.23806942552021,93.15012298974607,6.640625,7,-17.657281392183442,35.33806122566001,6.640625
1124,2011-07-29 09:38:13.860967398,-76.57533884737164,91.18732154128413,1.953125,7,-17.674804843196448,35.27827003940705,1.953125
1125,2011-07-29 10:12:10.816092014,-76.57533884737164,95.112924438208,0.390625,8,-17.63933851129453,35.278411376860056,0.390625
1126,2011-07-29 11:45:00.736008883,-74.46291570675452,95.112924438208,0.390625,8,-17.639410345113053,35.298316162335716,0.390625
1127,2011-07-29 19:35:01.501967191,-68.12564628490306,99.03852733513186,32.421875,9,-17.604146744196896,35.358156517330436,32.421875
1128,2011-07-29 21:24:00.963323832,-176.91543802668622,-177.71647689800068,83.984375,9,-20.097342514379324,34.30855553373251,83.984375
1129,2011-07-30 00:28:02.206779480,-71.29428099582877,97.07572588666993,0.390625,8,-17.621780927065792,35.32823919493102,0.390625
1130,2011-07-30 02:36:11.878418446,-68.12564628490306,96.09432516243895,25.390625,9,-17.63074704299897,35.35806245623749,25.390625
1131,2011-07-30 03:50:59.365676403,-169.52195703452622,-62.89259216297762,0.390625,8,-19.06115912381064,34.3895613283668,0.390625
1132,2011-07-30 07:02:50.841081858,-69.18185785521162,90.20592081705315,0.390625,7,-17.683914684388927,35.34791886243631,0.390625
1133,2011-07-30 07:40:55.555738211,-72.35049256613736,89.22452009282217,1.953125,6,-17.692680074256447,35.31802061153226,1.953125
1134,2011-07-30 09:39:19.117031336,-397.6636562211783,-137.47904720453113,0.390625,8,-19.701875371338577,32.2091972896129,0.390625
1135,2011-07-30 10:31:55.902656078,-75.51912727706308,88.2431193685912,0.390625,7,-17.70144081109174,35.28811961417439,0.390625
1136,2011-07-30 11:29:58.181275606,-59.675953722434464,99.03852733513186,0.390625,12,-17.60438936259113,35.437762009658236,0.390625
1137,2011-07-30 13:17:22.803167582,-75.51912727706308,92.16872226551509,0.390625,9,-17.665974498318004,35.28825924698413,0.390625
1138,2011-07-30 13:24:42.253289461,-72.35049256613736,98.05712661090088,1.953125,7,-17.612880109609364,35.31832099217233,1.953125
1139,2011-07-30 15:00:26.608331203,-104.0368396753946,75.48490995358866,6.640625,7,-17.815540303826616,35.01869431989297,6.640625
1140,2011-07-30 16:30:03.003863335,-256.1313057998293,-152.2000580679956,0.390625,9,-19.85818234226243,33.55518500731782,0.390625
1141,2011-07-30 17:35:13.280050516,-264.5809983622979,-305.2985710480263,70.703125,8,-21.238559314249763,33.45177972504313,70.703125
1142,2011-07-30 17:39:30.989031792,-77.6315504176802,87.26171864436024,26.171875,6,-17.710234219242757,35.268172112087214,26.171875
1143,2011-07-30 18:21:38.621082544,-74.46291570675452,93.15012298974607,1.171875,7,-17.657143603964638,35.29824748272502,1.171875
1144,2011-07-30 18:23:22.799585819,-77.6315504176802,90.20592081705315,0.390625,7,-17.683634637790412,35.26827985948102,0.390625
1145,2011-07-30 19:22:40.295165777,-73.40670413644592,92.16872226551509,0.390625,7,-17.66604544134244,35.30816700190366,0.390625
1146,2011-07-30 19:51:17.159208536,-169.52195703452622,-62.89259216297762,3.515625,12,-19.06115912381064,34.3895613283668,3.515625
1147,2011-07-30 19:52:24.005805016,-191.70240001100626,-76.63220230221117,6.640625,6,-19.183259803513337,34.17756421443488,6.640625
1148,2011-07-30 19:52:54.871388197,-68.12564628490306,97.07572588666993,0.390625,11,-17.621880284740506,35.35809382827837,0.390625
1149,2011-07-30 20:12:23.991453886,-74.46291570675452,90.20592081705315,1.171875,7,-17.68374343197551,35.29814431278138,1.171875
1150,2011-07-30 20:21:16.000981331,-76.57533884737164,90.20592081705315,25.390625,8,-17.683671406068157,35.278234653437124,25.390625
1151,2011-07-30 20:25:55.668841600,-70.23806942552021,95.112924438208,0.390625,9,-17.639547986127734,35.3381260094654,0.390625
1152,2011-07-30 21:31:34.568935633,-72.35049256613736,90.20592081705315,12.890625,6,-17.683813443650585,35.318054065169434,12.890625
1153,2011-07-30 22:55:12.922224998,-73.40670413644592,91.18732154128413,0.390625,9,-17.674912069488357,35.30813309960338,0.390625
1154,2011-07-30 23:08:46.307081699,-69.18185785521162,90.20592081705315,5.078125,6,-17.683914684388927,35.34791886243631,5.078125
1155,2011-07-30 23:12:03.957158566,-70.23806942552021,92.16872226551509,0.390625,8,-17.666148083171944,35.338028805363734,0.390625
1156,2011-07-30 23:34:28.650685549,-268.80584464353217,-279.78215221802117,99.609375,6,-21.007714072213627,33.41511585324845,99.609375
1157,2011-07-31 00:32:20.338207245,-68.12564628490306,94.13152371397702,0.390625,9,-17.648480535471716,35.35799965710521,0.390625
1158,2011-07-31 01:10:15.600110292,-72.35049256613736,91.18732154128413,0.390625,7,-17.67494680500336,35.31808749929363,0.390625
1159,2011-07-31 01:12:46.007693052,-63.900800003668756,94.13152371397702,0.390625,10,-17.64860618988378,35.397811969777074,0.390625
1160,2011-07-31 01:36:01.269922495,-77.6315504176802,88.2431193685912,0.390625,6,-17.701367700148225,35.26820804882992,0.390625
1161,2011-07-31 01:42:32.717343092,-269.8620562138408,-321.00098263572175,99.609375,9,-21.379456250420688,33.398461223390356,99.609375
1162,2011-07-31 02:30:56.137954712,-132.55455207372611,20.526469396654534,24.609375,6,-18.31043370306294,34.74623199121081,24.609375
1163,2011-07-31 02:55:41.082396984,-73.40670413644592,92.16872226551509,0.390625,8,-17.66604544134244,35.30816700190366,0.390625
1164,2011-07-31 03:10:49.691847086,-130.44212893310893,-29.524967539124763,24.609375,8,-18.7626487642903,34.76295954955351,24.609375
1165,2011-07-31 04:01:15.390746117,-134.66697521434324,-26.58076536643186,0.390625,11,-18.73578722770574,34.72310070779651,0.390625
1166,2011-07-31 05:29:03.777308941,-247.68161323736075,-153.18145879222658,0.390625,10,-19.86812778659407,33.63565518069394,0.390625
1167,2011-07-31 08:09:20.173746586,-262.4685752216808,-276.83795004532834,18.359375,8,-20.982062400342667,33.47645767462703,18.359375
1168,2011-07-31 12:49:26.913392782,-78.6877619879888,87.26171864436024,25.390625,6,-17.710196887759192,35.258215876845284,25.390625
1169,2011-07-31 14:54:05.119041443,-262.4685752216808,-321.00098263572175,74.609375,7,-21.38054606639894,33.469682785542894,74.609375
1170,2011-07-31 14:57:28.407690048,-274.0869024950751,-285.67055656340705,25.390625,8,-21.060062825949565,33.36343738205104,25.390625
1171,2011-07-31 16:32:51.748660564,-100.86820496446886,91.18732154128413,94.140625,6,-17.673832305968546,35.04932771913709,94.140625
1172,2011-07-31 16:39:38.240358591,-71.29428099582877,95.112924438208,0.390625,7,-17.639514329214496,35.32817351398436,0.390625
1173,2011-07-31 17:12:10.543190479,-70.23806942552021,89.22452009282217,1.953125,6,-17.692748107937877,35.33793143084894,1.953125
1174,2011-07-31 17:18:21.641993284,-94.5309355426174,107.87113385321054,2.734375,6,-17.523385162299355,35.10978902889397,2.734375
1175,2011-07-31 18:26:10.302676439,-154.73499505020612,-81.53920592336598,0.390625,10,-19.230728131201,34.52850767820923,0.390625
1176,2011-07-31 18:31:36.120217562,-73.40670413644592,96.09432516243895,0.390625,7,-17.63057884843292,35.30830241326233,0.390625
1177,2011-07-31 18:33:39.036685705,-166.35332232360048,-23.63656319373896,37.109375,6,-18.706908575814673,34.422976533990905,37.109375
1178,2011-07-31 18:48:12.528954744,-261.4123636513722,-293.5217623572548,81.640625,8,-21.13275440196045,33.48407471430342,81.640625
1179,2011-07-31 19:56:55.134025097,-124.10485951125752,21.5078701208855,0.390625,7,-18.302076940060925,34.826200422512315,0.390625
1180,2011-07-31 19:59:18.339321375,-75.51912727706308,92.16872226551509,0.390625,7,-17.665974498318004,35.28825924698413,0.390625
1181,2011-07-31 20:19:42.159988880,-72.35049256613736,92.16872226551509,0.390625,8,-17.666080158318273,35.31812091390928,0.390625
1182,2011-07-31 21:17:42.186794758,-79.74397355829736,91.18732154128413,25.390625,6,-17.674693087394072,35.24840719444731,25.390625
1183,2011-07-31 21:26:10.289557695,-73.40670413644592,94.13152371397702,0.390625,9,-17.648312160945824,35.3082347471425,0.390625
1184,2011-07-31 21:54:20.605551004,-104.0368396753946,22.489270845116465,25.390625,6,-18.294283652234927,35.01603377059133,25.390625
1185,2011-07-31 22:15:34.298863411,-68.12564628490306,93.15012298974607,0.390625,10,-17.65734726967898,35.357968230005476,0.390625
1186,2011-07-31 22:43:48.206898451,-78.6877619879888,91.18732154128413,25.390625,8,-17.674730842598233,35.258361451635785,25.390625
1187,2011-07-31 22:58:36.938332319,-68.12564628490306,92.16872226551509,0.390625,10,-17.666213995862147,35.35793678454444,0.390625
1188,2011-07-31 23:20:23.111284018,-70.23806942552021,92.16872226551509,0.390625,8,-17.666148083171944,35.338028805363734,0.390625
1189,2011-07-31 23:29:30.779455900,-17.42749091009148,-4.008548709119629,99.609375,6,-18.536143277007618,35.834936370931025,99.609375
1190,2011-08-01 00:05:08.659382582,-77.6315504176802,94.13152371397702,1.953125,6,-17.648168416498216,35.26842322957941,1.953125
1191,2011-08-01 00:16:04.477774143,-281.4803834872351,-280.76355294225215,99.609375,8,-21.014673824356805,33.29317590365973,99.609375
1192,2011-08-01 00:32:32.667081833,-147.34151405804613,-45.227379126820225,0.390625,10,-18.903336787690403,34.60155520996938,0.390625
1193,2011-08-01 00:43:43.966371775,-274.0869024950751,-178.69787762223166,0.390625,7,-20.09485619305393,33.37997445312111,0.390625
1194,2011-08-01 03:15:42.840695858,-153.67878347989756,-105.09282330490919,30.078125,11,-19.443516127429344,34.53665531477332,30.078125
1195,2011-08-01 04:19:37.601564884,-69.18185785521162,94.13152371397702,0.390625,8,-17.6484478655739,35.34804663126949,0.390625
1196,2011-08-01 07:56:04.261634588,-73.40670413644592,83.33611574743638,34.765625,6,-17.74584480493492,35.307861168265276,34.765625
1197,2011-08-01 09:35:16.886621952,-72.35049256613736,96.09432516243895,1.171875,7,-17.630613491269575,35.31825437737528,1.171875
1198,2011-08-01 15:25:03.061074257,-164.2408991829833,-75.65080157798019,0.390625,9,-19.17680427550376,34.43863496118851,0.390625
1199,2011-08-01 16:01:24.018873692,-118.82380165971465,23.47067156934743,0.390625,8,-18.284647358898535,34.87625639718248,0.390625
1200,2011-08-01 16:26:06.199361086,-72.35049256613736,90.20592081705315,0.390625,7,-17.683813443650585,35.318054065169434,0.390625
1201,2011-08-01 16:37:22.625597000,-73.40670413644592,90.20592081705315,5.859375,6,-17.68377868959466,35.30809917750985,5.859375
1202,2011-08-01 17:59:00.902318716,-156.8474181908233,-50.13438274797505,9.765625,9,-18.946951437380037,34.510962281985876,9.765625
1203,2011-08-01 18:17:24.860984564,-68.12564628490306,94.13152371397702,25.390625,9,-17.648480535471716,35.35799965710521,25.390625
1204,2011-08-01 18:19:46.352574348,-397.6636562211783,-142.3860508256859,0.390625,9,-19.746104545346675,32.20815267853638,0.390625
1205,2011-08-01 18:30:17.494260311,-406.1133487836469,-129.62784141068337,25.390625,9,-19.62939555611031,32.13048538394823,25.390625
1206,2011-08-01 20:16:18.228457928,-393.43880993994395,-142.3860508256859,0.390625,10,-19.74695275909404,32.248373109921324,0.390625
1207,2011-08-01 23:22:58.295432091,-71.29428099582877,94.13152371397702,0.390625,8,-17.648381018257464,35.328140644703694,0.390625
1208,2011-08-01 23:25:03.224678278,-161.0722644720576,-33.45057043604863,6.640625,7,-18.79595415679252,34.47222994161123,6.640625
1209,2011-08-01 23:55:48.163619518,-71.29428099582877,94.13152371397702,0.390625,10,-17.648381018257464,35.328140644703694,0.390625
1210,2011-08-02 00:00:37.264889955,-226.55738183118922,-91.35321316567564,0.390625,6,-19.31256340536629,33.84463750979351,0.390625
1211,2011-08-02 00:27:51.905165911,-73.40670413644592,92.16872226551509,0.390625,7,-17.66604544134244,35.30816700190366,0.390625
1212,2011-08-02 01:12:06.062167406,-72.35049256613736,96.09432516243895,0.390625,9,-17.630613491269575,35.31825437737528,0.390625
1213,2011-08-02 01:21:14.144699574,-87.1374545504574,87.26171864436024,25.390625,6,-17.70988008001841,35.178566908128566,25.390625
1214,2011-08-02 03:12:33.302846670,-284.64901819816083,-295.4845638057166,43.359375,10,-21.14699322918465,33.26029675745425,43.359375
1215,2011-08-02 05:31:41.620714903,-76.57533884737164,93.15012298974607,56.640625,6,-17.657071693321473,35.278340749409494,56.640625
1216,2011-08-02 06:09:18.835371494,-286.76144133877796,-280.76355294225215,51.953125,6,-21.013858475492977,33.2424352589765,51.953125
1217,2011-08-02 10:34:30.545001984,-73.40670413644592,102.96413023205572,17.578125,7,-17.568512002127783,35.30853862213811,17.578125
1218,2011-08-02 11:16:36.532689810,-105.09305124570317,75.48490995358866,0.390625,6,-17.8154900461193,35.008732912734295,0.390625
1219,2011-08-02 17:00:27.690954924,-251.90645951859506,-319.0381811872598,97.265625,6,-21.364339282757538,33.57172781864247,97.265625
1220,2011-08-02 18:18:53.063432693,-168.4657454642176,-29.524967539124763,38.671875,6,-18.759916057239256,34.40245669028371,38.671875
1221,2011-08-02 19:51:53.425572872,-81.85639669891451,86.28031792012926,12.890625,7,-17.718948297128094,35.22830940603472,12.890625
1222,2011-08-02 23:38:39.126857757,-282.5365950575437,-281.7449536664831,25.390625,10,-21.023365972207138,33.28286706782349,25.390625
1223,2011-08-02 23:44:46.850277901,-123.04864794094895,28.377675190502263,0.390625,8,-18.240083825295944,34.836602307947075,0.390625
1224,2011-08-03 02:26:01.249207258,-72.35049256613736,93.15012298974607,0.390625,9,-17.65721350359884,35.31815430902084,0.390625
1225,2011-08-03 02:43:37.044164181,-149.4539371986633,-93.31601461413757,0.390625,11,-19.337481085806637,34.57779950260808,0.390625
1226,2011-08-03 03:16:47.582789183,-203.32072728440062,-44.24597840258926,44.921875,6,-18.88971858085023,34.07054033094075,44.921875
1227,2011-08-03 14:03:02.234793186,-50.17004958965729,237.4160294516981,2.734375,6,-16.354294517860225,35.53043974263867,2.734375
1228,2011-08-03 16:05:08.642606020,-236.0632859639664,-122.75803634106657,0.390625,9,-19.594952857455194,33.750346774919926,0.390625
1229,2011-08-03 17:36:23.780073881,-147.34151405804613,29.35907591473323,50.390625,6,-18.22968730347289,34.60703504949368,50.390625
1230,2011-08-03 22:14:02.245191574,-256.1313057998293,-312.16837611764305,0.390625,6,-21.301757394032872,33.5320680975428,0.390625
1231,2011-08-03 23:35:05.543307304,-238.17570910458358,-129.62784141068337,12.890625,6,-19.656709611482903,33.7293559861559,12.890625
1232,2011-08-03 23:55:32.362297297,-68.12564628490306,97.07572588666993,0.390625,11,-17.621880284740506,35.35809382827837,0.390625
1233,2011-08-04 03:31:53.072156668,-225.50117026088066,-107.05562475337112,0.390625,9,-19.45443254121152,33.852822643324686,0.390625
1234,2011-08-04 03:47:58.890158415,-62.844588433360194,97.07572588666993,0.390625,10,-17.622035846650387,35.407851971092306,0.390625
1235,2011-08-04 04:21:58.194668531,-85.02503140984025,92.16872226551509,0.390625,9,-17.66563035605717,35.198675555136596,0.390625
1236,2011-08-04 13:16:30.274589539,-168.4657454642176,-71.72519868105633,0.390625,12,-19.141008637702022,34.39882498601159,0.390625
1237,2011-08-04 17:35:10.691249371,-160.016052901749,-69.7623972325944,0.390625,9,-19.123964944579924,34.479275445261585,0.390625
1238,2011-08-04 18:03:28.022081852,-174.8030148860691,-59.948389990284724,14.453125,8,-19.03412766872017,34.339671785014154,14.453125
1239,2011-08-04 21:43:00.866161346,-135.72318678465183,121.61074399244409,73.046875,7,-17.397151434705165,34.72280098967602,73.046875
1240,2011-08-04 22:50:03.699251890,-73.40670413644592,90.20592081705315,12.890625,6,-17.68377868959466,35.30809917750985,12.890625
1241,2011-08-04 22:51:53.052884102,-112.48653223786319,34.26607953588806,5.859375,9,-18.18747277182771,34.93677444230779,5.859375
1242,2011-08-04 23:08:13.820865154,-135.72318678465183,-39.33897478143443,25.390625,8,-18.850950535910993,34.71221174953989,25.390625
1243,2011-08-04 23:18:56.388140678,-300.49219175278944,-297.4473652541786,6.640625,9,-21.162162386251218,33.10760768707825,6.640625
1244,2011-08-05 00:04:50.559940338,-162.12847604236617,-62.89259216297762,0.390625,11,-19.061758800393516,34.459779285754266,0.390625
1245,2011-08-05 00:38:43.965340614,-289.9300760497037,-169.86527110415295,0.390625,6,-20.01285245236181,33.23005635000074,0.390625
1246,2011-08-05 01:03:29.386694193,-76.57533884737164,107.87113385321054,0.390625,7,-17.52407204635906,35.27886844567241,0.390625
1247,2011-08-05 01:12:28.092056751,-152.622571909589,-65.83679433567052,13.671875,9,-19.08907991901341,34.549831919687996,13.671875
1248,2011-08-05 01:29:16.675452232,-68.12564628490306,96.09432516243895,0.390625,9,-17.63074704299897,35.35806245623749,0.390625
1249,2011-08-05 01:31:41.700237989,-120.9362248003318,34.26607953588806,48.828125,6,-18.187014022935053,34.856919012347106,48.828125
1250,2011-08-05 03:07:38.667717218,-77.6315504176802,91.18732154128413,25.390625,6,-17.674768094534162,35.26831573339894,25.390625
1251,2011-08-05 03:44:10.621758223,-259.29994051075505,-281.7449536664831,56.640625,7,-21.026788923170102,33.50616503375729,56.640625
1252,2011-08-05 03:48:38.569545507,-169.52195703452622,-64.85539361143957,12.109375,11,-19.07888403444984,34.389390077942416,12.109375
1253,2011-08-05 06:02:17.346828461,-165.29711075329192,24.452072293578397,62.890625,6,-18.27269570714832,34.43693064414876,62.890625
1254,2011-08-05 11:23:14.499594212,-190.6461884406977,-98.22301823529241,0.390625,9,-19.378308033552884,34.18545509383112,0.390625
1255,2011-08-05 17:04:24.108697176,-40.664145456880114,190.30879468861175,3.515625,6,-16.780140160163434,35.618570543239386,3.515625
1256,2011-08-05 19:01:45.150955677,-225.50117026088066,-114.90683054721885,5.859375,10,-19.52530701333716,33.851887565557945,5.859375
1257,2011-08-05 21:29:35.614560127,-154.73499505020612,-167.90246965569105,70.703125,10,-20.01062698290035,34.5213908584953,70.703125
1258,2011-08-05 22:54:02.435940027,-149.4539371986633,20.526469396654534,44.140625,6,-18.30931730278606,34.58642284367372,44.140625
1259,2011-08-05 23:49:32.395733356,-83.96881983953166,66.65230343550995,0.390625,10,-17.89619510535947,35.20761357534597,0.390625
1260,2011-08-06 00:20:23.062304497,-239.23192067489214,-157.10706168915044,0.390625,9,-19.90461212383825,33.7157582321318,0.390625
1261,2011-08-06 01:53:34.207967997,-63.900800003668756,95.112924438208,0.390625,11,-17.63973938050253,35.39784143106834,0.390625
1262,2011-08-06 03:13:30.532558441,-70.23806942552021,91.18732154128413,6.640625,6,-17.675014766129518,35.33799636613267,6.640625
1263,2011-08-06 06:17:53.609301567,-273.0306909247665,-319.0381811872598,99.609375,6,-21.36127142915334,33.36825576469564,99.609375
1264,2011-08-06 09:49:54.104908228,-74.46291570675452,90.20592081705315,2.734375,6,-17.68374343197551,35.29814431278138,2.734375
1265,2011-08-06 12:07:38.596751213,-247.68161323736075,-291.5589609087928,74.609375,9,-21.11695328853613,33.616418604685684,74.609375
1266,2011-08-06 17:53:00.599668264,-60.73216529274304,96.09432516243895,0.390625,12,-17.630961432268727,35.427727399796495,0.390625
1267,2011-08-06 18:18:01.971690416,-83.96881983953166,85.29891719589831,24.609375,6,-17.727735432539355,35.20835726932765,24.609375
1268,2011-08-06 19:29:56.608618498,-279.36796034661796,-167.90246965569105,12.890625,6,-19.996690955155884,33.331180376303976,12.890625
1269,2011-08-06 19:36:40.871237516,-74.46291570675452,91.18732154128413,0.390625,9,-17.67487683067877,35.298178722839026,0.390625
1270,2011-08-06 23:05:52.146028757,-162.12847604236617,-73.68800012951826,0.390625,7,-19.159248667874625,34.458876188788004,0.390625
1271,2011-08-06 23:17:50.267931937,-71.29428099582877,94.13152371397702,0.390625,8,-17.648381018257464,35.328140644703694,0.390625
1272,2011-08-06 23:43:18.584108353,-71.29428099582877,95.112924438208,0.390625,8,-17.639514329214496,35.32817351398436,0.390625
1273,2011-08-07 00:49:42.496515989,-244.512978526435,-146.31165372260978,0.390625,6,-19.80652168317953,33.66678998682877,0.390625
1274,2011-08-07 00:58:56.936742783,-69.18185785521162,97.07572588666993,0.390625,8,-17.62184766721696,35.348142262142154,0.390625
1275,2011-08-07 01:19:33.547438622,-69.18185785521162,93.15012298974607,0.390625,9,-17.657314582319767,35.34801471703427,0.390625
1276,2011-08-07 02:18:11.975450516,-68.12564628490306,96.09432516243895,0.390625,8,-17.63074704299897,35.35806245623749,0.390625
1277,2011-08-07 02:31:38.408100843,-248.7378248076693,-147.29305444684076,0.390625,9,-19.814848289072767,33.62636948022833,0.390625
1278,2011-08-07 03:34:34.422845602,-141.0042446361947,-46.20877985105119,0.390625,8,-18.912643428168707,34.661620446426205,0.390625
1279,2011-08-07 03:40:55.480170965,-233.95086282334927,-115.88823127144983,14.453125,12,-19.53319168186698,33.7713192054906,14.453125
1280,2011-08-07 03:47:55.997241735,-304.7170380340237,-66.8181950599015,99.609375,7,-19.080909027569366,33.10555401936164,99.609375
1281,2011-08-07 05:00:01.229474783,-90.30608926138312,93.15012298974607,82.421875,6,-17.656555258795766,35.14894943135753,82.421875
1282,2011-08-07 05:59:50.089281082,-135.72318678465183,31.321877363195163,75.390625,6,-18.21272503420003,34.71698338472002,75.390625
1283,2011-08-07 08:07:16.240366697,-68.12564628490306,93.15012298974607,0.390625,10,-17.65734726967898,35.357968230005476,0.390625
1284,2011-08-07 08:40:57.634403467,-59.675953722434464,94.13152371397702,25.390625,12,-17.648723803792546,35.4376246015556,25.390625
1285,2011-08-07 08:42:01.437207699,-68.12564628490306,90.20592081705315,0.390625,10,-17.68394742414221,35.35787383852178,0.390625
1286,2011-08-07 08:46:54.989923716,-78.6877619879888,84.31751647166733,25.390625,6,-17.736796336982643,35.25810647279033,25.390625
1287,2011-08-07 08:49:14.028157473,-75.51912727706308,96.09432516243895,0.390625,9,-17.63050805690942,35.28839855406535,0.390625
1288,2011-08-07 08:52:27.057984829,-69.18185785521162,92.16872226551509,0.390625,10,-17.666181291039898,35.34798278415317,0.390625
1289,2011-08-07 09:50:20.305129051,-81.85639669891451,87.26171864436024,48.828125,6,-17.710081867273306,35.22834732002225,48.828125
1290,2011-08-07 12:48:23.857935905,-68.12564628490306,92.16872226551509,0.390625,10,-17.666213995862147,35.35793678454444,0.390625
1291,2011-08-07 13:36:26.230531216,-68.12564628490306,91.18732154128413,1.171875,7,-17.675080714017728,35.35790532071794,1.171875
1292,2011-08-07 14:16:48.367359877,-162.12847604236617,22.489270845116465,70.703125,6,-18.290665261191172,34.466729859913464,70.703125
1293,2011-08-07 16:12:41.677932262,-72.35049256613736,90.20592081705315,0.390625,7,-17.683813443650585,35.318054065169434,0.390625
1294,2011-08-07 16:39:39.973565817,-86.08124298014882,88.2431193685912,57.421875,6,-17.701055093633588,35.18856278430986,57.421875
1295,2011-08-07 18:09:09.796594381,-73.40670413644592,92.16872226551509,0.390625,7,-17.66604544134244,35.30816700190366,0.390625
1296,2011-08-07 18:30:33.523987769,-72.35049256613736,92.16872226551509,0.390625,9,-17.666080158318273,35.31812091390928,0.390625
1297,2011-08-07 18:37:57.218093634,-73.40670413644592,93.15012298974607,0.390625,7,-17.657178805160427,35.30820088441521,0.390625
1298,2011-08-07 18:53:31.934874773,-69.18185785521162,91.18732154128413,0.390625,8,-17.675047991730793,35.347950832621926,0.390625
1299,2011-08-07 18:55:56.490247011,-1.5843173554628618,147.1271628224492,75.390625,8,-17.17067997531307,35.98510825604371,75.390625
1300,2011-08-07 18:56:19.810127258,-72.35049256613736,92.16872226551509,42.578125,8,-17.666080158318273,35.31812091390928,42.578125
1301,2011-08-07 19:55:18.411984921,-69.18185785521162,92.16872226551509,0.390625,10,-17.666181291039898,35.34798278415317,0.390625
1302,2011-08-07 20:05:28.257269859,-71.29428099582877,93.15012298974607,0.390625,8,-17.65724769927484,35.328107756212326,0.390625
1303,2011-08-07 20:18:25.753878355,-146.28530248773757,18.563667948192595,0.390625,12,-18.32726498358336,34.616245259126394,0.390625
1304,2011-08-07 20:33:44.734932184,-263.5247867919894,-256.228534836478,97.265625,8,-20.795947013118468,33.46943031420219,97.265625
1305,2011-08-07 21:10:30.582587242,-81.85639669891451,-27.562166090662824,0.390625,8,-18.74739847387454,35.223760102163396,0.390625
1306,2011-08-07 21:18:10.244644880,-318.44778844803517,-197.34449138262005,0.390625,7,-20.25624930638259,32.95307302407486,0.390625
1307,2011-08-07 21:59:24.723015070,-73.40670413644592,91.18732154128413,0.390625,9,-17.674912069488357,35.30813309960338,0.390625
1308,2011-08-07 22:15:13.738796711,-75.51912727706308,92.16872226551509,48.046875,9,-17.665974498318004,35.28825924698413,48.046875
1309,2011-08-07 22:24:11.485054731,-381.8204826665497,17.58226722396163,24.609375,6,-18.306986019206455,32.39031821931571,24.609375
1310,2011-08-07 22:42:34.537178278,-68.12564628490306,95.112924438208,0.390625,8,-17.639613793243882,35.358031065847825,0.390625
1311,2011-08-07 22:58:53.725977182,-70.23806942552021,94.13152371397702,0.390625,10,-17.64841469316754,35.3380936270258,0.390625
1312,2011-08-07 23:02:43.582281828,-78.6877619879888,86.28031792012926,26.953125,6,-17.71906337890117,35.258179430069525,26.953125
1313,2011-08-07 23:44:56.125888348,-72.35049256613736,93.15012298974607,0.390625,8,-17.65721350359884,35.31815430902084,0.390625
1314,2011-08-08 00:21:00.805140972,-134.66697521434324,-81.53920592336598,0.390625,10,-19.232162181096257,34.71931164681129,0.390625
1315,2011-08-08 00:31:11.056289434,-268.80584464353217,-321.00098263572175,74.609375,7,-21.379613785925713,33.408635454938036,74.609375
1316,2011-08-08 00:46:05.673487425,-59.675953722434464,46.04288822665966,0.390625,8,-18.083190664857458,35.43625665578348,0.390625
1317,2011-08-08 00:55:27.553762674,-68.12564628490306,94.13152371397702,0.390625,9,-17.648480535471716,35.35799965710521,0.390625
1318,2011-08-08 00:58:32.077377319,-71.29428099582877,93.15012298974607,0.390625,7,-17.65724769927484,35.328107756212326,0.390625
1319,2011-08-08 00:58:54.190109253,-135.72318678465183,253.11844103939362,69.140625,7,-16.209129254583164,34.730726007537776,69.140625
1320,2011-08-08 01:04:38.975803375,-76.57533884737164,88.2431193685912,25.390625,6,-17.701404507662456,35.278163819536395,25.390625
1321,2011-08-08 01:43:00.577862263,-70.23806942552021,94.13152371397702,0.390625,7,-17.64841469316754,35.3380936270258,0.390625
1322,2011-08-08 02:35:59.459999561,73.40670413644592,200.12280193092138,99.609375,6,-16.690668068398498,36.688223575795924,99.609375
1323,2011-08-08 03:39:14.712396145,-135.72318678465183,-108.0370254776021,62.890625,9,-19.471404520345597,34.707385096616335,62.890625
1324,2011-08-08 03:40:23.607520103,-74.46291570675452,92.16872226551509,0.390625,8,-17.666010221340642,35.298213112818715,0.390625
1325,2011-08-08 10:44:13.644073963,-102.98062810508601,87.26171864436024,87.890625,6,-17.70919907691621,35.02922992304244,87.890625
1326,2011-08-08 18:35:31.237735987,-61.78837686305162,98.05712661090088,25.390625,12,-17.6131985884999,35.417832097387404,25.390625
1327,2011-08-08 18:38:39.277030468,-249.79403637797793,-154.1628595164575,0.390625,10,-19.876716586302578,33.615370655592116,0.390625
1328,2011-08-08 20:21:47.347059488,-157.90362976113187,-31.487768987586694,9.765625,12,-18.77847124714403,34.502433477039794,9.765625
1329,2011-08-08 20:46:11.619167089,-225.50117026088066,-87.42761026875178,2.734375,12,-19.277243755832682,33.855142514081095,2.734375
1330,2011-08-08 21:04:55.812850475,-153.67878347989756,-32.46916971181766,0.390625,9,-18.787651431969223,34.54241618886658,0.390625
1331,2011-08-08 22:52:26.053480864,-127.27349422218323,19.545068672423568,0.390625,12,-18.319619881340483,34.79611333252259,0.390625
1332,2011-08-08 22:57:13.676977396,-71.29428099582877,92.16872226551509,5.078125,6,-17.6661143722631,35.32807484850588,5.078125
1333,2011-08-09 00:15:17.311756849,-263.5247867919894,-268.9867442514806,99.609375,9,-20.911068535147578,33.46750276559225,99.609375
1334,2011-08-09 02:16:17.599024296,-206.4893619953263,-129.62784141068337,27.734375,6,-19.660271226819532,34.03129406249314,27.734375
1335,2011-08-09 02:28:07.827478647,-151.56636033928044,-31.487768987586694,0.390625,7,-18.77894325695851,34.56252220327396,0.390625
1336,2011-08-09 02:30:05.743614435,-106.14926281601176,128.48054906206085,0.390625,7,-17.33667502787552,35.00140232457242,0.390625
1337,2011-08-09 02:35:17.704059124,-156.8474181908233,16.600866499730664,49.609375,6,-18.344241603726076,34.51620774903547,49.609375
1338,2011-08-09 03:08:09.109450102,-76.57533884737164,89.22452009282217,26.953125,6,-17.692537960891332,35.27819924681514,26.953125
1339,2011-08-09 03:14:15.991605520,-280.4241719169266,-171.8280725526149,0.390625,9,-20.031959988818596,33.320498360056945,0.390625
1340,2011-08-09 03:38:30.272380352,-69.18185785521162,95.112924438208,0.390625,10,-17.639581140805802,35.34807852686305,0.390625
1341,2011-08-09 03:46:51.821770906,-150.51014876897187,-32.46916971181766,0.390625,10,-18.787883531098817,34.5724624932571,0.390625
1342,2011-08-09 04:10:03.998124123,-153.67878347989756,-31.487768987586694,0.390625,9,-18.778788066058354,34.54249242937187,0.390625
1343,2011-08-09 06:31:16.721919298,-164.2408991829833,-52.097184196437,5.859375,12,-18.964100178256167,34.440626036053885,5.859375
1344,2011-08-09 07:01:16.132731676,-121.99243637064036,14.63806505126873,0.390625,10,-18.36425271789398,34.845765266683514,0.390625
1345,2011-08-09 09:45:09.880390406,-123.04864794094895,13.656664327037765,0.390625,9,-18.373056693548968,34.835713944887104,0.390625
1346,2011-08-09 10:54:27.901764870,-152.622571909589,-33.45057043604863,0.390625,12,-18.796592731705424,34.55235581525549,0.390625
1347,2011-08-09 18:03:23.125910521,-69.18185785521162,95.112924438208,0.390625,9,-17.639581140805802,35.34807852686305,0.390625
1348,2011-08-09 19:19:21.162412882,-217.0514776984121,-108.0370254776021,0.390625,8,-19.464227038795737,33.933126926220424,0.390625
1349,2011-08-09 20:06:26.248616219,-149.4539371986633,-39.33897478143443,19.140625,9,-18.85000423450177,34.58195783578506,19.140625
1350,2011-08-09 21:26:02.486781597,-260.35615208106356,-309.2241739449502,24.609375,7,-21.274589963831577,33.491840100883074,24.609375
1351,2011-08-09 22:22:01.319582939,-299.43598018248093,73.52210850512672,58.984375,6,-17.815330343142975,33.176458778062916,58.984375
1352,2011-08-10 02:11:46.766539335,-73.40670413644592,93.15012298974607,0.390625,8,-17.657178805160427,35.30820088441521,0.390625
1353,2011-08-10 03:03:56.325488329,-168.4657454642176,-90.37181244144469,0.390625,9,-19.30939315625709,34.3971925255428,0.390625
1354,2011-08-10 03:57:11.648476839,-275.1431140653836,-279.78215221802117,97.265625,7,-21.00677777225404,33.35422409943235,97.265625
1355,2011-08-10 11:28:56.768781900,-392.38259836963545,-141.404650101455,0.390625,11,-19.738317080842926,32.2586349334468,0.390625
1356,2011-08-10 11:46:59.377343655,-273.0306909247665,-212.06550224608458,0.390625,10,-20.39609468297026,33.385025858507994,0.390625
1357,2011-08-10 11:55:21.602060318,-283.5928066278522,-288.6147587360999,99.609375,8,-21.085180683892503,33.271588121909396,99.609375
1358,2011-08-10 16:01:11.672243595,-130.44212893310893,23.47067156934743,24.609375,6,-18.283969935379684,34.76639715280486,24.609375
1359,2011-08-10 18:30:42.240837574,-96.64335868323455,82.3547150232054,1.953125,7,-17.753815571095295,35.08873984823394,1.953125
1360,2011-08-10 19:35:57.338709116,-252.96267108890362,-271.93094642417344,99.609375,8,-20.939111296903558,33.56850640032613,99.609375
1361,2011-08-10 20:48:16.947911263,-263.5247867919894,-289.59615946033085,86.328125,9,-21.097030431472362,33.46436129216348,86.328125
1362,2011-08-10 21:32:15.112948179,-251.90645951859506,-321.00098263572175,74.609375,8,-21.382050589889012,33.57143556699702,74.609375
1363,2011-08-11 00:45:49.548424244,-270.91826778414935,-291.5589609087928,99.609375,7,-21.113661597154493,33.39296666821353,99.609375
1364,2011-08-11 00:54:43.630341291,-268.80584464353217,-322.9637840841837,74.609375,7,-21.397322839703854,33.408323342470496,74.609375
1365,2011-08-11 08:05:05.295972347,-104.0368396753946,100.01992805936281,0.390625,10,-17.593891774895695,35.01989819434407,0.390625
1366,2011-08-11 08:26:18.545249462,-392.38259836963545,-138.46044792876205,0.390625,10,-19.711778038715725,32.2592534373819,0.390625
1367,2011-08-11 09:49:38.552952528,-280.4241719169266,-291.5589609087928,0.390625,8,-21.11223025219521,33.30156727065899,0.390625
1368,2011-08-11 15:04:26.526403904,-380.7642710962411,-130.60924213491433,18.359375,7,-19.64327354199156,32.37144348139553,18.359375
1369,2011-08-11 20:06:50.583259344,-262.4685752216808,-309.2241739449502,37.890625,8,-21.274285795407277,33.47150487623764,37.890625
1370,2011-08-11 23:14:49.742543936,-68.12564628490306,91.18732154128413,0.390625,9,-17.675080714017728,35.35790532071794,0.390625
1371,2011-08-12 00:36:43.095674038,-68.12564628490306,95.112924438208,25.390625,7,-17.639613793243882,35.358031065847825,25.390625
1372,2011-08-12 01:15:08.662518024,-256.1313057998293,-264.0797406303257,0.390625,8,-20.867827263458413,33.539226709592334,0.390625
1373,2011-08-12 07:16:27.559208870,-238.17570910458358,-127.66503996222143,0.390625,8,-19.63899277654876,33.72960529087352,0.390625
1374,2011-08-12 11:02:02.465757132,-260.35615208106356,-78.5950037506731,24.609375,9,-19.19333582530064,33.525028752046914,24.609375
1375,2011-08-12 17:50:43.041985750,-94.5309355426174,48.005689675121594,0.390625,9,-18.064216467465663,35.10710423297557,0.390625
1376,2011-08-12 18:28:38.515773535,-225.50117026088066,-118.83243344414271,0.390625,7,-19.560744025160453,33.85141849487444,0.390625
1377,2011-08-12 18:46:41.361466408,-225.50117026088066,-89.39041171721371,0.390625,8,-19.29496280126036,33.85491167035194,0.390625
1378,2011-08-13 10:01:59.124497890,-390.2701752290183,-140.423249377224,24.609375,8,-19.72988994571266,32.2789502596421,24.609375
1379,2011-08-13 14:48:06.972625971,-88.19366612076597,62.726700538586094,0.390625,7,-17.931493276853526,35.16758254553788,0.390625
1380,2011-08-13 21:17:32.507570981,-69.18185785521162,91.18732154128413,0.390625,6,-17.675047991730793,35.347950832621926,0.390625
1381,2011-08-13 22:02:06.024711609,-171.63438017514335,-88.40901099298276,0.390625,9,-19.29140164863176,34.367230576846474,0.390625
1382,2011-08-13 22:04:48.860333681,-182.19649587822914,-174.7722747253078,38.671875,7,-20.070268874911495,34.25837568166935,38.671875
1383,2011-08-14 02:13:50.933603525,-151.56636033928044,-30.50636826335573,23.828125,6,-18.770079803781567,34.56259735486943,23.828125
1384,2011-08-14 02:17:08.428455591,-154.73499505020612,-57.98558854182279,11.328125,10,-19.018016408182245,34.5303898848645,11.328125
1385,2011-08-14 03:26:33.303159237,-196.98345786254913,-109.01842620183305,0.390625,8,-19.475166001970685,34.12404257995761,0.390625
1386,2011-08-14 03:53:18.136476040,-219.16390083902922,-93.31601461413757,0.390625,12,-19.331100303826172,33.914715618578384,0.390625
1387,2011-08-14 04:22:34.909500599,-170.5781686048348,-60.92979071451569,12.109375,8,-19.043346417482784,34.379702533650324,12.109375
1388,2011-08-14 05:42:55.548998117,-155.79120662051469,15.619465775499698,55.078125,6,-18.353182818457636,34.526121992672614,55.078125
1389,2011-08-14 07:00:06.767057180,-75.51912727706308,116.70374037128924,0.390625,8,-17.444307138026563,35.28912458395867,0.390625
1390,2011-08-14 15:30:55.366964102,-222.3325355499549,-121.77663561683562,0.390625,9,-19.587678985413664,33.88124632070385,0.390625
1391,2011-08-14 16:31:22.377264261,-229.72601654211496,-105.09282330490919,0.390625,6,-19.436233598788363,33.812853601110625,0.390625
1392,2011-08-14 17:26:51.222954273,-148.39772562835475,-46.20877985105119,0.390625,10,-18.912124511542068,34.591458549397544,0.390625
1393,2011-08-14 20:08:31.949122429,-225.50117026088066,-116.86963199568078,4.296875,6,-19.543025537960087,33.85165315797241,4.296875
1394,2011-08-14 21:37:28.258514880,-219.16390083902922,-130.60924213491433,0.390625,9,-19.66776683442639,33.91039614572393,0.390625
1395,2011-08-14 23:35:20.522796869,-219.16390083902922,-114.90683054721885,0.390625,6,-19.52601414333186,33.91222578777943,0.390625
1396,2011-08-15 00:19:33.860376835,-97.69957025354314,157.92257078898982,99.609375,10,-17.07105934084817,35.08219719528996,99.609375
1397,2011-08-15 01:14:11.544555902,-96.64335868323455,77.44771140205059,44.921875,11,-17.798145846488453,35.088515133340294,44.921875
1398,2011-08-15 01:38:16.544928074,-263.5247867919894,-177.71647689800068,0.390625,7,-20.08746948672958,33.481005964026004,0.390625
1399,2011-08-15 02:14:31.693213940,4.752952066388585,-50.13438274797505,35.546875,7,-18.9529253473321,36.04512799337292,35.546875
1400,2011-08-15 02:21:19.413830042,-168.4657454642176,-56.02278709336086,13.671875,7,-18.99920865492284,34.40018646687817,13.671875
1401,2011-08-15 03:08:03.398422480,-124.10485951125752,43.098686053966766,37.890625,6,-18.1070486416466,34.82750593941491,37.890625
1402,2011-08-15 10:35:30.161989212,-126.21728265187467,-4.9899494333505965,0.390625,8,-18.541298736436726,34.80457165518777,0.390625
1403,2011-08-15 13:06:57.570078611,-225.50117026088066,-88.40901099298276,0.390625,8,-19.28610328317059,33.855027123926426,0.390625
1404,2011-08-15 13:21:44.257774830,-160.016052901749,-45.227379126820225,0.390625,10,-18.902392555328404,34.481288927807185,0.390625
1405,2011-08-15 14:59:52.576380253,-247.68161323736075,-111.96262837452596,1.953125,6,-19.49609972740946,33.641110817139555,1.953125
1406,2011-08-15 16:53:54.439546824,-153.67878347989756,25.433473017809362,49.609375,6,-18.264698078962358,34.5468417402432,49.609375
1407,2011-08-15 18:51:07.272240877,-224.4449586905721,-114.90683054721885,15.234375,12,-19.52542626496622,33.86194375306528,15.234375
1408,2011-08-15 18:53:26.550153017,-258.24372894044643,-162.01406531030523,0.390625,12,-19.946473819726428,33.533662887724816,0.390625
1409,2011-08-15 20:59:00.149142027,-134.66697521434324,-67.79959578413246,0.390625,9,-19.108071008188947,34.72026997491829,0.390625
1410,2011-08-15 21:42:49.608739614,-166.35332232360048,-54.05998564489893,0.390625,9,-18.981655690997947,34.42040835623769,0.390625
1411,2011-08-15 21:50:44.743440628,-152.622571909589,-82.52060664759696,0.390625,10,-19.239751397735155,34.548513600424194,0.390625
1412,2011-08-15 23:34:22.292774916,-141.0042446361947,-27.562166090662824,0.390625,12,-18.74423165150543,34.66295338529877,0.390625
1413,2011-08-15 23:56:14.500032663,-145.229090917429,-28.543566814893797,0.390625,7,-18.752804881259063,34.62282860008346,0.390625
1414,2011-08-16 02:23:14.506853819,-287.8176529090866,-282.7263543907141,25.390625,8,-21.031400849039287,33.23196033569886,25.390625
1415,2011-08-16 03:01:04.587941647,-73.40670413644592,96.09432516243895,0.390625,10,-17.63057884843292,35.30830241326233,0.390625
1416,2011-08-16 03:25:40.394786596,-129.38591736280037,21.5078701208855,0.390625,7,-18.301763480211374,34.77625971900386,0.390625
1417,2011-08-16 03:38:36.223179817,-125.1610710815661,22.489270845116465,0.390625,11,-18.293150489473128,34.8162724075134,0.390625
1418,2011-08-16 08:36:02.123632431,-78.6877619879888,97.07572588666993,5.859375,6,-17.62153153346448,35.25857917741528,5.859375
1419,2011-08-16 09:28:28.298662663,-407.16956035395555,-155.14426024068848,49.609375,9,-19.859145526974462,32.114870443130144,49.609375
1420,2011-08-17 00:13:59.929658413,-166.35332232360048,-39.33897478143443,0.390625,8,-18.848714591370392,34.42165657223656,0.390625
1421,2011-08-17 02:05:59.096722841,-68.12564628490306,94.13152371397702,0.390625,10,-17.648480535471716,35.35799965710521,0.390625
1422,2011-08-17 02:51:02.710902691,-125.1610710815661,29.35907591473323,25.390625,7,-18.23109663498347,34.81669288862988,25.390625
1423,2011-08-17 03:30:56.764477491,-185.36513058915483,-93.31601461413757,0.390625,10,-19.334494961037834,34.23617805586036,0.390625
1424,2011-08-17 04:46:08.092807531,-68.12564628490306,93.15012298974607,0.390625,8,-17.65734726967898,35.357968230005476,0.390625
1425,2011-08-17 08:03:31.267466307,-275.1431140653836,-165.9396682072291,0.390625,9,-19.979582647651274,33.37180257253588,0.390625
1426,2011-08-17 10:02:31.216327429,-392.38259836963545,-136.49764648030015,0.390625,12,-19.69408529003192,32.259665216144214,0.390625
1427,2011-08-18 05:39:01.587292910,-169.52195703452622,-24.617963917969927,54.296875,6,-18.715516306692244,34.39286292621858,54.296875
1428,2011-08-18 08:17:53.047840595,-389.2139636587097,-130.60924213491433,0.390625,7,-19.641631703447096,32.29104515420989,0.390625
1429,2011-08-18 15:58:49.662940264,-126.21728265187467,20.526469396654534,0.390625,8,-18.310817884490735,34.80616327249,0.390625
1430,2011-08-18 18:43:30.240535975,-203.32072728440062,-45.227379126820225,43.359375,6,-18.89857967137307,34.070438770242845,43.359375
1431,2011-08-18 19:21:15.163645029,-168.4657454642176,-74.66940085374924,16.796875,6,-19.16759588121389,34.39856836422945,16.796875
1432,2011-08-18 19:59:11.354471684,-125.1610710815661,38.19168243281192,47.265625,6,-18.151312504522142,34.81723104281367,47.265625
1433,2011-08-18 20:03:13.107136726,-137.83560992526895,39.17308315704289,62.890625,6,-18.14167433264108,34.697544331312535,62.890625
1434,2011-08-18 20:44:57.177804232,-251.90645951859506,-152.2000580679956,0.390625,7,-19.858730805491454,33.59548509811306,0.390625
1435,2011-08-18 21:10:04.967948437,-283.5928066278522,-322.9637840841837,49.609375,10,-21.39505926291655,33.265875629917325,49.609375
1436,2011-08-18 22:11:05.588552237,-132.55455207372611,20.526469396654534,12.890625,7,-18.31043370306294,34.74623199121081,12.890625
1437,2011-08-18 23:13:08.838745117,-69.18185785521162,95.112924438208,0.390625,8,-17.639581140805802,35.34807852686305,0.390625
1438,2011-08-19 02:35:39.548961639,-250.8502479482865,-153.18145879222658,0.390625,11,-19.867723919797076,33.60542731262422,0.390625
1439,2011-08-19 02:36:42.564554214,-120.9362248003318,29.35907591473323,0.390625,8,-18.231339085776007,34.85662979239306,0.390625
1440,2011-08-19 03:38:48.884894133,-226.55738183118922,-130.60924213491433,0.390625,7,-19.666933411336394,33.83994023414393,0.390625
1441,2011-08-19 05:55:43.895951986,-64.95701157397733,93.15012298974607,0.390625,9,-17.6574423150468,35.38782889520432,0.390625
1442,2011-08-19 08:11:25.141485214,-79.74397355829736,84.31751647166733,4.296875,6,-17.736758440669426,35.24814879406149,4.296875
1443,2011-08-19 08:42:14.779825449,-68.12564628490306,94.13152371397702,1.171875,7,-17.648480535471716,35.35799965710521,1.171875
1444,2011-08-19 11:06:46.473078489,-395.5512330805611,-163.9768667587672,0.390625,8,-19.941139445349993,32.22365713921441,0.390625
1445,2011-08-19 18:05:27.854624033,-70.23806942552021,93.15012298974607,6.640625,6,-17.657281392183442,35.33806122566001,6.640625
1446,2011-08-19 18:07:55.924306154,-25.877183472560077,124.554946165137,0.390625,8,-17.3744877049797,35.75650125508743,0.390625
1447,2011-08-19 19:10:15.773460388,-161.0722644720576,14.63806505126873,71.484375,6,-18.361653350766566,34.47609505479191,71.484375
1448,2011-08-19 21:18:12.653586864,-153.67878347989756,-82.52060664759696,0.390625,7,-19.239671478656682,34.538471130448805,0.390625
1449,2011-08-19 23:03:59.348122835,-68.12564628490306,92.16872226551509,0.390625,9,-17.666213995862147,35.35793678454444,0.390625
1450,2011-08-20 00:13:49.081915379,-255.07509422952074,-310.2055746691812,69.921875,8,-21.284195223218013,33.54253256958022,69.921875
1451,2011-08-20 01:07:41.389040709,-259.29994051075505,-309.2241739449502,57.421875,7,-21.27474112910841,33.50200784815539,57.421875
1452,2011-08-20 03:18:56.374043465,-167.40953389390904,-59.948389990284724,3.515625,11,-19.03474549146778,34.40987666035299,3.515625
1453,2011-08-20 03:25:03.325301647,-264.5809983622979,-319.0381811872598,74.609375,7,-21.362528107946112,33.44964021542776,74.609375
1454,2011-08-20 06:42:35.091403723,-303.6608264637152,-297.4473652541786,25.390625,7,-21.161638309752714,33.07713782875948,25.390625
1455,2011-08-20 06:51:23.425797462,-275.1431140653836,-287.6333580118689,91.796875,9,-21.07761376730287,33.35297184813114,91.796875
1456,2011-08-20 07:01:12.021996498,-275.1431140653836,-300.3915674268715,25.390625,8,-21.192720846342755,33.35092581402706,25.390625
1457,2011-08-20 07:04:10.244816542,-275.1431140653836,-287.6333580118689,93.359375,9,-21.07761376730287,33.35297184813114,93.359375
1458,2011-08-20 08:21:44.852769375,-72.35049256613736,89.22452009282217,0.390625,8,-17.692680074256447,35.31802061153226,0.390625
1459,2011-08-20 09:06:20.777076960,-250.8502479482865,-83.50200737182791,35.546875,12,-19.23882335385384,33.61469445581447,35.546875
1460,2011-08-20 10:55:54.644684315,-70.23806942552021,95.112924438208,25.390625,7,-17.639547986127734,35.3381260094654,25.390625
1461,2011-08-20 16:23:07.250818967,-97.69957025354314,99.03852733513186,63.671875,6,-17.6030450074337,35.07954910428671,63.671875
1462,2011-08-20 17:14:22.223120689,-249.79403637797793,45.0614875024287,50.390625,10,-18.078456553895194,33.64083452991731,50.390625
1463,2011-08-20 19:39:17.027470350,-244.512978526435,-334.74059277495525,99.609375,7,-21.507051555788596,33.64067363412923,99.609375
1464,2011-08-20 20:35:18.212248802,-135.72318678465183,-112.94402909875691,60.546875,8,-19.515721006611464,34.70703317474811,60.546875
1465,2011-08-20 21:17:31.676780939,-154.73499505020612,-38.357574057203465,0.390625,11,-18.84075276654199,34.531939366651464,0.390625
1466,2011-08-20 21:28:03.599883318,-88.19366612076597,73.52210850512672,0.390625,9,-17.833965673039256,35.168036862301896,0.390625
1467,2011-08-20 21:28:28.396558285,-217.0514776984121,-98.22301823529241,0.390625,6,-19.375628615094328,33.93424716816993,0.390625
1468,2011-08-20 23:06:50.965217113,-255.07509422952074,-291.5589609087928,99.609375,12,-21.115937834574478,33.54531561144923,99.609375
1469,2011-08-20 23:09:01.955511570,-157.90362976113187,-129.62784141068337,0.390625,10,-19.66474807785876,34.49438138448548,0.390625
1470,2011-08-20 23:34:05.955444813,-150.51014876897187,-28.543566814893797,19.140625,7,-18.752429545526137,34.57276092354542,19.140625
1471,2011-08-21 00:11:56.939243555,-156.8474181908233,-31.487768987586694,0.390625,12,-18.778551256483023,34.51244813984123,0.390625
1472,2011-08-21 00:12:39.594011784,-152.622571909589,-78.5950037506731,0.390625,10,-19.204299515236663,34.548824906522704,0.390625
1473,2011-08-21 00:21:30.867015839,-254.01888265921218,-312.16837611764305,50.390625,8,-21.302054616203304,33.55240803810944,50.390625
1474,2011-08-21 02:15:26.447732687,-71.29428099582877,90.20592081705315,0.390625,7,-17.683847694138247,35.32800897543027,0.390625
1475,2011-08-21 03:06:35.890480280,-238.17570910458358,-139.44184865299303,15.234375,6,-19.74529321673706,33.728105399229996,15.234375
1476,2011-08-21 06:24:41.738947153,-162.12847604236617,-31.487768987586694,17.578125,7,-18.778145846031546,34.46237533675136,17.578125
1477,2011-08-21 07:08:53.770723820,-164.2408991829833,-77.61360302644212,0.390625,11,-19.194529386265124,34.43846784247746,0.390625
1478,2011-08-21 09:29:54.067367077,-400.83229093210406,-153.18145879222658,19.140625,9,-19.842762285911462,32.175662380421414,19.140625
1479,2011-08-21 10:35:13.235746384,-157.90362976113187,-31.487768987586694,0.390625,8,-18.77847124714403,34.502433477039794,0.390625
1480,2011-08-21 16:54:38.457526684,-244.512978526435,-265.0611413545567,50.390625,9,-20.87825260910559,33.65063917074888,50.390625
1481,2011-08-21 19:37:05.457751989,-135.72318678465183,36.22888098434999,0.390625,9,-18.168402185308942,34.71730756840953,0.390625
1482,2011-08-21 19:44:54.142112970,-70.23806942552021,97.07572588666993,50.390625,7,-17.62181454799045,35.33819071758326,50.390625
1483,2011-08-21 22:07:47.426588535,-69.18185785521162,92.16872226551509,0.390625,7,-17.666181291039898,35.34798278415317,0.390625
1484,2011-08-21 23:25:36.054783344,-44.88899173811442,-311.18697539341207,37.109375,6,-21.310444125069957,35.567354320473264,37.109375
1485,2011-08-22 00:21:24.367552519,-154.73499505020612,-33.45057043604863,0.390625,10,-18.796436309677205,34.532324045573034,0.390625
1486,2011-08-22 00:23:01.424373865,-270.91826778414935,-282.7263543907141,62.890625,7,-21.03396882960999,33.39435642181813,62.890625
1487,2011-08-22 05:38:54.521394491,-135.72318678465183,-109.99982692606403,56.640625,9,-19.489131141588935,34.707244443125624,56.640625
1488,2011-08-22 18:51:25.466393948,-297.3235570418638,-298.42876597840956,50.390625,7,-21.17153374573222,33.13790809958928,50.390625
1489,2011-08-22 22:32:34.950151205,-153.67878347989756,-41.30177622989636,0.390625,10,-18.867421333230087,34.541728103506635,0.390625
1490,2011-08-23 03:13:30.103296995,-155.79120662051469,-42.28317695412733,30.078125,9,-18.876126398600213,34.52161031261398,30.078125
1491,2011-08-23 07:28:24.997358799,-207.54557356563492,-78.5950037506731,0.390625,10,-19.1994236096625,34.02680221847496,0.390625
1492,2011-08-23 07:39:46.076297522,-91.36230083169171,44.08008677819773,6.640625,6,-18.099816057433568,35.13685778951338,6.640625
1493,2011-08-23 08:53:44.087677956,14.258856199165756,-4.9899494333505965,49.609375,9,-18.545033565713638,36.13505909569889,49.609375
1494,2011-08-23 10:52:39.483673096,-226.55738183118922,-94.29741533836855,22.265625,8,-19.339141672994796,33.84428876559494,22.265625
1495,2011-08-23 13:21:32.947883844,-132.55455207372611,-141.404650101455,44.140625,6,-19.772968503347425,34.735201564517965,44.140625
1496,2011-08-23 19:01:55.404916763,-82.9126082692231,188.3459932401498,49.609375,6,-16.79675982101517,35.222227766356404,49.609375
1497,2011-08-23 22:15:06.638709307,-223.38874712026347,-115.88823127144983,18.359375,12,-19.534404341447864,33.871883937350695,18.359375
1498,2011-08-24 00:53:33.550884962,-193.8148231516234,-87.42761026875178,17.578125,6,-19.280532590911726,34.156402260161904,17.578125
1499,2011-08-24 00:54:03.861194849,-191.70240001100626,-86.44620954452083,0.390625,12,-19.271872940841526,34.176586440082254,0.390625
1500,2011-08-24 01:27:07.200338364,-169.52195703452622,-77.61360302644212,0.390625,8,-19.19409508640619,34.38827232196772,0.390625
1501,2011-08-24 03:21:54.268350601,-273.0306909247665,-277.8193507695593,99.609375,8,-20.989382896745248,33.37483083865013,99.609375
1502,2011-08-24 08:01:18.157622337,-156.8474181908233,-58.96698926605376,12.890625,9,-19.026718839801607,34.510252949602304,12.890625
1503,2011-08-24 08:13:42.352905989,-264.5809983622979,-324.9265855326457,19.140625,7,-21.41565696862431,33.44871854400765,19.140625
1504,2011-08-24 13:17:19.391814470,-154.73499505020612,-30.50636826335573,17.578125,14,-18.769846331036234,34.53255433731818,17.578125
1505,2011-08-24 13:30:04.257413149,-147.34151405804613,-64.85539361143957,0.390625,6,-19.080604657451882,34.60007393465454,0.390625
1506,2011-08-24 14:21:00.709894180,-152.622571909589,-11.85975450296736,34.765625,6,-18.60159600227837,34.55401275265531,34.765625
1507,2011-08-24 16:09:00.218077660,-73.40670413644592,79.41051285051252,25.390625,6,-17.781310979146323,35.30772472683558,25.390625
1508,2011-08-24 18:01:29.638298750,1.5843173554628618,38.19168243281192,0.390625,7,-18.154948386247963,36.014972931315086,0.390625
1509,2011-08-24 21:18:04.137764454,-169.52195703452622,-47.190180575282156,5.859375,8,-18.919358563217276,34.39092451346832,5.859375
1510,2011-08-24 23:32:13.079584122,-218.10768926872066,-163.9768667587672,49.609375,9,-19.96910206353725,33.91653948726511,49.609375
1511,2011-08-25 00:33:04.085655451,-224.4449586905721,-117.85103271991176,6.640625,7,-19.552004213038458,33.86159368929616,6.640625
1512,2011-08-25 01:13:06.792686462,-97.69957025354314,90.20592081705315,0.390625,14,-17.68284037401253,35.07914375788083,0.390625
1513,2011-08-25 01:18:17.968130827,-250.8502479482865,-327.8707877053385,0.390625,6,-21.444187371653495,33.580590362532014,0.390625
1514,2011-08-25 01:21:30.114654064,-261.4123636513722,-266.0425420787877,0.390625,10,-20.884801468162703,33.488230970147924,0.390625
1515,2011-08-25 01:31:08.389748573,-258.24372894044643,-265.0611413545567,0.390625,10,-20.87639007855259,33.51880051073868,0.390625
1516,2011-08-25 02:31:55.016590357,-67.06943471459448,90.20592081705315,25.390625,7,-17.68397966030774,35.36782883588909,25.390625
1517,2011-08-25 06:41:17.967146635,-257.1875173701379,-266.0425420787877,78.515625,7,-20.885392834917983,33.52879648216182,78.515625
1518,2011-08-25 12:58:32.603295803,-226.55738183118922,-130.60924213491433,0.390625,10,-19.666933411336394,33.83994023414393,0.390625
1519,2011-08-25 19:01:28.977440357,-152.622571909589,-27.562166090662824,18.359375,8,-18.743412221498136,34.55280973670148,18.359375
1520,2011-08-25 19:20:05.981511593,-157.90362976113187,-30.50636826335573,18.359375,7,-18.769608032933753,34.50251176728035,18.359375
1521,2011-08-25 19:40:38.829483986,-262.4685752216808,-300.3915674268715,25.390625,8,-21.194589615739616,33.47286405277782,25.390625
1522,2011-08-25 21:41:11.434641600,-104.0368396753946,84.31751647166733,24.609375,6,-17.735747417910353,35.01912973631111,24.609375
1523,2011-08-25 22:09:41.306704521,-162.12847604236617,-100.18581968375437,0.390625,9,-19.398537412644963,34.45663614397862,0.390625
1524,2011-08-25 23:04:36.993526220,-70.23806942552021,62.726700538586094,5.859375,12,-17.932145062706407,35.33704737233352,5.859375
1525,2011-08-26 00:47:00.231858492,-156.8474181908233,-26.58076536643186,0.390625,9,-18.73423489588173,34.51283654061523,0.390625
1526,2011-08-26 02:00:49.676023006,-98.7557818238517,91.18732154128413,0.390625,13,-17.6739274414621,35.06923514321449,0.390625
1527,2011-08-26 02:13:47.045530558,-96.64335868323455,93.15012298974607,16.015625,7,-17.6562882516073,35.08923192441713,16.015625
1528,2011-08-26 02:42:20.046978235,-250.8502479482865,-264.0797406303257,49.609375,7,-20.868549290378237,33.58993007081356,49.609375
1529,2011-08-26 03:57:42.921092033,-94.5309355426174,49.968491123583526,0.390625,6,-18.046484775028393,35.10719377074231,0.390625
1530,2011-08-26 14:56:51.562406063,-97.69957025354314,92.16872226551509,76.171875,9,-17.665108126870784,35.07923401913179,76.171875
1531,2011-08-26 16:34:44.585805416,-98.7557818238517,84.31751647166733,0.390625,9,-17.735989933169066,35.06891516241346,0.390625
1532,2011-08-26 19:14:48.523922919,-131.49834050341755,-14.803956675660261,0.390625,10,-18.629618893939657,34.75391800219131,0.390625
1533,2011-08-26 20:12:02.060915470,-80.80018512860595,133.38755268321566,0.390625,8,-17.29338849756653,35.240037939988554,0.390625
1534,2011-08-26 20:23:13.368927717,-138.89182149557752,23.47067156934743,51.171875,6,-18.28343762950694,34.6865026400172,51.171875
1535,2011-08-26 20:28:53.445660591,-78.6877619879888,65.670902711279,24.609375,12,-17.905257824157587,35.25740913363185,24.609375
1536,2011-08-26 21:52:01.855499029,-274.0869024950751,-303.33576959956434,99.609375,10,-21.21944307269598,33.360614513054635,99.609375
1537,2011-08-27 00:48:58.726002932,-125.1610710815661,93.15012298974607,75.390625,8,-17.65486282099301,34.8205176095912,75.390625
1538,2011-08-27 02:02:01.635987759,-89.24987769107456,83.33611574743638,0.390625,10,-17.745260896249494,35.158489438059526,0.390625
1539,2011-08-27 02:05:55.350199461,-171.63438017514335,-60.92979071451569,15.234375,7,-19.04325811289401,34.36967273334206,15.234375
1540,2011-08-27 02:55:15.020649195,-141.0042446361947,20.526469396654534,24.609375,11,-18.309892213529043,34.666325985145875,24.609375
1541,2011-08-27 06:50:01.858963013,-137.83560992526895,21.5078701208855,50.390625,8,-18.301234798668897,34.69635674619635,50.390625
1542,2011-08-27 09:46:19.890511513,-145.229090917429,-172.8094732768459,25.390625,6,-20.055674002480323,34.61181714381194,25.390625
1543,2011-08-27 09:49:34.108236313,-263.5247867919894,-275.85654932109736,49.609375,6,-20.9730563346503,33.46645942214155,49.609375
1544,2011-08-27 13:00:25.259886503,-171.63438017514335,-86.44620954452083,0.390625,12,-19.273677342810444,34.367406269315154,0.390625
1545,2011-08-27 19:21:20.660528183,-98.7557818238517,89.22452009282217,90.234375,12,-17.69165962244941,35.06914385334512,90.234375
1546,2011-08-27 19:39:23.324527740,-69.18185785521162,101.00132878359379,19.921875,12,-17.586380623926964,35.348269509186665,19.921875
1547,2011-08-27 20:26:18.520013809,-135.72318678465183,-45.227379126820225,14.453125,6,-18.90413398586761,34.7118053279073,14.453125
1548,2011-08-27 21:28:47.463566065,-63.900800003668756,172.6435816524543,74.609375,6,-16.93923641459774,35.40011479043891,74.609375
1549,2011-08-27 22:17:32.374340057,-73.40670413644592,98.05712661090088,12.109375,12,-17.612845503831807,35.308370000299114,12.109375
1550,2011-08-27 23:18:31.009504795,-164.2408991829833,-56.02278709336086,8.984375,14,-18.99955121497542,34.44029602664857,8.984375
1551,2011-08-27 23:21:00.393726349,-138.89182149557752,27.396274466271297,50.390625,10,-18.24798005816051,34.68676932780769,50.390625
1552,2011-08-27 23:51:44.093423367,-90.30608926138312,81.37331429897445,40.234375,7,-17.762950362249278,35.148447661711444,40.234375
1553,2011-08-28 00:29:29.031648874,-67.06943471459448,91.18732154128413,26.171875,6,-17.675112932985577,35.367859830090936,26.171875
1554,2011-08-28 03:49:46.374105453,-161.0722644720576,-4.008548709119629,12.890625,8,-18.53005816601965,34.47460900181932,12.890625
1555,2011-08-28 04:37:37.570355654,-134.66697521434324,42.117285329735786,24.609375,8,-18.11528063182975,34.727672575411766,24.609375
1556,2011-08-28 11:46:58.019605637,-249.79403637797793,-34.431971160279595,18.359375,8,-18.79603451967115,33.631017627384985,18.359375
1557,2011-08-28 11:47:03.520066261,-179.0278611673034,-4.008548709119629,31.640625,9,-18.528609403923326,34.30461757349123,31.640625
1558,2011-08-28 15:15:24.762472630,-237.119497534275,-123.73943706529755,15.234375,12,-19.60368550202772,33.74016330229781,15.234375
1559,2011-08-28 15:40:57.527127743,-164.2408991829833,-73.68800012951826,0.390625,13,-19.159079129149756,34.43880189559892,0.390625
1560,2011-08-28 19:31:41.811669111,-59.675953722434464,101.00132878359379,33.984375,8,-17.586655530150466,35.437816860436236,33.984375
1561,2011-08-28 20:19:14.617880344,-83.96881983953166,117.6851410955202,12.890625,10,-17.435140661529392,35.20962951701515,12.890625
1562,2011-08-28 21:29:05.425195217,-89.24987769107456,213.86241207015493,0.390625,8,-16.565979538131362,35.16378740495678,0.390625
1563,2011-08-28 22:38:25.248342991,-225.50117026088066,-116.86963199568078,6.640625,6,-19.543025537960087,33.85165315797241,6.640625
1564,2011-08-28 22:40:38.171841383,-160.016052901749,-67.79959578413246,0.390625,14,-19.10623935647849,34.47943755259332,0.390625
1565,2011-08-28 23:49:57.597396612,-58.61974215212589,148.1085635466802,66.015625,6,-17.16106135754112,35.44904092628564,66.015625
1566,2011-08-29 00:15:05.860213041,-277.2555372060007,-304.3171703237953,99.609375,7,-21.22781747108039,33.3299669199282,99.609375
1567,2011-08-29 01:45:20.233996391,-81.85639669891451,72.54070778089574,44.140625,11,-17.843077465921784,35.22777628783349,44.140625
1568,2011-08-29 02:10:23.702236652,-134.66697521434324,-146.31165372260978,0.390625,9,-19.81714001563875,34.714693474376034,0.390625
1569,2011-08-29 04:50:01.301807642,-86.08124298014882,61.74529981435513,47.265625,6,-17.940443764654304,35.1874787469434,47.265625
1570,2011-08-29 09:52:32.963110447,-78.6877619879888,201.10420265515236,65.234375,8,-16.681630120659378,35.262300829079585,65.234375
1571,2011-08-29 12:25:00.352456808,-136.7793983549604,-61.911191438746656,16.015625,6,-19.054748359281593,34.700614429274225,16.015625
1572,2011-08-29 13:13:34.484194517,-270.91826778414935,279.61626059362965,39.453125,7,-15.95860058640695,33.47009016966074,39.453125
1573,2011-08-29 16:00:34.140842676,-97.69957025354314,87.26171864436024,0.390625,8,-17.709438684037714,35.07900816839052,0.390625
1574,2011-08-29 16:28:32.566589832,-149.4539371986633,-23.63656319373896,6.640625,13,-18.708187813982917,34.583143853843794,6.640625
1575,2011-08-29 16:45:17.940015078,-279.36796034661796,-281.7449536664831,80.078125,9,-21.023849967649454,33.31331411905075,80.078125
1576,2011-08-29 17:08:35.003452063,-53.33868430058302,57.81969691743125,62.109375,6,-17.976956957792584,35.49642405203008,62.109375
1577,2011-08-29 18:36:45.423587322,-267.74963307322366,-172.8094732768459,0.390625,7,-20.042608241681382,33.441369791837346,0.390625
1578,2011-08-29 19:34:06.320847273,-286.76144133877796,-268.9867442514806,96.484375,8,-20.907613159357954,33.24438349825884,96.484375
1579,2011-08-29 20:42:48.489696026,-275.1431140653836,-272.9123471484044,49.609375,8,-20.944795735011283,33.3553155508664,49.609375
1580,2011-08-29 21:33:18.019663572,-265.63720993260654,-275.85654932109736,5.859375,7,-20.972753251151193,33.44616566098719,5.859375
1581,2011-08-29 21:46:25.693534374,-277.2555372060007,-273.8937478726354,49.609375,9,-20.953334285991353,33.3348705289762,49.609375
1582,2011-08-29 22:12:41.563224792,-286.76144133877796,-289.59615946033085,12.890625,7,-21.09354147908065,33.24096607416075,12.890625
1583,2011-08-29 22:18:48.040405750,-271.97447935445797,-266.0425420787877,99.609375,10,-20.883281029076027,33.386823480904205,99.609375
1584,2011-08-29 22:32:15.171675682,-287.8176529090866,-297.4473652541786,96.484375,9,-21.16420393229448,33.22949631891804,96.484375
1585,2011-08-29 23:37:21.651419163,-325.84126944019516,79.41051285051252,0.390625,10,-17.75845064541215,32.92862993163193,0.390625
1586,2011-08-30 00:06:00.797737122,-75.51912727706308,95.112924438208,0.390625,12,-17.639374679308784,35.288363757815894,0.390625
1587,2011-08-30 00:25:00.963347197,-325.84126944019516,78.42911212628154,0.390625,8,-17.76730503190571,32.92847865192204,0.390625
1588,2011-08-30 01:33:27.740689278,-296.2673454715552,-327.8707877053385,0.390625,9,-21.437285651391882,33.142931649366915,0.390625
1589,2011-08-30 02:20:03.025532961,-271.97447935445797,-319.0381811872598,74.609375,9,-21.361430667254837,33.37842849426413,74.609375
1590,2011-08-30 05:05:49.806897402,-181.14028430792052,-105.09282330490919,0.390625,6,-19.441219074526995,34.27524564578635,0.390625
1591,2011-08-30 09:11:00.649828434,-101.92441653477745,92.16872226551509,81.640625,7,-17.664917957448505,35.03942112174886,81.640625
1592,2011-08-30 09:11:32.823214293,-269.8620562138408,-294.50316308148575,96.484375,8,-21.14038188359413,33.40265973601915,96.484375
1593,2011-08-30 12:28:35.028156042,-67.06943471459448,91.18732154128413,25.390625,6,-17.675112932985577,35.367859830090936,25.390625
1594,2011-08-30 12:50:01.561273813,-14.258856199165756,73.52210850512672,0.390625,6,-17.83569124468132,35.865485928946434,0.390625
1595,2011-08-30 16:59:54.864521980,-325.84126944019516,80.39191357474347,0.390625,11,-17.74959624968426,32.92878112348633,0.390625
1596,2011-08-30 17:02:44.313153505,-88.19366612076597,77.44771140205059,0.390625,8,-17.798500845682295,35.16820135170838,0.390625
1597,2011-08-30 17:15:28.171401024,-134.66697521434324,39.17308315704289,24.609375,8,-18.141874620916305,34.72748034963204,24.609375
1598,2011-08-30 19:08:06.987399817,-281.4803834872351,-287.6333580118689,93.359375,7,-21.076652194683344,33.29205475048898,93.359375
1599,2011-08-30 20:16:59.133575438,-137.83560992526895,-16.766758124122195,38.671875,6,-18.646939723157423,34.693741597392105,38.671875
1600,2011-08-30 20:22:09.722756147,-269.8620562138408,-289.59615946033085,99.609375,7,-21.09610802412075,33.40343082054416,99.609375
1601,2011-08-30 22:00:03.800868273,-150.51014876897187,-62.89259216297762,26.953125,6,-19.06264718857175,34.570126944065976,26.953125
1602,2011-08-30 22:10:54.955080748,-73.40670413644592,72.54070778089574,0.390625,10,-17.843376472736807,35.30748519002832,0.390625
1603,2011-08-30 23:10:56.661495686,-283.5928066278522,-293.5217623572548,99.609375,9,-21.129449837353576,33.27077837299066,99.609375
1604,2011-08-30 23:42:16.877632380,-143.11666777681182,18.563667948192595,55.859375,7,-18.327480014275814,34.64621205790499,55.859375
1605,2011-08-31 00:18:32.295824766,-325.84126944019516,80.39191357474347,0.390625,8,-17.74959624968426,32.92878112348633,0.390625
1606,2011-08-31 00:30:20.575806379,-235.00707439365783,208.9554084490001,48.828125,8,-16.600337008672938,33.79813840317458,48.828125
1607,2011-08-31 00:42:31.633175373,-256.1313057998293,-307.26137249648826,99.609375,10,-21.25747993411246,33.53280692905293,99.609375
1608,2011-08-31 01:13:08.927377224,-86.08124298014882,48.98709039935256,39.453125,7,-18.055702857195055,35.18695073342333,39.453125
1609,2011-08-31 02:15:28.660741568,-160.016052901749,-30.50636826335573,0.390625,8,-18.769446486932907,34.48248364039286,0.390625
1610,2011-08-31 02:33:12.720189810,-126.21728265187467,-30.50636826335573,0.390625,8,-18.771773837306526,34.80295650736911,0.390625
1611,2011-08-31 05:29:02.646958590,-276.1993256356922,-188.51188486454134,0.390625,7,-20.183109966816982,33.358308487289655,0.390625
1612,2011-08-31 10:52:01.106875896,-143.11666777681182,-32.46916971181766,0.390625,7,-18.788406309339827,34.642572214697324,0.390625
1613,2011-08-31 13:38:23.252722740,-271.97447935445797,-319.0381811872598,99.609375,11,-21.361430667254837,33.37842849426413,99.609375
1614,2011-08-31 14:38:06.331270218,-244.512978526435,-237.58192107608966,99.609375,12,-20.630261582315974,33.654469073570404,99.609375
1615,2011-08-31 15:04:43.998067617,-226.55738183118922,-88.40901099298276,0.390625,7,-19.28598505434949,33.84498568012317,0.390625
1616,2011-08-31 17:00:12.846578836,-284.64901819816083,-268.9867442514806,75.390625,8,-20.907939300982772,33.26466516874456,75.390625
1617,2011-08-31 19:25:35.740618467,-260.35615208106356,-249.35872976686125,53.515625,8,-20.73440229867414,33.50085614289664,53.515625
1618,2011-08-31 19:55:14.505992173,-97.69957025354314,19.545068672423568,59.765625,11,-18.321179498888345,35.07582378814814,59.765625
1619,2011-08-31 20:15:44.682116270,-394.49502151025257,15.619465775499698,49.609375,6,-18.32237970433503,32.270299122815224,49.609375
1620,2011-09-01 00:18:29.176652908,-134.66697521434324,-76.63220230221117,0.390625,9,-19.18784410272531,34.71965475701686,0.390625
1621,2011-09-01 00:34:12.090503454,-198.0396694328577,-80.55780519913503,0.390625,13,-19.218095825603797,34.11693880890434,0.390625
1622,2011-09-01 01:19:42.801720858,-67.06943471459448,82.3547150232054,19.921875,12,-17.754913189403766,35.36758023072244,19.921875
1623,2011-09-01 04:18:25.630447626,-67.06943471459448,166.75517730706852,25.390625,7,-16.99235108436846,35.37019238357415,25.390625
1624,2011-09-01 05:16:41.116155624,-155.79120662051469,-44.24597840258926,0.390625,13,-18.893852770374174,34.52145474215347,0.390625
1625,2011-09-01 06:54:23.260198592,-232.8946512530407,-151.21865734376462,0.390625,8,-19.852227799261986,33.776975147783084,0.390625
1626,2011-09-01 20:35:22.537034512,-152.622571909589,-15.785357399891227,6.640625,7,-18.63705026457139,34.55371301192154,6.640625
1627,2011-09-01 20:40:21.461239576,-156.8474181908233,-66.8181950599015,6.640625,6,-19.097622598637265,34.50961945231302,6.640625
1628,2011-09-01 21:44:40.799463034,-389.2139636587097,-167.90246965569105,0.390625,7,-19.977800564356198,32.28323355149211,0.390625
1629,2011-09-01 21:50:24.437410116,-117.76759008940606,39.17308315704289,44.921875,6,-18.142864214149647,34.88714536345081,44.921875
1630,2011-09-01 23:33:07.766198635,-255.07509422952074,-291.5589609087928,99.609375,8,-21.115937834574478,33.54531561144923,99.609375
1631,2011-09-02 00:01:30.052540302,-162.12847604236617,-70.74379795682538,0.390625,10,-19.132660628588127,34.459123032870764,0.390625
1632,2011-09-02 00:02:35.722184181,-169.52195703452622,-66.8181950599015,0.390625,13,-19.096608909563887,34.38921863781286,0.390625
1633,2011-09-02 00:07:41.480858088,-164.2408991829833,-57.00418781759183,2.734375,13,-19.008413952096216,34.440213409699126,2.734375
1634,2011-09-02 00:47:37.744125605,-181.14028430792052,-108.0370254776021,11.328125,11,-19.467803770999982,34.27496454476336,11.328125
1635,2011-09-02 01:14:20.553732634,-149.4539371986633,-37.3761733329725,0.390625,9,-18.83227730356918,34.58210666898804,0.390625
1636,2011-09-02 02:17:35.072687626,-74.46291570675452,90.20592081705315,16.015625,8,-17.68374343197551,35.29814431278138,16.015625
1637,2011-09-02 12:52:07.436707020,-137.83560992526895,25.433473017809362,50.390625,7,-18.26577715316824,34.696621709657876,50.390625
1638,2011-09-02 14:04:17.716360807,-287.8176529090866,274.70925697247486,0.390625,8,-16.000984167713142,33.31180874326063,0.390625
1639,2011-09-02 16:09:07.557120800,-136.7793983549604,24.452072293578397,50.390625,8,-18.27470938392302,34.706541725537484,50.390625
1640,2011-09-02 16:57:43.093967199,-151.56636033928044,-48.17158129951312,23.828125,8,-18.92962062869473,34.561238182443205,23.828125
1641,2011-09-02 20:01:39.462787867,-47.00141487873156,38.19168243281192,0.390625,6,-18.15443607652635,35.555807938138045,0.390625
1642,2011-09-02 21:10:56.722944498,-164.2408991829833,-76.63220230221117,0.390625,8,-19.185666835335294,34.438551424876216,0.390625
1643,2011-09-02 21:18:50.376015663,-288.8738644793952,-277.8193507695593,12.890625,8,-20.98696737532245,33.22263146975602,12.890625
1644,2011-09-02 22:21:11.645088434,-169.52195703452622,-125.70223851375948,1.171875,14,-19.628338502836584,34.3839867562586,1.171875
1645,2011-09-03 00:49:52.733211040,-288.8738644793952,-84.4834080960589,37.890625,10,-19.242612323457674,33.253273187162854,37.890625
1646,2011-09-03 01:28:02.488452911,-105.09305124570317,85.29891719589831,0.390625,8,-17.726831509562153,35.00922147592816,0.390625
1647,2011-09-03 06:45:46.483264446,-141.0042446361947,25.433473017809362,50.390625,6,-18.265570713175002,34.66666489299123,50.390625
1648,2011-09-03 09:56:13.412592411,-395.5512330805611,-140.423249377224,0.390625,9,-19.728837728063898,32.228678612127865,0.390625
1649,2011-09-03 16:49:11.969753981,-89.24987769107456,135.35035413167762,0.390625,11,-17.27533840766125,35.16065106024608,0.390625
1650,2011-09-03 18:23:36.234098434,-151.56636033928044,-36.39477260874153,0.390625,8,-18.823260392440844,34.562145814170464,0.390625
1651,2011-09-03 18:34:54.254603863,-89.24987769107456,80.39191357474347,0.390625,8,-17.77185960718086,35.158365064703986,0.390625
1652,2011-09-03 19:24:01.340181828,-157.90362976113187,-29.524967539124763,16.796875,7,-18.760744810014153,34.50259001371368,16.796875
1653,2011-09-04 00:05:08.940947056,-67.06943471459448,92.16872226551509,25.390625,8,-17.66624619763394,35.36789080620786,25.390625
1654,2011-09-04 00:30:15.921678543,-160.016052901749,-28.543566814893797,20.703125,11,-18.75172019601877,34.48264217994366,20.703125
1655,2011-09-04 00:52:58.396548271,-382.8766942368582,-4.008548709119629,74.609375,6,-18.501470687435802,32.376272301940574,74.609375
1656,2011-09-04 03:42:59.860509157,-307.88567274494943,-338.66619567187917,30.078125,6,-21.53270401847525,33.02902502519432,30.078125
1657,2011-09-04 06:38:52.996647835,-97.69957025354314,92.16872226551509,25.390625,9,-17.665108126870784,35.07923401913179,25.390625
1658,2011-09-04 08:06:44.487057924,-80.80018512860595,109.83393530167247,30.859375,7,-17.506190129785715,35.23915824527461,30.859375
1659,2011-09-04 14:16:33.875451803,-400.83229093210406,-132.57204358337628,12.890625,11,-19.657006969464195,32.18009162749658,12.890625
1660,2011-09-04 16:12:28.600921154,-270.91826778414935,-288.6147587360999,99.609375,7,-21.08709743411127,33.39343064144377,99.609375
1661,2011-09-04 17:28:57.169749260,-271.97447935445797,-204.21429645223685,25.390625,11,-20.325402099100952,33.396322770660305,25.390625
1662,2011-09-04 19:52:06.068629980,-269.8620562138408,-294.50316308148575,99.609375,9,-21.14038188359413,33.40265973601915,99.609375
1663,2011-09-04 20:24:59.253657579,-67.06943471459448,109.83393530167247,19.921875,8,-17.506643592263426,35.36844528846781,19.921875
1664,2011-09-04 20:45:24.334051847,-280.4241719169266,-273.8937478726354,74.609375,9,-20.952855684252967,33.304437224560154,74.609375
1665,2011-09-04 21:46:36.642274618,-73.40670413644592,153.99696789206595,43.359375,8,-17.107431814169228,35.31026313821985,43.359375
1666,2011-09-04 23:41:09.534097194,-221.27632397964635,-67.79959578413246,9.765625,15,-19.100513824887763,33.897558483762914,9.765625
1667,2011-09-04 23:59:26.222256184,-147.34151405804613,12.6752636028068,33.984375,10,-18.38037635093909,34.60582965149752,33.984375
1668,2011-09-05 00:11:44.697689533,-226.55738183118922,-86.44620954452083,0.390625,11,-19.26826610739438,33.845217475070115,0.390625
1669,2011-09-05 00:30:15.765164614,-241.34434381550932,-42.28317695412733,0.390625,6,-18.867906739520766,33.71014366115868,0.390625
1670,2011-09-05 02:04:08.878033876,-44.88899173811442,-252.30293193955413,25.390625,8,-20.778619415726695,35.56888774665941,25.390625
1671,2011-09-05 02:09:11.165976048,-134.66697521434324,-16.766758124122195,0.390625,10,-18.647145983592463,34.72376496042761,0.390625
1672,2011-09-05 02:11:06.105762959,-106.14926281601176,62.726700538586094,33.984375,8,-17.93069380796563,34.99812573148102,33.984375
1673,2011-09-05 03:36:58.746331692,-121.99243637064036,-62.89259216297762,24.609375,8,-19.064548074906668,34.84100436411375,24.609375
1674,2011-09-05 04:11:36.625008583,-108.26168595662891,68.61510488397188,41.796875,8,-17.87739614793409,34.978494847515364,41.796875
1675,2011-09-05 12:18:00.151798248,-396.6074446508697,-123.73943706529755,33.203125,9,-19.578243185155625,32.222151684946745,33.203125
1676,2011-09-05 13:57:19.358230591,-169.52195703452622,-82.52060664759696,0.390625,7,-19.23840662815331,34.387840276229646,0.390625
1677,2011-09-05 15:11:22.088788509,-262.4685752216808,-249.35872976686125,55.078125,9,-20.734106556028326,33.48059382883383,55.078125
1678,2011-09-05 15:35:06.657832623,-111.4303206675546,35.247480260119026,44.140625,8,-18.178662476439,34.94680974341131,44.140625
1679,2011-09-05 21:52:11.129289389,-62.844588433360194,168.71797875553042,55.859375,6,-16.974735030322492,35.40991916907881,55.859375
1680,2011-09-05 22:08:12.482738972,-80.80018512860595,101.98272950782474,30.078125,7,-17.577122987451254,35.23886224038132,30.078125
1681,2011-09-05 23:29:23.074389219,-265.63720993260654,-251.3215312153232,56.640625,10,-20.75136945312169,33.4499040623521,56.640625
1682,2011-09-06 00:57:54.624783993,-81.85639669891451,69.59650560820286,0.390625,10,-17.869676366755492,35.227661483438126,0.390625
1683,2011-09-06 03:00:04.861084223,-158.95984133144043,-41.30177622989636,15.234375,8,-18.867021955716073,34.491628304102335,15.234375
1684,2011-09-06 03:20:35.532016039,-98.7557818238517,101.98272950782474,12.109375,7,-17.576399868407194,35.06973533509658,12.109375
1685,2011-09-06 09:42:02.371073961,-135.72318678465183,23.47067156934743,12.890625,6,-18.283641155103474,34.716462761078766,12.890625
1686,2011-09-06 10:32:25.496123075,-78.6877619879888,90.20592081705315,18.359375,6,-17.683597365970396,35.25832508977537,18.359375
1687,2011-09-06 13:11:06.789771318,-401.88850250241256,-139.44184865299303,0.390625,10,-19.718711108434462,32.168568059260664,0.390625
1688,2011-09-06 14:41:48.064557314,-402.9447140727212,-142.3860508256859,0.390625,7,-19.745031627375795,32.15788008754384,0.390625
1689,2011-09-06 16:40:33.216093302,-260.35615208106356,-278.8007514937903,6.640625,7,-21.000073106014284,33.496457797906814,6.640625
1690,2011-09-06 17:23:31.508439302,-267.74963307322366,-297.4473652541786,99.609375,9,-21.167257110155244,33.422515546664656,99.609375
1691,2011-09-06 18:51:31.465431213,-110.37410909724603,94.13152371397702,12.109375,7,-17.64678183720658,34.959898721110285,12.109375
1692,2011-09-06 20:58:38.876160622,-260.35615208106356,-253.2843326637851,50.390625,8,-20.76982559965068,33.50027367722522,50.390625
1693,2011-09-06 23:51:33.975800276,-273.0306909247665,-268.9867442514806,99.609375,12,-20.90969012578114,33.3762212232586,99.609375
1694,2011-09-07 01:14:04.884400368,-165.29711075329192,-68.78099650836344,0.390625,9,-19.1146807292653,34.42918403437946,0.390625
1695,2011-09-07 01:29:47.576250553,-151.56636033928044,-61.911191438746656,0.390625,7,-19.053705978258378,34.56017159077477,0.390625
1696,2011-09-07 03:04:12.921990395,-127.27349422218323,31.321877363195163,56.640625,10,-18.21324267101337,34.79684652349129,56.640625
1697,2011-09-07 03:08:30.868472099,-269.8620562138408,-301.3729681511025,99.609375,8,-21.202364852901994,33.40157685438284,99.609375
1698,2011-09-07 03:23:40.014108419,-67.06943471459448,90.20592081705315,25.390625,8,-17.68397966030774,35.36782883588909,25.390625
1699,2011-09-07 08:56:10.906299829,-69.18185785521162,76.4663106778196,47.265625,6,-17.808047536202213,35.34746931874417,47.265625
1700,2011-09-07 15:10:21.909396172,-393.43880993994395,-151.21865734376462,0.390625,9,-19.82656828607067,32.24650559152498,0.390625
1701,2011-09-07 20:32:21.168260574,-149.4539371986633,-23.63656319373896,0.390625,10,-18.708187813982917,34.583143853843794,0.390625
1702,2011-09-07 23:08:35.447126150,-262.4685752216808,-154.1628595164575,0.390625,11,-19.875055953064173,33.49445902877603,0.390625
1703,2011-09-08 00:08:38.450775146,-100.86820496446886,22.489270845116465,50.390625,8,-18.294435620027507,35.04599917964341,50.390625
1704,2011-09-08 02:10:12.458500385,121.99243637064036,-483.91350285806215,16.796875,10,-22.866426935676497,37.18868211370556,16.796875
1705,2011-09-08 04:03:27.525693655,-198.0396694328577,-87.42761026875178,18.359375,6,-19.280122745857316,34.11623080823383,18.359375
1706,2011-09-08 04:51:44.280875921,-114.59895537848034,58.80109764166223,50.390625,6,-17.965728246856415,34.91816901059476,50.390625
1707,2011-09-08 05:41:44.093328476,-136.7793983549604,28.377675190502263,50.390625,9,-18.239251496618632,34.70680421102999,50.390625
1708,2011-09-08 08:40:56.946940660,-262.4685752216808,-151.21865734376462,0.390625,12,-19.848485899698176,33.494876504727216,0.390625
1709,2011-09-08 09:57:12.076024532,-396.6074446508697,-138.46044792876205,0.390625,7,-19.710933712490068,32.21904130190864,0.390625
1710,2011-09-08 16:14:11.406063795,-305.7732496043323,-287.6333580118689,99.609375,9,-21.072764100064408,33.058572082577,99.609375
1711,2011-09-08 19:30:53.370934963,-118.82380165971465,43.098686053966766,40.234375,8,-18.10734563137715,34.877392110900026,40.234375
1712,2011-09-08 20:27:04.107820749,-106.14926281601176,82.3547150232054,0.390625,7,-17.753378579174385,34.99911726929273,0.390625
1713,2011-09-08 21:08:45.495176554,-138.89182149557752,151.05276571937307,75.390625,11,-17.130998705157623,34.69486165654259,75.390625
1714,2011-09-08 21:22:13.323068380,121.99243637064036,-484.8949035822931,8.203125,9,-22.87528704876683,37.18875922292496,8.203125
1715,2011-09-08 22:32:16.204558134,-160.016052901749,-32.46916971181766,19.140625,7,-18.787172742976722,34.48232492327229,19.140625
1716,2011-09-08 22:47:22.868509293,-161.0722644720576,-25.599364642200893,31.640625,7,-18.725049323726644,34.47286828084304,31.640625
1717,2011-09-08 22:49:29.209353685,-308.94188431525794,-308.24277322071924,74.609375,7,-21.25812273158946,33.02440474410667,74.609375
1718,2011-09-08 23:31:02.315830469,-223.38874712026347,-117.85103271991176,4.296875,12,-19.552123080387872,33.871651593882696,4.296875
1719,2011-09-08 23:46:08.295452356,-144.17287934712044,-26.58076536643186,0.390625,13,-18.735150841517594,34.6329849753867,0.390625
1720,2011-09-09 00:31:39.458005190,-181.14028430792052,-67.79959578413246,22.265625,6,-19.1044725456221,34.27876650017839,22.265625
1721,2011-09-09 00:53:58.160670996,-269.8620562138408,-290.57756018456183,51.171875,9,-21.10496281665242,33.40327676363869,51.171875
1722,2011-09-09 02:45:34.579880953,-141.0042446361947,20.526469396654534,19.140625,10,-18.309892213529043,34.666325985145875,19.140625
1723,2011-09-09 09:43:19.845552683,-400.83229093210406,-141.404650101455,0.390625,8,-19.7366169788829,32.178199530511264,0.390625
1724,2011-09-09 13:55:48.388530970,-238.17570910458358,287.4674663874774,18.359375,8,-15.891078704542107,33.77645253080572,18.359375
1725,2011-09-09 18:29:31.720988750,-158.95984133144043,-38.357574057203465,12.109375,7,-18.84043267116693,34.49186593616217,12.109375
1726,2011-09-09 19:29:30.210235119,-266.69342150291504,-301.3729681511025,99.609375,8,-21.202831343873942,33.432063371767406,99.609375
1727,2011-09-09 20:10:38.251340389,-144.17287934712044,-38.357574057203465,19.921875,6,-18.841515320719246,34.63212638270738,19.921875
1728,2011-09-10 00:02:11.173903227,-275.1431140653836,-281.7449536664831,99.609375,10,-21.024486832978685,33.353911524821385,99.609375
1729,2011-09-10 02:02:03.578937054,-267.74963307322366,-176.73507617376976,6.640625,7,-20.07803271582687,33.440795090318844,6.640625
1730,2011-09-10 02:24:14.871464252,-165.29711075329192,-58.96698926605376,0.390625,8,-19.026054446894126,34.43001897500094,0.390625
1731,2011-09-10 02:25:20.235624552,-166.35332232360048,-57.98558854182279,6.640625,11,-19.01710631590284,34.420073736376224,6.640625
1732,2011-09-10 07:19:40.707279921,-264.5809983622979,-291.5589609087928,93.359375,9,-21.1145884958536,33.4539038021579,93.359375
1733,2011-09-10 09:33:43.274307728,-100.86820496446886,89.22452009282217,0.390625,10,-17.69156438539045,35.04923447744724,0.390625
1734,2011-09-10 11:23:18.151182652,-276.1993256356922,-287.6333580118689,74.609375,6,-21.07745502050797,33.34281876050862,74.609375
1735,2011-09-10 16:34:50.439885139,-80.80018512860595,73.52210850512672,0.390625,10,-17.834250283840237,35.23777754495242,0.390625
1736,2011-09-10 18:15:43.568271875,-173.74680331576053,-38.357574057203465,50.390625,6,-18.839244519561557,34.35161552048607,50.390625
1737,2011-09-10 18:34:20.638590813,-249.79403637797793,-151.21865734376462,0.390625,11,-19.850144131252517,33.61576803283935,0.390625
1738,2011-09-10 18:35:25.109715462,-67.06943471459448,91.18732154128413,25.390625,8,-17.675112932985577,35.367859830090936,25.390625
1739,2011-09-10 18:45:35.348142147,-224.4449586905721,-115.88823127144983,13.671875,10,-19.534285590337326,33.861827128711454,13.671875
1740,2011-09-10 19:43:18.032871246,-230.78222811242352,-108.0370254776021,0.390625,12,-19.462689317184008,33.80244527952923,0.390625
1741,2011-09-10 19:54:11.631806374,-270.91826778414935,-141.404650101455,37.890625,6,-19.758773041018763,33.415720268765476,37.890625
1742,2011-09-10 21:16:33.523895264,-224.4449586905721,-115.88823127144983,8.984375,7,-19.534285590337326,33.861827128711454,8.984375
1743,2011-09-10 22:46:56.056806326,-325.84126944019516,80.39191357474347,0.390625,10,-17.74959624968426,32.92878112348633,0.390625
1744,2011-09-11 00:46:14.829370022,-324.78505786988666,63.70810126281706,35.546875,11,-17.900276746330295,32.936152134699995,35.546875
1745,2011-09-11 01:42:58.982104778,-278.31174877630934,-285.67055656340705,81.640625,11,-21.05942721064491,33.32283001855447,81.640625
1746,2011-09-11 02:15:29.314192533,-323.72884629957804,77.44771140205059,0.390625,9,-17.776470645213646,32.948220124158574,0.390625
1747,2011-09-11 03:13:32.314476013,-155.79120662051469,-100.18581968375437,0.390625,7,-19.399039542325035,34.516947733199714,0.390625
1748,2011-09-11 03:35:43.087547541,-257.1875173701379,-261.1355384576329,43.359375,6,-20.841113317340763,33.5295204537469,43.359375
1749,2011-09-11 08:44:06.827040672,-398.71986779148693,-163.9768667587672,0.390625,6,-19.94049394300311,32.193455785811686,0.390625
1750,2011-09-11 10:09:39.887043238,-268.80584464353217,-290.57756018456183,99.609375,7,-21.105118139712822,33.413432213674,99.609375
1751,2011-09-11 14:17:52.069578886,-174.8030148860691,-55.041386369129896,30.859375,6,-18.98981621471339,34.340111641943885,30.859375
1752,2011-09-11 18:16:10.635090828,-156.8474181908233,-140.423249377224,86.328125,8,-19.762317589991145,34.50354299813499,86.328125
1753,2011-09-11 20:28:22.180902481,-266.69342150291504,-70.74379795682538,25.390625,9,-19.121655817460052,33.46591244684354,25.390625
1754,2011-09-11 21:03:39.018753290,-82.9126082692231,90.20592081705315,26.171875,6,-17.68344324337706,35.218506260053786,26.171875
1755,2011-09-11 22:25:57.731575012,-67.06943471459448,95.112924438208,25.390625,8,-17.639645943437234,35.367983626090236,25.390625
1756,2011-09-11 23:51:57.607964993,-183.2527074485377,-105.09282330490919,0.390625,6,-19.441026791966543,34.25513879242931,0.390625
1757,2011-09-12 00:48:44.953943729,-131.49834050341755,-33.45057043604863,0.390625,7,-18.798038800036977,34.75268386213573,0.390625
1758,2011-09-12 02:39:46.306785583,-215.99526612810354,-71.72519868105633,0.390625,10,-19.136520582746837,33.947274258339746,0.390625
1759,2011-09-12 02:47:21.545398474,-151.56636033928044,-22.655162469507996,0.390625,8,-18.699171865996195,34.56319705463078,0.390625
1760,2011-09-12 06:20:36.399129152,-224.4449586905721,-130.60924213491433,23.046875,9,-19.667174347341078,33.860070126823096,23.046875
1761,2011-09-12 08:02:30.327069759,-86.08124298014882,77.44771140205059,0.390625,9,-17.798584525818963,35.18812318921962,0.390625
1762,2011-09-12 09:51:17.335458040,-277.2555372060007,-267.02394280301866,75.390625,7,-20.89135283689599,33.33596689457553,75.390625
1763,2011-09-12 18:13:12.727238178,-270.91826778414935,-279.78215221802117,99.609375,9,-21.00740438835514,33.39481823012129,99.609375
1764,2011-09-12 18:16:24.452614784,-157.90362976113187,-30.50636826335573,0.390625,11,-18.769608032933753,34.50251176728035,0.390625
1765,2011-09-12 20:51:14.748267412,-255.07509422952074,-160.05126386184332,0.390625,8,-19.92917728955935,33.564175853956144,0.390625
1766,2011-09-12 21:44:56.990718126,-282.5365950575437,-265.0611413545567,72.265625,8,-20.872846401340425,33.28558444492408,72.265625
1767,2011-09-12 22:02:00.490950346,-136.7793983549604,22.489270845116465,25.390625,6,-18.292438276980622,34.70641025811756,25.390625
1768,2011-09-12 23:42:23.228002071,-127.27349422218323,51.93129257204546,49.609375,6,-18.027079652889537,34.79811755998625,49.609375
1769,2011-09-13 01:15:38.870148420,-67.06943471459448,90.20592081705315,25.390625,7,-17.68397966030774,35.36782883588909,25.390625
1770,2011-09-13 02:04:33.186777592,-139.94803306588614,20.526469396654534,24.609375,10,-18.309961727549872,34.676314082763064,24.609375
1771,2011-09-13 13:22:48.528590440,-270.91826778414935,-153.18145879222658,28.515625,7,-19.865047231880467,33.41400189300737,28.515625
1772,2011-09-13 15:04:57.390342474,-171.63438017514335,-82.52060664759696,0.390625,8,-19.238228623572066,34.367757075031385,0.390625
1773,2011-09-13 15:42:52.649094582,-109.31789752693747,72.54070778089574,12.890625,6,-17.84188101550453,34.96873458229935,12.890625
1774,2011-09-13 23:07:08.625995159,-135.72318678465183,-121.77663561683562,62.890625,7,-19.59549011954475,34.70639729257811,62.890625
1775,2011-09-14 00:58:18.601323843,-126.21728265187467,73.52210850512672,30.859375,6,-17.832108777366198,34.80939437658731,30.859375
1776,2011-09-14 06:40:30.118009806,-169.52195703452622,-94.29741533836855,0.390625,7,-19.344753415079786,34.38679850476724,0.390625
1777,2011-09-14 07:44:41.504165649,-94.5309355426174,-5.971350157581562,44.921875,7,-18.551825004638488,35.10460142063303,44.921875
1778,2011-09-14 12:23:42.316248417,-108.26168595662891,48.005689675121594,44.921875,6,-18.063573492330185,34.97742408408158,44.921875
1779,2011-09-14 12:31:52.079074621,-16.371279339782905,85.29891719589831,0.390625,9,-17.729270766382907,35.84564937325688,0.390625
1780,2011-09-14 13:28:48.929687500,-261.4123636513722,-306.2799717722573,99.609375,8,-21.24787267722804,33.48212438534914,99.609375
1781,2011-09-14 14:12:32.234022617,-270.91826778414935,275.69065769670584,0.390625,6,-15.994040755008697,33.469644589801234,0.390625
1782,2011-09-14 14:39:53.179286957,-309.99809588556656,-309.2241739449502,37.890625,7,-21.266794556953784,33.01406359866715,37.890625
1783,2011-09-14 15:17:44.161032677,-242.40055538581788,-344.55460001726493,0.390625,9,-21.59589864124269,33.65962281735267,0.390625
1784,2011-09-14 16:13:12.374524355,-260.35615208106356,-304.3171703237953,99.609375,7,-21.2303137187211,33.492589916429274,99.609375
1785,2011-09-14 16:23:18.329931736,-269.8620562138408,-289.59615946033085,99.609375,12,-21.09610802412075,33.40343082054416,99.609375
1786,2011-09-14 17:15:35.474105835,-270.91826778414935,-337.6847949476482,1.171875,8,-21.529821286300127,33.38560301405455,1.171875
1787,2011-09-14 19:52:45.907019615,-175.85922645637766,-58.96698926605376,11.328125,12,-19.025175004145648,34.32973134105741,11.328125
1788,2011-09-14 20:08:27.033147573,-146.28530248773757,14.63806505126873,84.765625,7,-18.36272122780582,34.61596294571547,84.765625
1789,2011-09-14 20:27:44.649739027,-237.119497534275,-338.66619567187917,0.390625,7,-21.54346969034407,33.711414950623606,0.390625
1790,2011-09-14 21:10:40.683486700,-141.0042446361947,-32.46916971181766,15.234375,10,-18.78855084336995,34.662603982920125,15.234375
1791,2011-09-14 21:18:14.146923542,-135.72318678465183,24.452072293578397,12.890625,11,-18.274776669475507,34.716527969041906,12.890625
1792,2011-09-14 21:55:10.848676682,-149.4539371986633,-53.078584920667964,12.890625,6,-18.974091774011978,34.5809113445586,12.890625
1793,2011-09-14 22:24:55.440709352,-157.90362976113187,-41.30177622989636,26.953125,10,-18.867102909450765,34.50164816291211,26.953125
1794,2011-09-15 00:36:28.762218952,-60.73216529274304,118.66654181975117,0.390625,10,-17.427021337155804,35.42836653125848,0.390625
1795,2011-09-15 02:52:30.990499496,-168.4657454642176,-25.599364642200893,38.671875,6,-18.72446475794115,34.40279011756636,38.671875
1796,2011-09-15 06:46:43.619237661,-247.68161323736075,-151.21865734376462,0.390625,9,-19.85041254775568,33.635917794284154,0.390625
1797,2011-09-15 09:35:37.728908062,-407.16956035395555,-154.1628595164575,49.609375,7,-19.850300796628197,32.1150860585963,49.609375
1798,2011-09-15 11:04:16.048655033,-80.80018512860595,126.51774761359893,42.578125,8,-17.355456112562273,35.239782649113074,42.578125
1799,2011-09-15 11:31:31.476315260,-20.5961256210172,120.6293432682131,85.546875,6,-17.41001198546785,35.80615728670996,85.546875
1800,2011-09-15 13:02:08.176601648,-151.56636033928044,-28.543566814893797,0.390625,13,-18.752352871375578,34.5627475319162,0.390625
1801,2011-09-15 14:26:28.750472784,-112.48653223786319,34.26607953588806,42.578125,6,-18.18747277182771,34.93677444230779,42.578125
1802,2011-09-15 18:55:59.470615864,-170.5781686048348,-79.57640447490405,0.390625,9,-19.211731134798296,34.37805963194213,0.390625
1803,2011-09-15 19:00:54.394319773,-126.21728265187467,-30.50636826335573,0.390625,10,-18.771773837306526,34.80295650736911,0.390625
1804,2011-09-15 20:49:30.378779650,-134.66697521434324,32.30327808742613,25.390625,12,-18.20392696884019,34.727030536355734,25.390625
1805,2011-09-15 22:57:30.464437008,-81.85639669891451,117.6851410955202,5.859375,9,-17.435218557211236,35.229511721383425,5.859375
1806,2011-09-15 23:38:54.851747751,-170.5781686048348,-85.46480882028985,0.390625,12,-19.264904586771813,34.37753723240775,0.390625
1807,2011-09-16 03:59:41.823344946,-61.78837686305162,183.43898961899495,58.984375,6,-16.841751075319866,35.420242899623176,58.984375
1808,2011-09-16 04:34:39.813451529,-266.69342150291504,-269.9681449757116,99.609375,6,-20.919469695541842,33.43692416320247,99.609375
1809,2011-09-16 07:23:59.995022774,-115.6551669487889,42.117285329735786,43.359375,9,-18.116382886433456,34.907269294413034,43.359375
1810,2011-09-16 11:09:10.225148678,-153.67878347989756,-27.562166090662824,9.765625,10,-18.743334515483447,34.542796965025644,9.765625
1811,2011-09-16 13:43:11.380167723,-399.77607936179544,-150.23725661953364,24.609375,9,-19.81644152173377,32.18635714765402,24.609375
1812,2011-09-16 16:35:18.232420683,-139.94803306588614,23.47067156934743,38.671875,10,-18.283368744795226,34.676516020667236,38.671875
1813,2011-09-17 02:13:41.124734163,-225.50117026088066,-89.39041171721371,2.734375,12,-19.29496280126036,33.85491167035194,2.734375
1814,2011-09-17 02:20:27.958461523,-95.58714711292599,93.15012298974607,23.046875,8,-17.656334009413605,35.09918476874776,23.046875
1815,2011-09-17 02:30:56.307073355,-155.79120662051469,-36.39477260874153,25.390625,7,-18.822947073540593,34.522075983994235,25.390625
1816,2011-09-17 05:36:11.844744682,-156.8474181908233,-4.008548709119629,39.453125,8,-18.530376845504385,34.51460920603577,39.453125
1817,2011-09-17 10:55:25.855575562,-408.22577192426405,-140.423249377224,0.390625,9,-19.726255110990607,32.10804001670658,0.390625
1818,2011-09-17 15:55:02.481950998,-391.3263867993268,-166.92106893146007,24.609375,7,-19.968530660265312,32.263301890964435,24.609375
1819,2011-09-17 16:47:09.213004589,-97.69957025354314,57.81969691743125,24.609375,10,-17.975417758512904,35.077639196125624,24.609375
1820,2011-09-17 18:56:17.558238029,-267.74963307322366,-299.41016670264054,98.046875,11,-21.18496680429974,33.422208485925935,98.046875
1821,2011-09-17 20:56:25.370769262,-155.79120662051469,-56.02278709336086,0.390625,7,-19.00021026495045,34.52051767350212,0.390625
1822,2011-09-17 23:36:48.538850784,-260.35615208106356,-315.112578290336,75.390625,8,-21.327721117601584,33.490937762226885,75.390625
1823,2011-09-18 01:32:38.491132021,-308.94188431525794,-203.23289572800587,0.390625,7,-20.310923508606674,33.04292587194422,0.390625
1824,2011-09-18 02:35:32.361289978,-67.06943471459448,91.18732154128413,25.390625,7,-17.675112932985577,35.367859830090936,25.390625
1825,2011-09-18 02:57:29.222542524,-132.55455207372611,-96.26021678683048,0.390625,7,-19.36525552453516,34.73837844651594,0.390625
1826,2011-09-18 06:29:18.972229958,-8.977798347622883,58.80109764166223,97.265625,10,-17.968725083302704,35.915242754166705,97.265625
1827,2011-09-18 08:51:37.281979084,-402.9447140727212,-160.05126386184332,0.390625,10,-19.904245042167602,32.15404619579198,0.390625
1828,2011-09-18 11:36:19.338605642,-22.708548761634354,57.81969691743125,0.390625,8,-17.977492116618638,35.78560379186858,0.390625
1829,2011-09-18 12:11:05.646036386,-280.4241719169266,-268.9867442514806,93.359375,8,-20.908584375813994,33.30522967223511,93.359375
1830,2011-09-18 13:43:52.511067629,-148.39772562835475,22.489270845116465,30.859375,10,-18.29166293809342,34.596553360017744,30.859375
1831,2011-09-18 14:06:20.428933144,-67.06943471459448,96.09432516243895,25.390625,9,-17.630779176002754,35.36801452990859,25.390625
1832,2011-09-18 19:17:34.518885612,-268.80584464353217,-298.42876597840956,99.609375,9,-21.175956678516236,33.41220169547806,99.609375
1833,2011-09-18 22:09:54.731827259,-155.79120662051469,-15.785357399891227,0.390625,11,-18.63681696804237,34.52369357740388,0.390625
1834,2011-09-18 23:07:35.584250212,-269.8620562138408,-300.3915674268715,95.703125,9,-21.193510174038913,33.401731792232155,95.703125
1835,2011-09-18 23:14:33.772345304,-182.19649587822914,-96.26021678683048,0.390625,8,-19.361369056027332,34.26603762319101,0.390625
1836,2011-09-19 00:38:39.792045832,-96.64335868323455,57.81969691743125,25.390625,13,-17.975464910136463,35.08760973142248,25.390625
1837,2011-09-19 00:45:48.533151387,-96.64335868323455,68.61510488397188,50.390625,6,-17.877939829453187,35.088108999250196,50.390625
1838,2011-09-19 00:48:29.350741386,-289.9300760497037,-297.4473652541786,99.609375,10,-21.16386976016173,33.20918054053172,99.609375
1839,2011-09-19 00:58:15.417672396,-99.8119933941603,67.63370415974093,37.890625,9,-17.886663546662515,35.05816710791153,37.890625
1840,2011-09-19 01:12:37.324918032,-100.86820496446886,65.670902711279,33.203125,9,-17.904346802784453,35.0481070744343,33.203125
1841,2011-09-19 02:17:17.287774086,-80.80018512860595,130.44335051052278,18.359375,9,-17.319988951467764,35.239928659166324,18.359375
1842,2011-09-19 04:12:42.108792543,-83.96881983953166,101.00132878359379,50.390625,6,-17.5858723921434,35.20897718854923,50.390625
1843,2011-09-19 06:53:59.479922295,-221.27632397964635,-106.07422402914017,0.390625,13,-19.44604475894617,33.8931447737907,0.390625
1844,2011-09-19 11:03:47.791467190,-298.3797686121723,-280.76355294225215,98.828125,8,-21.012011563130073,33.13081454082191,98.828125
1845,2011-09-19 12:49:04.433788300,-267.74963307322366,-269.9681449757116,25.390625,6,-20.91931706941813,33.4267810826587,25.390625
1846,2011-09-19 13:04:43.596653700,-127.27349422218323,-77.61360302644212,25.390625,6,-19.19718502807317,34.789871461121805,25.390625
1847,2011-09-19 14:57:56.654820442,-263.5247867919894,-297.4473652541786,99.609375,9,-21.167871870072556,33.46315549273785,99.609375
1848,2011-09-19 15:38:09.556976080,-270.91826778414935,274.70925697247486,45.703125,8,-16.00290077704553,33.469533019876195,45.703125
1849,2011-09-19 15:48:14.616830111,-152.622571909589,-18.729559572584126,25.390625,9,-18.66364087062721,34.553487763390685,25.390625
1850,2011-09-19 20:00:23.114046097,-173.74680331576053,-66.8181950599015,4.296875,10,-19.096253538729194,34.34908676249957,4.296875
1851,2011-09-19 22:41:28.513761520,-163.18468761267474,-62.89259216297762,0.390625,8,-19.06167476733739,34.44974798870822,0.390625
1852,2011-09-20 03:07:57.350559950,-248.7378248076693,-154.1628595164575,0.390625,8,-19.876851273512806,33.625447170467964,0.390625
1853,2011-09-20 10:44:37.563704491,-137.83560992526895,11.693862878575834,50.390625,8,-18.38987832049826,34.69569169260886,50.390625
1854,2011-09-20 11:46:51.105237246,-23.764760331942924,27.396274466271297,50.390625,8,-18.252351808302876,35.77528165837335,50.390625
1855,2011-09-20 12:18:09.218461037,-92.41851240200027,89.22452009282217,34.765625,8,-17.69193324488498,35.12887271095868,34.765625
1856,2011-09-20 14:24:35.603400469,-400.83229093210406,-152.2000580679956,0.390625,7,-19.833916903723065,32.175874437216876,0.390625
1857,2011-09-20 19:29:34.774644852,-74.46291570675452,95.112924438208,5.859375,11,-17.639410345113053,35.298316162335716,5.859375
1858,2011-09-20 20:06:03.770248175,-233.95086282334927,-111.96262837452596,0.390625,11,-19.497756465185553,33.77180501318037,0.390625
1859,2011-09-20 20:44:55.802914858,-188.53376530008052,-90.37181244144469,0.390625,11,-19.307616669896035,34.20632830879461,0.390625
1860,2011-09-20 20:45:53.881584167,-67.06943471459448,93.15012298974607,28.515625,8,-17.65737945425633,35.36792176424398,28.515625
1861,2011-09-20 20:54:55.091427088,-123.04864794094895,48.98709039935256,45.703125,9,-18.053918645422666,34.83783329728498,45.703125
1862,2011-09-20 21:13:44.011335373,-137.83560992526895,27.396274466271297,51.171875,7,-18.248048279795526,34.69675396496415,51.171875
1863,2011-09-20 21:21:17.820310116,201.20830414378344,-365.1640152261153,62.109375,12,-21.78703802850651,37.94535518019651,62.109375
1864,2011-09-20 22:43:27.838425398,-151.56636033928044,-37.3761733329725,9.765625,9,-18.832123793432025,34.562070410053515,9.765625
1865,2011-09-21 00:59:34.862151146,-187.47755372977196,-91.35321316567564,0.390625,12,-19.316576565145592,34.2162771343075,0.390625
1866,2011-09-21 01:42:20.539827824,-207.54557356563492,-85.46480882028985,49.609375,6,-19.261447352473862,34.026061117194345,49.609375
1867,2011-09-21 01:45:14.382041931,-86.08124298014882,68.61510488397188,19.921875,8,-17.878380604110504,35.18776142528401,19.921875
1868,2011-09-21 03:56:53.607744694,-156.8474181908233,-57.00418781759183,12.109375,14,-19.008992811940672,34.51041088549681,12.109375
1869,2011-09-21 06:21:50.822066784,-132.55455207372611,26.414873742040328,39.453125,9,-18.257246196483596,34.746614221308434,39.453125
1870,2011-09-21 06:58:48.276517153,-293.09871076062944,-183.6048812433865,0.390625,8,-20.13633728183095,33.197607142682806,0.390625
1871,2011-09-21 11:22:06.455583334,-98.7557818238517,66.65230343550995,40.234375,6,-17.895577368976618,35.068086349376905,40.234375
1872,2011-09-21 18:08:36.192761421,-154.73499505020612,-59.948389990284724,0.390625,10,-19.035742579293128,34.53023398719876,0.390625
1873,2011-09-21 18:34:20.233567715,-106.14926281601176,70.57790633243381,24.609375,9,-17.859768108910263,34.99852372642563,24.609375
1874,2011-09-21 20:11:35.651040316,-72.35049256613736,33.284678811657095,43.359375,12,-18.198064612710994,35.31608135334612,43.359375
1875,2011-09-21 23:47:25.676270723,-73.40670413644592,104.92693168051765,44.140625,7,-17.550778545439535,35.308605932666495,44.140625
1876,2011-09-22 01:28:11.073044538,-79.74397355829736,83.33611574743638,0.390625,10,-17.745624887435813,35.24811179361683,0.390625
1877,2011-09-22 02:06:48.521023511,104.0368396753946,48.005689675121594,99.609375,9,-18.06378060025664,36.98267491236935,99.609375
1878,2011-09-22 04:38:29.652405739,-73.40670413644592,91.18732154128413,16.015625,8,-17.674912069488357,35.30813309960338,16.015625
1879,2011-09-22 04:57:58.685791492,-183.2527074485377,-86.44620954452083,0.390625,8,-19.272656947814795,34.256929019871336,0.390625
1880,2011-09-22 08:33:25.298185110,-295.21113390124657,-340.6289971203411,12.890625,6,-21.552541910732494,33.15086614079097,12.890625
1881,2011-09-22 08:50:29.239141941,-98.7557818238517,57.81969691743125,43.359375,7,-17.975370094585777,35.067668691577026,43.359375
1882,2011-09-22 09:12:18.890091181,-400.83229093210406,-156.12566096491946,26.171875,7,-19.869298366816107,32.175025524492234,26.171875
1883,2011-09-22 09:52:50.740333080,-230.78222811242352,-108.0370254776021,0.390625,10,-19.462689317184008,33.80244527952923,0.390625
1884,2011-09-22 11:39:36.074937582,-279.36796034661796,-283.7077551149451,99.609375,7,-21.041558400991438,33.312996432414025,99.609375
1885,2011-09-22 16:50:19.179400206,-164.2408991829833,-30.50636826335573,37.109375,6,-18.769116961919536,34.442428006349076,37.109375
1886,2011-09-22 20:21:43.051153898,-268.80584464353217,-292.5403616330238,87.890625,8,-21.122827836328103,33.41312506255293,87.890625
1887,2011-09-22 20:50:27.396746159,-67.06943471459448,94.13152371397702,25.390625,9,-17.648512702856255,35.3679527042034,25.390625
1888,2011-09-22 22:15:25.715924263,-231.8384396827321,-108.0370254776021,0.390625,9,-19.46256713414435,33.79239336433593,0.390625
1889,2011-09-22 22:19:33.443895578,-100.86820496446886,93.15012298974607,29.296875,6,-17.656100194170236,35.04942085204961,29.296875
1890,2011-09-22 23:34:41.860453129,-73.40670413644592,94.13152371397702,12.109375,10,-17.648312160945824,35.3082347471425,12.109375
1891,2011-09-22 23:45:56.868478060,-67.06943471459448,88.2431193685912,25.390625,8,-17.701713090849637,35.36776679321417,25.390625
1892,2011-09-23 01:28:40.856097937,-77.6315504176802,114.74093892282731,24.609375,6,-17.4619686504166,35.26917043872256,24.609375
1893,2011-09-23 02:38:18.583146811,-60.73216529274304,79.41051285051252,0.390625,8,-17.781697044895342,35.42724943909959,0.390625
1894,2011-09-23 03:01:37.780513763,-63.900800003668756,76.4663106778196,0.390625,9,-17.80820738491991,35.397278718288,0.390625
1895,2011-09-23 04:06:27.259263277,-48.057626449040136,84.31751647166733,0.390625,8,-17.737675570131795,35.54688852194596,0.390625
1896,2011-09-23 10:05:41.029062510,-271.97447935445797,-113.9254298229879,62.890625,6,-19.510650741551157,33.40963459068551,62.890625
1897,2011-09-23 13:39:48.938102245,-90.30608926138312,64.68950198704802,29.296875,10,-17.91367475914168,35.14773080355273,29.296875
1898,2011-09-23 16:04:03.007368565,-67.06943471459448,93.15012298974607,14.453125,10,-17.65737945425633,35.36792176424398,14.453125
1899,2011-09-23 20:17:59.877175570,-257.1875173701379,-324.9265855326457,37.890625,6,-21.416727167443298,33.519960422354515,37.890625
1900,2011-09-23 20:38:31.055866241,-171.63438017514335,-170.84667182838393,0.390625,9,-20.035789723498674,34.35967583853004,0.390625
1901,2011-09-23 21:38:06.514696836,-158.95984133144043,-33.45057043604863,0.390625,11,-18.79611702212725,34.49226110603751,0.390625
1902,2011-09-23 21:39:47.513101816,-147.34151405804613,23.47067156934743,45.703125,7,-18.282871953006175,34.60661094696493,45.703125
1903,2011-09-23 21:58:54.344536543,-160.016052901749,-16.766758124122195,49.609375,6,-18.645361719856037,34.4835896930589,49.609375
1904,2011-09-24 02:00:03.810279608,-276.1993256356922,-162.9954660345362,62.109375,6,-19.952865912835488,33.362163592061584,62.109375
1905,2011-09-24 02:16:02.259087563,-98.7557818238517,101.98272950782474,12.109375,9,-17.576399868407194,35.06973533509658,12.109375
1906,2011-09-24 08:19:37.086560726,-57.56353058181731,57.81969691743125,5.859375,7,-17.976849314179898,35.45653811665963,5.859375
1907,2011-09-24 08:22:23.342039585,-62.844588433360194,76.4663106778196,0.390625,8,-17.80823783257162,35.407240659599346,0.390625
1908,2011-09-24 14:46:00.819450617,-292.0424991903208,-278.8007514937903,6.640625,7,-20.995321342982937,33.19202859182319,6.640625
1909,2011-09-24 15:17:54.920152664,-75.51912727706308,112.77813747436538,26.171875,7,-17.479774251072723,35.28898698211541,26.171875
1910,2011-09-24 17:56:13.655274153,-173.74680331576053,-88.40901099298276,0.390625,8,-19.29122090617481,34.34714112825128,0.390625
1911,2011-09-24 22:23:07.216928244,-126.21728265187467,31.321877363195163,37.109375,9,-18.21330503858699,34.80682960069941,37.109375
1912,2011-09-24 22:59:27.696210623,-158.95984133144043,-36.39477260874153,17.578125,6,-18.82270643775193,34.49202413659263,17.578125
1913,2011-09-25 00:44:28.809839249,-261.4123636513722,-157.10706168915044,0.390625,9,-19.9017676390382,33.504118054099465,0.390625
1914,2011-09-25 03:44:29.420103312,-24.8209719022515,57.81969691743125,0.390625,6,-17.977469048868322,35.765660075759804,0.390625
1915,2011-09-25 08:44:30.164068699,-402.9447140727212,-145.33025299837885,56.640625,10,-19.771567442758876,32.157243686748465,56.640625
1916,2011-09-25 20:34:18.393517733,-44.88899173811442,98.05712661090088,0.390625,7,-17.613603848244033,35.5770537363738,0.390625
1917,2011-09-25 21:55:37.863963366,-76.57533884737164,133.38755268321566,5.859375,9,-17.293535075770077,35.2797721654793,5.859375
1918,2011-09-25 21:57:10.432713032,-75.51912727706308,144.18296064975632,0.390625,6,-17.19603379706652,35.29007874411053,0.390625
1919,2011-09-25 23:32:43.424355507,-266.69342150291504,-321.00098263572175,99.609375,8,-21.379927009520802,33.42898419682075,99.609375
1920,2011-09-25 23:39:19.555623055,-266.69342150291504,-285.67055656340705,83.203125,9,-21.061151834473034,33.43450387152261,83.203125
1921,2011-09-26 00:04:07.879493713,-266.69342150291504,-291.5589609087928,99.609375,6,-21.114281959469984,33.43359105690184,99.609375
1922,2011-09-26 02:13:35.155474663,-238.17570910458358,-159.06986313761234,27.734375,9,-19.922457568233646,33.72558385395268,27.734375
1923,2011-09-26 02:30:26.719561338,-275.1431140653836,-205.19569717646777,0.390625,10,-20.33380317039216,33.36586253906269,0.390625
1924,2011-09-26 09:06:07.422290325,-151.56636033928044,-68.78099650836344,0.390625,14,-19.115748006968513,34.559635181859434,0.390625
1925,2011-09-26 11:38:58.815665960,-148.39772562835475,-92.33461388990662,0.390625,7,-19.328696211129024,34.587924308535115,0.390625
1926,2011-09-26 14:57:24.161345959,-398.71986779148693,-141.404650101455,50.390625,10,-19.73704537640949,32.19830759662363,50.390625
1927,2011-09-26 15:03:52.732817411,-158.95984133144043,-57.00418781759183,9.765625,8,-19.008830140576645,34.49035420506246,9.765625
1928,2011-09-26 16:14:01.961829901,-265.63720993260654,-171.8280725526149,0.390625,9,-20.034042752372994,33.46168369038017,0.390625
1929,2011-09-26 20:55:38.212244511,-110.37410909724603,47.02428895089063,51.171875,12,-18.072332290078155,34.95742147266022,51.171875
1930,2011-09-26 21:30:13.299492836,-259.29994051075505,-155.14426024068848,0.390625,9,-19.884335661652838,33.5245481535848,0.390625
1931,2011-09-26 22:55:18.600506783,-167.40953389390904,-99.2044189595234,0.390625,9,-19.389241481013375,34.4064642172869,0.390625
1932,2011-09-27 07:30:04.148760557,-72.35049256613736,153.99696789206595,48.046875,9,-17.107465366663003,35.320186897275974,48.046875
1933,2011-09-27 09:58:21.059627771,-222.3325355499549,-112.94402909875691,2.734375,6,-19.507944181698143,33.882287218278464,2.734375
1934,2011-09-27 10:06:05.464277506,-250.8502479482865,-281.7449536664831,99.609375,7,-21.027961063034514,33.58737515316644,99.609375
1935,2011-09-27 11:11:16.247520924,-401.88850250241256,-166.92106893146007,5.859375,7,-19.966378732134963,32.16261331269869,5.859375
1936,2011-09-27 12:32:20.089753151,-129.38591736280037,24.452072293578397,22.265625,6,-18.275169437755874,34.776446322284556,22.265625
1937,2011-09-27 13:14:15.426906586,-74.46291570675452,81.37331429897445,26.953125,6,-17.763542481204553,35.297833717999225,26.953125
1938,2011-09-27 13:24:55.630468369,-237.119497534275,284.52326421478455,19.140625,7,-15.917766296540535,33.786016691969564,19.140625
1939,2011-09-27 16:12:10.506493092,-155.79120662051469,-28.543566814893797,20.703125,12,-18.752040818466867,34.52269445562139,20.703125
1940,2011-09-27 19:44:58.129306554,-136.7793983549604,28.377675190502263,25.390625,8,-18.239251496618632,34.70680421102999,25.390625
1941,2011-09-27 21:30:55.230384350,-156.8474181908233,-98.22301823529241,0.390625,10,-19.38123196063853,34.507057307308564,0.390625
1942,2011-09-27 22:51:18.076648951,7.921586777314309,-23.63656319373896,48.828125,10,-18.713528320620902,36.07510684305449,48.828125
1943,2011-09-27 22:51:38.130760193,-269.8620562138408,-301.3729681511025,87.890625,8,-21.202364852901994,33.40157685438284,87.890625
1944,2011-09-28 00:08:23.799592972,-134.66697521434324,-79.57640447490405,0.390625,8,-19.21443497614521,34.719449004360605,0.390625
1945,2011-09-28 01:01:01.254168987,-157.90362976113187,-22.655162469507996,19.140625,10,-18.698702006015058,34.50313651302883,19.140625
1946,2011-09-28 01:31:45.663436413,-134.66697521434324,166.75517730706852,49.609375,7,-16.989400607695178,34.73550987387309,49.609375
1947,2011-09-28 05:53:33.316736221,-129.38591736280037,34.26607953588806,41.015625,9,-18.18652208336527,34.77706603159321,41.015625
1948,2011-09-28 06:27:28.298379183,-137.83560992526895,15.619465775499698,32.421875,8,-18.35442101338108,34.69595816781694,32.421875
1949,2011-09-28 07:10:30.585779428,-143.11666777681182,-22.655162469507996,0.390625,13,-18.69976844081323,34.64328048647804,0.390625
1950,2011-09-28 07:18:55.910081863,-82.9126082692231,136.3317548559086,69.140625,12,-17.26671185747534,35.22028291357243,69.140625
1951,2011-09-28 08:10:02.093862772,-295.21113390124657,-324.9265855326457,98.828125,7,-21.41090130090881,33.15362287823532,98.828125
1952,2011-09-28 10:32:53.039566994,-157.90362976113187,-91.35321316567564,20.703125,6,-19.31911070367167,34.49757450970473,20.703125
1953,2011-09-28 14:17:23.770782709,-135.72318678465183,78.42911212628154,50.390625,8,-17.787217074419424,34.72005741623725,50.390625
1954,2011-09-28 16:37:29.934310198,-115.6551669487889,50.94989184781449,50.390625,6,-18.036595288542557,34.907762910669085,50.390625
1955,2011-09-28 22:10:04.460033178,-129.38591736280037,31.321877363195163,25.390625,11,-18.213116377791597,34.77688049031145,25.390625
1956,2011-09-28 22:22:05.924257040,-288.8738644793952,-273.8937478726354,66.796875,9,-20.951552919266238,33.22328598802818,66.796875
1957,2011-09-28 23:02:26.170930147,-200.15209257347487,-275.85654932109736,43.359375,8,-20.981026323785994,34.0754269160902,43.359375
1958,2011-09-29 00:16:41.750731945,-260.35615208106356,-241.50752397301352,87.109375,7,-20.663555212841118,33.50201741238728,87.109375
1959,2011-09-29 00:24:18.055695772,-57.56353058181731,73.52210850512672,32.421875,6,-17.834982683966924,35.45697010230814,32.421875
1960,2011-09-29 00:27:15.065555573,-137.83560992526895,27.396274466271297,50.390625,8,-18.248048279795526,34.69675396496415,50.390625
1961,2011-09-29 00:54:41.868736982,-139.94803306588614,28.377675190502263,37.890625,6,-18.239046937942696,34.676851817418175,37.890625
1962,2011-09-29 02:26:25.094991207,-106.14926281601176,64.68950198704802,37.109375,9,-17.91296243238676,34.99822540293264,37.109375
1963,2011-09-29 07:30:42.247834444,-135.72318678465183,-111.96262837452596,63.671875,7,-19.506857727187555,34.70710363597225,63.671875
1964,2011-09-29 09:33:59.575433016,-95.58714711292599,90.20592081705315,30.859375,9,-17.682932539746055,35.09905234167093,30.859375
1965,2011-09-29 11:42:29.802381516,-296.2673454715552,-295.4845638057166,99.609375,9,-21.1451469323339,33.148574890930526,99.609375
1966,2011-09-29 12:27:27.722318888,-154.73499505020612,-30.50636826335573,9.765625,9,-18.769846331036234,34.53255433731818,9.765625
1967,2011-09-29 13:10:47.209084988,-242.40055538581788,280.5976613178606,26.953125,7,-15.952702287203207,33.736337353057735,26.953125
1968,2011-09-29 16:07:27.628380299,-67.06943471459448,51.93129257204546,0.390625,6,-18.029775725611806,35.36660591159198,0.390625
1969,2011-09-29 18:29:39.688545227,-267.74963307322366,-290.57756018456183,99.609375,10,-21.105272855619862,33.42358775598466,99.609375
1970,2011-09-29 21:54:15.912779331,-152.622571909589,-34.431971160279595,12.890625,8,-18.805456119644656,34.55228001342924,12.890625
1971,2011-09-30 00:12:41.500047207,-265.63720993260654,-286.651957287638,99.609375,7,-21.07016010097566,33.44450525714913,99.609375
1972,2011-09-30 01:10:19.701178551,-326.8974810105038,82.3547150232054,0.390625,10,-17.731731471477023,32.91913941475773,0.390625
1973,2011-09-30 02:42:18.012520313,-158.95984133144043,-29.524967539124763,0.390625,13,-18.760664345839846,34.49257644750283,0.390625
1974,2011-09-30 02:45:23.928875685,-72.35049256613736,93.15012298974607,19.921875,10,-17.65721350359884,35.31815430902084,19.921875
1975,2011-09-30 11:00:15.699570179,-121.99243637064036,-18.729559572584126,25.390625,7,-18.66565220212755,34.843742117738614,25.390625
1976,2011-09-30 11:22:18.133790970,-278.31174877630934,-175.75367544953878,0.390625,10,-20.067686072375842,33.340069625849694,0.390625
1977,2011-09-30 13:25:53.295541763,105.09305124570317,-484.8949035822931,7.421875,12,-22.876432529088525,37.0241045226564,7.421875
1978,2011-09-30 14:25:37.672646523,-132.55455207372611,26.414873742040328,24.609375,11,-18.257246196483596,34.746614221308434,24.609375
1979,2011-09-30 14:56:31.311532259,-277.2555372060007,-266.0425420787877,81.640625,7,-20.882498303010866,33.33612319152014,81.640625
1980,2011-09-30 20:55:35.910523415,-236.0632859639664,-102.1486211322163,7.421875,6,-19.40892023579935,33.75291813638749,7.421875
1981,2011-09-30 22:45:18.289559364,-129.38591736280037,48.98709039935256,43.359375,6,-18.053549482395557,34.77798897072475,43.359375
1982,2011-09-30 23:32:37.242803574,-149.4539371986633,8.749660705882935,24.609375,6,-18.41568446733464,34.5855565922444,24.609375
1983,2011-10-01 00:51:01.693620682,-269.8620562138408,-292.5403616330238,99.609375,7,-21.122672370767784,33.4029684098714,99.609375
1984,2011-10-01 01:17:13.255122662,-311.05430745587506,-297.4473652541786,77.734375,8,-21.16039417569679,33.006045162569634,77.734375
1985,2011-10-01 08:00:37.994510412,-393.43880993994395,-151.21865734376462,0.390625,6,-19.82656828607067,32.24650559152498,0.390625
1986,2011-10-01 16:01:33.973859072,-96.64335868323455,110.81533602590345,53.515625,7,-17.49669598637256,35.09003034607633,53.515625
1987,2011-10-01 21:18:04.369143724,-27.989606613177223,148.1085635466802,0.390625,9,-17.161641476464638,35.73692603116499,0.390625
1988,2011-10-01 22:48:47.307166100,-162.12847604236617,-76.63220230221117,0.390625,8,-19.18583662721979,34.458628935555026,0.390625
1989,2011-10-01 23:34:07.621279478,-269.8620562138408,-305.2985710480263,99.609375,9,-21.23778346475674,33.400956300618176,99.609375
1990,2011-10-01 23:58:56.893636465,-117.76759008940606,37.21028170858096,37.890625,11,-18.16059453090338,34.887033122834595,37.890625
1991,2011-10-02 00:22:17.502398491,-137.83560992526895,28.377675190502263,33.203125,10,-18.239183830466036,34.69682003604216,33.203125
1992,2011-10-02 01:07:41.290987730,-138.89182149557752,29.35907591473323,50.390625,8,-18.230251221886835,34.6869024436523,50.390625
1993,2011-10-02 01:22:07.598354101,-117.76759008940606,34.26607953588806,5.859375,12,-18.18718994353901,34.88686452074978,5.859375
1994,2011-10-02 02:53:38.177078724,-189.58997687038908,-107.05562475337112,0.390625,8,-19.458158959279835,34.19462360849137,0.390625
1995,2011-10-02 04:44:09.454426050,-62.844588433360194,159.88537223745178,69.140625,7,-17.05454149883842,35.40966913322783,69.140625
1996,2011-10-02 16:37:02.277321815,-82.9126082692231,117.6851410955202,28.515625,8,-17.43517985737178,35.219570606331274,28.515625
1997,2011-10-02 16:50:43.305819273,-209.65799670625205,-91.35321316567564,0.390625,8,-19.314391617875263,34.00533514830168,0.390625
1998,2011-10-02 17:15:16.936817408,-237.119497534275,-139.44184865299303,0.390625,8,-19.745420714073102,33.738174448148364,0.390625
1999,2011-10-02 22:26:52.001491308,-167.40953389390904,-162.9954660345362,24.609375,7,-19.96526666392739,34.400757444533326,24.609375
2000,2011-10-03 00:37:37.906816244,-158.95984133144043,-56.02278709336086,0.390625,10,-18.999967194942567,34.490434168712355,0.390625
2001,2011-10-03 02:51:40.698467016,-143.11666777681182,23.47067156934743,24.609375,12,-18.283158962262213,34.64655643031457,24.609375
2002,2011-10-03 03:25:31.533321381,-67.06943471459448,111.7967367501344,19.140625,7,-17.4889098098144,35.36850653702854,19.140625
2003,2011-10-03 04:08:20.136443377,-110.37410909724603,25.433473017809362,37.109375,7,-18.267369898438307,34.95626296314298,37.109375
2004,2011-10-03 04:57:34.801730394,-146.28530248773757,-2.0457472606576963,0.390625,9,-18.5134087452986,34.614755940383496,0.390625
2005,2011-10-03 04:58:33.047137499,-146.28530248773757,-3.027147984888663,12.109375,9,-18.522272640019153,34.61468457776088,12.109375
2006,2011-10-03 05:37:46.106285810,-142.06045620650326,27.396274466271297,50.390625,7,-18.247772271278993,34.65681568177816,50.390625
2007,2011-10-03 06:54:25.309281826,-231.8384396827321,339.4817047717186,79.296875,7,-15.42195866403547,33.840523969957964,79.296875
2008,2011-10-03 08:50:16.560754776,-304.7170380340237,-304.3171703237953,93.359375,7,-21.223427582468236,33.065757364019525,93.359375
2009,2011-10-03 08:51:46.549593210,-387.10154051809246,-156.12566096491946,0.390625,7,-19.872062719929566,32.3058452065273,0.390625
2010,2011-10-03 16:52:09.121259451,-141.0042446361947,20.526469396654534,8.984375,10,-18.309892213529043,34.666325985145875,8.984375
2011,2011-10-03 19:12:00.375332832,-278.31174877630934,-281.7449536664831,81.640625,8,-21.024010090664436,33.32346332791316,81.640625
2012,2011-10-03 21:34:37.939187765,-169.52195703452622,-82.52060664759696,0.390625,8,-19.23840662815331,34.387840276229646,0.390625
2013,2011-10-03 22:52:23.971628666,-116.7113785190975,-95.2788160625995,0.390625,10,-19.357374016762837,34.889207401930356,0.390625
2014,2011-10-03 23:50:00.966101885,-139.94803306588614,31.321877363195163,55.078125,14,-18.212453752631138,34.67705283601052,55.078125
2015,2011-10-04 01:20:50.408330679,-156.8474181908233,-67.79959578413246,0.390625,10,-19.10648552876501,34.50954006768263,0.390625
2016,2011-10-04 01:46:25.719946384,-113.54274380817175,230.54622438208136,74.609375,7,-16.414206705660852,34.937027753775396,74.609375
2017,2011-10-04 03:02:47.915902138,-149.4539371986633,-4.008548709119629,0.390625,10,-18.530914175111594,34.58461147841499,0.390625
2018,2011-10-04 03:52:49.226905107,-251.90645951859506,-151.21865734376462,0.390625,6,-19.849873441503263,33.595618602016955,0.390625
2019,2011-10-04 05:28:35.388924360,-226.55738183118922,-86.44620954452083,3.515625,12,-19.26826610739438,33.845217475070115,3.515625
2020,2011-10-04 08:12:05.548445463,-163.18468761267474,-89.39041171721371,0.390625,6,-19.300965022908333,34.447506985581605,0.390625
2021,2011-10-04 10:13:32.520447969,-269.8620562138408,-290.57756018456183,99.609375,8,-21.10496281665242,33.40327676363869,99.609375
2022,2011-10-04 10:59:25.966303110,-173.74680331576053,-57.00418781759183,10.546875,6,-19.0076305807261,34.34996335325156,10.546875
2023,2011-10-04 15:29:00.986380100,-404.0009256430297,-148.27445517107174,24.609375,8,-19.79788626125093,32.146548819585306,24.609375
2024,2011-10-04 17:07:16.217372417,-75.51912727706308,108.85253457744152,47.265625,7,-17.515241236667297,35.28884905608833,47.265625
2025,2011-10-04 17:24:20.631610394,-142.06045620650326,-102.1486211322163,0.390625,8,-19.417785215259862,34.64748246243325,0.390625
2026,2011-10-04 20:21:03.370155334,-169.52195703452622,-94.29741533836855,0.390625,8,-19.344753415079786,34.38679850476724,0.390625
2027,2011-10-04 21:04:21.997369289,-115.6551669487889,66.65230343550995,37.890625,6,-17.894749016478507,34.90863415942052,37.890625
2028,2011-10-04 22:40:39.976358891,-280.4241719169266,-284.68915583917607,99.609375,8,-21.050251652806278,33.30268655668198,99.609375
2029,2011-10-04 23:27:04.919040680,-134.66697521434324,23.47067156934743,44.140625,8,-18.283707954089795,34.72644955465421,44.140625
2030,2011-10-05 01:19:10.249727488,-158.95984133144043,-37.3761733329725,17.578125,8,-18.831569558828615,34.49194505846456,17.578125
2031,2011-10-05 04:21:54.934234142,-13.202644628857183,41.13588460550482,0.390625,8,-18.12830801362714,35.875244543853405,0.390625
2032,2011-10-05 05:51:51.121961832,-152.622571909589,-4.008548709119629,50.390625,7,-18.530687064083573,34.55461021148483,50.390625
2033,2011-10-05 08:37:50.766681910,-156.8474181908233,-34.431971160279595,31.640625,11,-18.805140968366686,34.51221457715934,31.640625
2034,2011-10-05 09:17:05.112341404,-87.1374545504574,84.31751647166733,0.390625,11,-17.736479022773565,35.17844575989218,0.390625
2035,2011-10-05 10:39:40.919659853,-14.258856199165756,121.61074399244409,0.390625,6,-17.401193541389052,35.8658075236768,0.390625
2036,2011-10-05 10:49:37.914369345,-149.4539371986633,-26.58076536643186,34.765625,6,-18.734778561993398,34.58292228391778,34.765625
2037,2011-10-05 11:31:03.171994925,-132.55455207372611,-162.01406531030523,0.390625,6,-19.959092023113715,34.733724696250384,0.390625
2038,2011-10-05 12:45:06.659849405,-398.71986779148693,-164.95826748299817,0.390625,6,-19.949339401637587,32.19324347254863,0.390625
2039,2011-10-05 14:29:24.365767717,-126.21728265187467,29.35907591473323,25.390625,12,-18.23103472246453,34.80670876098081,25.390625
2040,2011-10-05 15:13:33.284047842,-287.8176529090866,-287.6333580118689,97.265625,9,-21.07566880479154,33.231141127853014,97.265625
2041,2011-10-05 20:39:43.823818922,-170.5781686048348,-79.57640447490405,0.390625,11,-19.211731134798296,34.37805963194213,0.390625
2042,2011-10-05 22:47:04.135828495,-162.12847604236617,-32.46916971181766,19.921875,10,-18.787008886770682,34.46229490933556,19.921875
2043,2011-10-05 23:37:17.310751915,-270.91826778414935,-282.7263543907141,99.609375,6,-21.03396882960999,33.39435642181813,99.609375
2044,2011-10-06 00:34:00.072467327,-23.764760331942924,148.1085635466802,75.390625,6,-17.161689292630705,35.776635070129984,75.390625
2045,2011-10-06 00:55:16.203117132,-286.76144133877796,-268.9867442514806,55.859375,9,-20.907613159357954,33.24438349825884,55.859375
2046,2011-10-06 10:18:17.542975664,-90.30608926138312,68.61510488397188,0.390625,9,-17.878210406847778,35.1479001120138,0.390625
2047,2011-10-06 12:25:32.398383379,-59.675953722434464,48.98709039935256,19.921875,6,-18.056591213145143,35.436341525223206,19.921875
2048,2011-10-06 23:22:12.357397318,-56.507319011508734,163.81097513437564,47.265625,6,-17.01923598084871,35.46929640541387,47.265625
2049,2011-10-07 15:15:11.169802189,-399.77607936179544,-133.55344430760726,12.890625,10,-19.666066218466476,32.18993141719703,12.890625
2050,2011-10-07 16:46:11.913748026,-158.95984133144043,-28.543566814893797,0.390625,9,-18.751801154984395,34.49265517261955,0.390625
2051,2011-10-07 16:48:59.452431679,-141.0042446361947,24.452072293578397,50.390625,8,-18.274435030150425,34.6665971886543,50.390625
2052,2011-10-07 17:02:10.074571371,-90.30608926138312,73.52210850512672,60.546875,7,-17.833879783084154,35.14811119690905,60.546875
2053,2011-10-07 17:19:25.980013847,-168.4657454642176,-68.78099650836344,0.390625,9,-19.11442131407474,34.39908118288477,0.390625
2054,2011-10-07 21:16:53.318569183,-304.7170380340237,-304.3171703237953,92.578125,8,-21.223427582468236,33.065757364019525,92.578125
2055,2011-10-07 22:49:47.849593401,-246.6254016670522,-149.25585589530272,0.390625,11,-19.832830497428347,33.646254013217934,0.390625
2056,2011-10-08 00:06:52.462894678,-156.8474181908233,-31.487768987586694,4.296875,13,-18.778551256483023,34.51244813984123,4.296875
2057,2011-10-08 01:26:15.591643333,-67.06943471459448,95.112924438208,21.484375,9,-17.639645943437234,35.367983626090236,21.484375
2058,2011-10-08 02:50:54.236874342,-164.2408991829833,-24.617963917969927,0.390625,14,-18.71593898580885,34.44291562058991,0.390625
2059,2011-10-08 05:12:32.854112387,-142.06045620650326,26.414873742040328,50.390625,7,-18.256636568921227,34.65674754852948,50.390625
2060,2011-10-08 14:34:52.590575695,-239.23192067489214,289.43026783593933,0.390625,8,-15.87325300158017,33.766792841367725,0.390625
2061,2011-10-08 16:04:59.659427881,-326.8974810105038,80.39191357474347,0.390625,8,-17.749440124813102,32.91883632001888,0.390625
2062,2011-10-08 20:50:24.435653210,-163.18468761267474,-78.5950037506731,0.390625,9,-19.20347718333609,34.44842401676447,0.390625
2063,2011-10-08 22:56:54.401384592,-67.06943471459448,104.92693168051765,26.953125,6,-17.550977908976193,35.3682918518683,26.953125
2064,2011-10-08 23:06:09.814578533,-152.622571909589,-97.24161751106143,0.390625,10,-19.372694690415102,34.547340084602496,0.390625
2065,2011-10-08 23:25:55.142678738,-128.3297057924918,35.247480260119026,24.609375,12,-18.177720576253837,34.78710878688206,24.609375
2066,2011-10-08 23:44:38.575769663,-192.75861158131482,279.61626059362965,66.015625,6,-15.965938978296624,34.19965428515556,66.015625
2067,2011-10-09 01:48:08.424306154,-149.4539371986633,-91.35321316567564,0.390625,14,-19.319755123155133,34.577952936630965,0.390625
2068,2011-10-09 04:05:32.281313896,-170.5781686048348,-95.2788160625995,0.390625,11,-19.353526289506625,34.37666272781582,0.390625
2069,2011-10-09 11:05:09.512050389,-141.0042446361947,27.396274466271297,50.390625,7,-18.24784205389218,34.66680018588033,50.390625
2070,2011-10-09 14:50:48.694496632,-231.8384396827321,-108.0370254776021,40.234375,6,-19.46256713414435,33.79239336433593,40.234375
2071,2011-10-09 18:58:47.494612455,-59.675953722434464,172.6435816524543,91.015625,6,-16.939349018425425,35.439775195300456,91.015625
2072,2011-10-09 22:41:38.492104053,-109.31789752693747,42.117285329735786,34.765625,11,-18.11671311997296,34.96713759362905,34.765625
2073,2011-10-09 23:08:01.072696447,-147.34151405804613,-36.39477260874153,0.390625,10,-18.82356510630585,34.60221642478363,0.390625
2074,2011-10-10 00:16:32.437997580,-268.80584464353217,-292.5403616330238,99.609375,12,-21.122827836328103,33.41312506255293,99.609375
2075,2011-10-10 01:12:51.434797525,-210.7142082765606,-105.09282330490919,0.390625,11,-19.438324590941647,33.993772534714665,0.390625
2076,2011-10-10 01:29:19.696142435,-165.29711075329192,-53.078584920667964,19.140625,8,-18.972878252818916,34.4305177220817,19.140625
2077,2011-10-10 03:46:14.847089052,-135.72318678465183,27.396274466271297,50.390625,8,-18.248183162017508,34.71672336999081,50.390625
2078,2011-10-10 04:58:48.282974005,-88.19366612076597,183.43898961899495,90.234375,6,-16.840902162388854,35.17249941536029,90.234375
2079,2011-10-10 09:53:08.312195539,-399.77607936179544,-143.3674515499169,0.390625,7,-19.75452265999127,32.187832882543475,0.390625
2080,2011-10-10 10:37:28.327386141,-129.38591736280037,-30.50636826335573,0.390625,8,-18.771578977959116,34.772910239243494,0.390625
2081,2011-10-10 16:10:24.430930376,-220.2201124093378,-56.02278709336086,63.671875,6,-18.994307395970576,33.908921728528696,63.671875
2082,2011-10-10 19:49:55.522012711,-165.29711075329192,-69.7623972325944,0.390625,11,-19.12354330873352,34.42910028590087,0.390625
2083,2011-10-10 21:02:29.275994062,-104.0368396753946,98.05712661090088,16.015625,6,-17.61162384354419,35.019802529496,16.015625
2084,2011-10-11 00:34:28.769963503,-258.24372894044643,-85.46480882028985,25.390625,7,-19.255609160998738,33.544174293503374,25.390625
2085,2011-10-11 02:16:47.550508261,-53.33868430058302,120.6293432682131,81.640625,6,-17.40947447296891,35.498003060632165,81.640625
2086,2011-10-11 06:08:38.037634611,-114.59895537848034,-4.9899494333505965,15.234375,7,-18.541963059656005,34.914595780011865,15.234375
2087,2011-10-11 13:43:00.780337095,-232.8946512530407,295.3186721813251,0.390625,9,-15.820680760998231,33.82648895272845,0.390625
2088,2011-10-11 18:02:39.024521589,-184.30891901884627,304.1512786994038,90.234375,11,-15.744964026947413,34.28042630352916,90.234375
2089,2011-10-11 18:52:30.814204216,-229.72601654211496,-111.96262837452596,16.015625,8,-19.498247272504774,33.81202125344737,16.015625
2090,2011-10-11 21:07:39.241606474,-144.17287934712044,16.600866499730664,37.890625,7,-18.345137147992002,34.6360840378563,37.890625
2091,2011-10-11 22:15:29.190463066,-136.7793983549604,28.377675190502263,29.296875,8,-18.239251496618632,34.70680421102999,29.296875
2092,2011-10-11 22:41:56.145938635,-150.51014876897187,-54.05998564489893,0.390625,7,-18.982877960799303,34.57080916056976,0.390625
2093,2011-10-12 00:21:58.079924583,-225.50117026088066,-115.88823127144983,12.109375,10,-19.534166280324595,33.851770393696256,12.109375
2094,2011-10-12 01:57:39.026219130,-44.88899173811442,66.65230343550995,51.171875,6,-17.897346507799412,35.57638658576051,51.171875
2095,2011-10-12 08:25:58.349380016,-109.31789752693747,101.98272950782474,31.640625,7,-17.575906975431018,34.97025296951604,31.640625
2096,2011-10-12 10:19:09.860948563,-200.15209257347487,-99.2044189595234,0.390625,7,-19.386244103075427,34.094912410293574,0.390625
2097,2011-10-12 15:18:55.713487387,-73.40670413644592,89.22452009282217,45.703125,6,-17.692645301657837,35.30806523561857,45.703125
2098,2011-10-12 18:49:37.297995567,-166.35332232360048,-74.66940085374924,0.390625,12,-19.167769890519477,34.418643299748695,0.390625
2099,2011-10-12 19:46:57.560747623,-148.39772562835475,3.8426570847281014,12.890625,7,-18.4600780970533,34.59519031584398,12.890625
2100,2011-10-12 19:47:44.212380886,-154.73499505020612,-2.0457472606576963,50.390625,6,-18.51280584967607,34.53476061297269,50.390625
2101,2011-10-12 19:52:10.189557076,-155.79120662051469,-1.0643465364267297,50.390625,6,-18.503864555872887,34.524837367630745,50.390625
2102,2011-10-12 19:52:40.766697407,-160.016052901749,-34.431971160279595,0.390625,6,-18.804898964121687,34.48216602849642,0.390625
2103,2011-10-12 19:53:38.094138384,-148.39772562835475,1.8798556362661691,0.390625,11,-18.477805829414393,34.59504598121399,0.390625
2104,2011-10-12 20:06:20.656972885,-144.17287934712044,1.8798556362661691,0.390625,12,-18.478098223055916,34.635036181145786,0.390625
2105,2011-10-12 20:08:34.954472780,-144.17287934712044,1.8798556362661691,0.390625,12,-18.478098223055916,34.635036181145786,0.390625
2106,2011-10-12 20:11:59.298905134,-278.31174877630934,-169.86527110415295,0.390625,11,-20.014553518381884,33.34096460222255,0.390625
2107,2011-10-12 20:41:48.763510704,-81.85639669891451,80.39191357474347,0.390625,9,-17.77214670661888,35.228081457917604,0.390625
2108,2011-10-12 22:57:21.618406773,-107.20547438632032,58.80109764166223,48.046875,13,-17.966104725705634,34.98795629341812,48.046875
2109,2011-10-12 23:45:06.960813999,302.60461489340656,341.4445062201805,0.390625,12,-15.39685840834254,38.8178885469984,0.390625
2110,2011-10-13 01:19:34.825264692,-92.41851240200027,85.29891719589831,39.453125,8,-17.727398093450088,35.128701543617,39.453125
2111,2011-10-13 01:30:08.841684103,-78.6877619879888,66.65230343550995,0.390625,9,-17.896391503145058,35.25744602748979,0.390625
2112,2011-10-13 02:08:34.810894012,-311.05430745587506,-325.90798625687665,0.390625,7,-21.417089467252186,33.000839570560885,0.390625
2113,2011-10-13 03:46:01.578454733,-132.55455207372611,35.247480260119026,44.921875,6,-18.177464368896413,34.74718511820881,44.921875
2114,2011-10-13 03:54:39.656677485,-155.79120662051469,-57.00418781759183,12.109375,14,-19.00907333242577,34.52043930198283,12.109375
2115,2011-10-13 20:06:12.864608049,-265.63720993260654,-298.42876597840956,99.609375,7,-21.176420701906906,33.442683053192944,99.609375
2116,2011-10-13 21:48:58.484094620,-304.7170380340237,-288.6147587360999,74.609375,9,-21.08179211676904,33.068548691468784,74.609375
2117,2011-10-14 03:03:46.797855616,-269.8620562138408,-297.4473652541786,99.609375,10,-21.16694607535108,33.40219612470532,99.609375
2118,2011-10-14 03:06:46.515177487,-163.18468761267474,-38.357574057203465,5.859375,10,-18.84010396336048,34.45179332452167,5.859375
2119,2011-10-14 08:09:16.777015209,-129.38591736280037,31.321877363195163,25.390625,13,-18.213116377791597,34.77688049031145,25.390625
2120,2011-10-14 12:43:14.816440344,-60.73216529274304,76.4663106778196,83.984375,7,-17.808297205747326,35.4271646009771,83.984375
2121,2011-10-14 13:06:01.080239773,-393.43880993994395,-144.34885227414787,0.390625,10,-19.764645174233987,32.247958889431594,0.390625
2122,2011-10-14 14:10:52.616407394,-143.11666777681182,-28.543566814893797,0.390625,8,-18.75295126567153,34.642855999623116,0.390625
2123,2011-10-14 14:51:41.267432689,-256.1313057998293,-285.67055656340705,98.828125,10,-21.06265606537148,33.53603516887191,98.828125
2124,2011-10-14 17:43:49.718000889,-165.29711075329192,-57.00418781759183,8.203125,14,-19.008329084199843,34.430185408622044,8.203125
2125,2011-10-14 19:41:50.974433422,-154.73499505020612,11.693862878575834,72.265625,7,-18.38871474933833,34.53581286377833,72.265625
2126,2011-10-14 20:54:29.625916719,-111.4303206675546,-92.33461388990662,49.609375,7,-19.331081080721024,34.939634735323736,49.609375
2127,2011-10-14 21:22:10.483992100,-80.80018512860595,121.61074399244409,0.390625,8,-17.399789885581832,35.2395996502882,0.390625
2128,2011-10-15 16:16:17.024613142,-226.55738183118922,-86.44620954452083,1.953125,11,-19.26826610739438,33.845217475070115,1.953125
2129,2011-10-15 19:17:27.599869728,-109.31789752693747,-96.26021678683048,0.390625,9,-19.36665382527988,34.95950920043945,0.390625
2130,2011-10-15 22:50:28.071562529,-97.69957025354314,56.838296193200286,0.390625,9,-17.984283600982877,35.07759315315697,0.390625
2131,2011-10-16 00:25:16.946291685,-94.5309355426174,94.13152371397702,33.203125,6,-17.647513047477897,35.1091812467566,33.203125
2132,2011-10-16 05:57:53.185714006,-153.67878347989756,-88.40901099298276,1.171875,14,-19.292848798178046,34.53799964738975,1.171875
2133,2011-10-16 19:07:56.925574303,-53.33868430058302,165.77377658283754,80.078125,8,-17.00157638316666,35.49910177936123,80.078125
2134,2011-10-16 20:29:40.369538069,-157.90362976113187,-34.431971160279595,16.796875,14,-18.805060837483293,34.50219834336918,16.796875
2135,2011-10-16 20:46:07.533975363,-289.9300760497037,-275.85654932109736,62.109375,7,-20.969094460567153,33.21281424400078,62.109375
2136,2011-10-16 21:07:51.380009174,-38.55172231626296,123.57354544090602,0.390625,6,-17.38317413742112,35.63722055691656,0.390625
2137,2011-10-16 21:08:00.813671350,-58.61974215212589,101.00132878359379,25.390625,9,-17.586683571997575,35.44776666349943,25.390625
2138,2011-10-16 21:38:07.196456909,-276.1993256356922,-275.85654932109736,99.609375,10,-20.971201654305208,33.34470236237668,99.609375
2139,2011-10-16 21:41:01.807180405,-287.8176529090866,-274.8751485968664,49.609375,7,-20.960571577793015,33.23326664468871,49.609375
2140,2011-10-16 22:04:09.078721762,-261.4123636513722,-298.42876597840956,25.390625,9,-21.17703086735284,33.48332614123043,25.390625
2141,2011-10-16 22:23:21.627983332,-146.28530248773757,28.377675190502263,36.328125,7,-18.23862377935314,34.6169482364278,36.328125
2142,2011-10-16 23:21:00.060682774,-143.11666777681182,21.5078701208855,24.609375,7,-18.300887408470953,34.64641879899701,24.609375
2143,2011-10-17 00:23:25.051080704,-126.21728265187467,36.22888098434999,48.828125,7,-18.168980682356914,34.80713109629109,48.828125
2144,2011-10-17 02:34:17.843660355,-88.19366612076597,63.70810126281706,0.390625,9,-17.92262717182611,35.16762396663838,0.390625
2145,2011-10-17 05:10:05.000658512,-80.80018512860595,136.3317548559086,50.390625,8,-17.266787972560074,35.24014702662583,50.390625
2146,2011-10-17 13:54:07.233885288,-396.6074446508697,-134.5348450318382,55.859375,11,-19.675549809462616,32.21987321105647,55.859375
2147,2011-10-17 14:22:25.481802225,-142.06045620650326,-2.0457472606576963,0.390625,12,-18.513697512433733,34.65475473534692,0.390625
2148,2011-10-17 15:13:24.918801546,-134.66697521434324,-4.9899494333505965,0.390625,7,-18.540775358865197,34.72455714834225,0.390625
2149,2011-10-17 16:34:49.083553791,-163.18468761267474,-20.692361021046064,38.671875,7,-18.680569591655143,34.453248402910404,38.671875
2150,2011-10-17 17:43:23.032876492,-160.016052901749,-80.55780519913503,23.828125,6,-19.22145504491556,34.478380647539666,23.828125
2151,2011-10-17 18:09:28.992255211,-261.4123636513722,-309.2241739449502,99.609375,8,-21.27443818592365,33.48167244345617,99.609375
2152,2011-10-17 23:19:05.196680069,-202.264515714092,-79.57640447490405,22.265625,10,-19.208817790340703,34.07688653385224,22.265625
2153,2011-10-18 00:10:09.767911911,-155.79120662051469,-78.5950037506731,0.390625,8,-19.20405858500532,34.51870410283133,0.390625
2154,2011-10-18 00:51:40.498629570,-76.57533884737164,121.61074399244409,49.609375,9,-17.39993742130128,35.279356786564975,49.609375
2155,2011-10-18 02:39:32.388210773,-80.80018512860595,73.52210850512672,0.390625,7,-17.834250283840237,35.23777754495242,0.390625
2156,2011-10-18 03:30:59.610402822,-309.99809588556656,-185.5676826918484,0.390625,9,-20.151400202815893,33.0358510003128,0.390625
2157,2011-10-18 08:18:18.415838718,-105.09305124570317,100.01992805936281,12.890625,7,-17.593842182342843,35.009949003083435,12.890625
2158,2011-10-18 13:18:58.872132301,-401.88850250241256,-131.5906428591453,23.046875,9,-19.64794735801559,32.1702529526527,23.046875
2159,2011-10-18 13:43:26.273041487,-393.43880993994395,-134.5348450318382,0.390625,10,-19.676182666343067,32.2500255205599,0.390625
2160,2011-10-18 13:48:36.855402708,-233.95086282334927,287.4674663874774,0.390625,8,-15.891480712981098,33.81587378015878,0.390625
2161,2011-10-18 18:43:43.139206648,-137.83560992526895,25.433473017809362,53.515625,6,-18.26577715316824,34.696621709657876,53.515625
2162,2011-10-18 21:21:08.696662188,-138.89182149557752,27.396274466271297,54.296875,11,-18.24798005816051,34.68676932780769,54.296875
2163,2011-10-18 21:41:17.533071280,-172.6905917454519,-82.52060664759696,0.390625,6,-19.238138795704128,34.35771555805345,0.390625
2164,2011-10-18 22:05:26.858591080,-143.11666777681182,21.5078701208855,43.359375,11,-18.300887408470953,34.64641879899701,43.359375
2165,2011-10-18 22:40:26.943018675,-176.91543802668622,-114.90683054721885,26.171875,11,-19.53021415583614,34.31454312779648,26.171875
2166,2011-10-18 22:53:44.308476210,-240.2881322452007,-320.0195819114908,74.609375,6,-21.374778031191113,33.68351312844798,74.609375
2167,2011-10-18 23:51:37.838704586,-269.8620562138408,-296.4659645299476,75.390625,8,-21.158091355101444,33.40235074191001,75.390625
2168,2011-10-19 00:20:37.427918434,-155.79120662051469,-73.68800012951826,0.390625,8,-19.159744130693568,34.51910032114232,0.390625
2169,2011-10-19 00:23:23.690465689,-79.74397355829736,110.81533602590345,24.609375,8,-17.4973613370494,35.24913968157611,24.609375
2170,2011-10-19 00:50:59.362856150,-265.63720993260654,-165.9396682072291,0.390625,9,-19.98090485197774,33.462536218514266,0.390625
2171,2011-10-19 02:39:27.115716934,-199.0958810031663,18.563667948192595,0.390625,10,-18.322988806733875,34.11686711838589,0.390625
2172,2011-10-19 03:01:59.186590195,-277.2555372060007,-163.9768667587672,0.390625,6,-19.961571378056185,33.35193646084526,0.390625
2173,2011-10-19 03:04:51.952432632,-15.315067769474332,51.93129257204546,31.640625,6,-18.030758389686333,35.85536362892002,31.640625
2174,2011-10-19 04:48:16.648917437,-101.92441653477745,91.18732154128413,45.703125,6,-17.67378398351185,35.03937405418105,45.703125
2175,2011-10-19 05:47:22.448707104,-137.83560992526895,27.396274466271297,50.390625,7,-18.248048279795526,34.69675396496415,50.390625
2176,2011-10-19 08:36:38.049751282,-468.42983143185285,-48.17158129951312,12.890625,8,-18.88203317221074,31.557804863368325,12.890625
2177,2011-10-19 09:22:51.019822121,-392.38259836963545,-138.46044792876205,0.390625,9,-19.711778038715725,32.2592534373819,0.390625
2178,2011-10-19 12:30:45.674872160,-269.8620562138408,-297.4473652541786,99.609375,8,-21.16694607535108,33.40219612470532,99.609375
2179,2011-10-19 13:19:43.839901447,-158.95984133144043,-80.55780519913503,0.390625,10,-19.221538184836973,34.488421735771595,0.390625
2180,2011-10-19 13:53:20.135247231,-124.10485951125752,-172.8094732768459,52.734375,13,-20.057144079648445,34.81369949482705,52.734375
2181,2011-10-19 22:28:10.562590599,-161.0722644720576,-81.53920592336598,12.890625,8,-19.230233996556347,34.46825745860325,12.890625
2182,2011-10-20 03:33:45.124680281,156.8474181908233,-390.6804340561204,71.484375,10,-22.021889093392364,37.519029030276585,71.484375
2183,2011-10-20 03:33:55.259536266,-267.74963307322366,-94.29741533836855,76.953125,7,-19.334086008645826,33.452607091410606,76.953125
2184,2011-10-20 03:59:28.100127697,-281.4803834872351,-276.83795004532834,24.609375,8,-20.979257384548962,33.293814732113255,24.609375
2185,2011-10-20 08:36:23.258883715,-135.72318678465183,74.50350922935768,28.515625,12,-17.822676801197,34.71980448873353,28.515625
2186,2011-10-20 15:17:36.480318308,-40.664145456880114,136.3317548559086,19.921875,7,-17.26786101039663,35.6175811784271,19.921875
2187,2011-10-20 15:21:32.476082325,-236.0632859639664,-132.57204358337628,5.859375,11,-19.68353835889334,33.74911194760988,5.859375
2188,2011-10-20 15:59:41.512280702,-389.2139636587097,-152.2000580679956,0.390625,7,-19.836257682729112,32.286542161020165,0.390625
2189,2011-10-20 23:10:46.991402626,-185.36513058915483,-136.49764648030015,0.390625,9,-19.72439205364629,34.23193957235942,0.390625
2190,2011-10-20 23:31:10.702488184,-264.5809983622979,-285.67055656340705,97.265625,7,-21.061457527839277,33.45480941108465,97.265625
2191,2011-10-20 23:51:28.737572193,-141.0042446361947,-109.99982692606403,0.390625,12,-19.488765072988517,34.6569527654104,0.390625
2192,2011-10-21 00:10:13.343531132,-155.79120662051469,-45.227379126820225,5.078125,9,-18.90271594313658,34.521376891875946,5.078125
2193,2011-10-21 00:14:35.167032957,-150.51014876897187,-42.28317695412733,0.390625,9,-18.876517886348058,34.57171349160205,0.390625
2194,2011-10-21 03:08:08.345928192,-160.016052901749,-34.431971160279595,0.390625,12,-18.804898964121687,34.48216602849642,0.390625
2195,2011-10-21 05:02:09.145988226,-266.69342150291504,-291.5589609087928,90.234375,6,-21.114281959469984,33.43359105690184,90.234375
2196,2011-10-21 05:57:20.819167614,-153.67878347989756,-58.96698926605376,35.546875,13,-19.026959011256462,34.54034153695236,35.546875
2197,2011-10-21 14:15:43.242940903,-270.91826778414935,282.5604627663226,0.390625,6,-15.932020375593632,33.47042362012738,0.390625
2198,2011-10-21 15:17:05.886526346,-402.9447140727212,-137.47904720453113,0.390625,9,-19.700805050212438,32.15893846559955,0.390625
2199,2011-10-21 20:14:57.875389099,-161.0722644720576,-43.26457767835829,20.703125,14,-18.88458441199048,34.471427992360994,20.703125
2200,2011-10-21 21:05:16.174686193,-92.41851240200027,229.56482365785038,53.515625,9,-16.42398168986461,35.134732627040044,53.515625
2201,2011-10-21 22:45:37.801865578,-169.52195703452622,-77.61360302644212,0.390625,9,-19.19409508640619,34.38827232196772,0.390625
2202,2011-10-22 01:42:21.042697191,-161.0722644720576,-109.01842620183305,0.390625,6,-19.47838433073608,34.46593876702803,0.390625
2203,2011-10-22 08:25:45.150393963,-148.39772562835475,-49.15298202374409,0.390625,7,-18.93871477454868,34.591235698635174,0.390625
2204,2011-10-22 08:35:58.774031162,-51.226261159965865,62.726700538586094,13.671875,6,-17.932674189124786,35.51648763954977,13.671875
2205,2011-10-22 09:02:22.306521654,-158.95984133144043,-37.3761733329725,20.703125,8,-18.831569558828615,34.49194505846456,20.703125
2206,2011-10-22 13:03:47.890653372,-170.5781686048348,-25.599364642200893,0.390625,12,-18.724292927220482,34.382768266702946,0.390625
2207,2011-10-22 14:47:32.483341932,-152.622571909589,-34.431971160279595,16.796875,8,-18.805456119644656,34.55228001342924,16.796875
2208,2011-10-22 18:23:39.887015343,-162.12847604236617,11.693862878575834,35.546875,8,-18.38816346207469,34.465869757064176,35.546875
2209,2011-10-22 19:18:20.209420204,-158.95984133144043,-34.431971160279595,16.796875,11,-18.804980169397687,34.49218216036846,16.796875
2210,2011-10-22 19:54:28.396805763,-169.52195703452622,-38.357574057203465,51.171875,6,-18.839594755032454,34.39168598993788,51.171875
2211,2011-10-22 21:35:00.294160366,-260.35615208106356,-301.3729681511025,99.609375,10,-21.20374784809389,33.49303887602015,99.609375
2212,2011-10-22 21:53:36.736231565,-156.8474181908233,-66.8181950599015,10.546875,6,-19.097622598637265,34.50961945231302,10.546875
2213,2011-10-22 22:07:28.739361763,-242.40055538581788,-156.12566096491946,0.390625,8,-19.89536326339834,33.68565053158408,0.390625
2214,2011-10-22 22:15:57.999282360,-276.1993256356922,-266.0425420787877,99.609375,9,-20.88265604835696,33.3462630617713,99.609375
2215,2011-10-22 22:33:09.606526852,-129.38591736280037,36.22888098434999,40.234375,8,-18.168792511861927,34.777189549036656,40.234375
2216,2011-10-22 22:59:32.158769131,-290.9862876200123,-280.76355294225215,50.390625,9,-21.013195324824785,33.20184450770117,50.390625
2217,2011-10-22 23:30:44.443772793,-71.29428099582877,67.63370415974093,24.609375,9,-17.88777857725655,35.32724589810711,24.609375
2218,2011-10-23 01:57:55.096483707,-222.3325355499549,-130.60924213491433,0.390625,8,-19.66741303131851,33.88020031510714,0.390625
2219,2011-10-23 02:36:42.683202267,-182.19649587822914,-88.40901099298276,0.390625,8,-19.290475857758004,34.266785626639205,0.390625
2220,2011-10-23 08:10:35.346405268,-276.1993256356922,-292.5403616330238,99.609375,9,-21.121726816795945,33.34203045282814,99.609375
2221,2011-10-23 09:15:47.065620184,-228.6698049718064,-82.52060664759696,2.734375,13,-19.23259069781026,33.825604095831395,2.734375
2222,2011-10-23 09:23:20.460429192,-394.49502151025257,-142.3860508256859,0.390625,8,-19.746741549168014,32.23831780690392,0.390625
2223,2011-10-23 11:33:09.837412119,-141.0042446361947,22.489270845116465,42.578125,7,-18.29216363875148,34.66646166415037,42.578125
2224,2011-10-23 12:24:22.170405865,-115.6551669487889,89.22452009282217,54.296875,7,-17.690841317656712,34.90987252331804,54.296875
2225,2011-10-23 15:32:49.210159063,-395.5512330805611,-162.01406531030523,0.390625,10,-19.92344787527997,32.22407807718831,0.390625
2226,2011-10-23 17:20:02.597953796,-134.66697521434324,-72.7065994052873,0.390625,7,-19.1523894817904,34.719928564769155,0.390625
2227,2011-10-23 18:27:03.877866268,-284.64901819816083,-277.8193507695593,49.609375,8,-20.987624785644243,33.26321584491051,49.609375
2228,2011-10-23 22:19:48.239291430,-172.6905917454519,-50.13438274797505,0.390625,14,-18.94568288382564,34.36059793605256,0.390625
2229,2011-10-24 00:03:27.869297504,-304.7170380340237,-307.26137249648826,99.609375,10,-21.249983929046913,33.06523141122523,99.609375
2230,2011-10-24 00:33:25.393172503,-142.06045620650326,29.35907591473323,26.171875,7,-18.230043650673345,34.65695183167912,26.171875
2231,2011-10-24 00:35:42.812948942,-153.67878347989756,-43.26457767835829,25.390625,13,-18.885147881991887,34.54157472566331,25.390625
2232,2011-10-24 01:17:28.599312067,-365.9773091119211,-198.32589210685103,0.390625,11,-20.256610036213665,32.4987047570855,0.390625
2233,2011-10-24 02:05:00.942737341,-109.31789752693747,157.92257078898982,43.359375,10,-17.070536356962684,34.97306516037449,43.359375
2234,2011-10-24 02:58:20.996495485,-156.8474181908233,-33.45057043604863,5.859375,14,-18.796277739786856,34.51229247492922,5.859375
2235,2011-10-24 05:06:29.959285259,-107.20547438632032,101.98272950782474,20.703125,7,-17.576009555280578,34.990149180752155,20.703125
2236,2011-10-24 08:57:02.373638153,-294.15492233093795,-266.0425420787877,99.609375,8,-20.879892790985313,33.173898367226776,99.609375
2237,2011-10-24 10:08:10.587407112,-286.76144133877796,-278.8007514937903,50.390625,8,-20.996151026738488,33.242760811821825,50.390625
2238,2011-10-24 10:40:46.962446928,-279.36796034661796,-297.4473652541786,32.421875,7,-21.165516272016518,33.310763361777816,32.421875
2239,2011-10-24 15:38:24.573854208,-168.4657454642176,9.7310614301139,48.046875,6,-18.405396803592645,34.40575744138967,48.046875
2240,2011-10-24 21:02:00.181195736,-104.0368396753946,185.4017910674569,49.609375,6,-16.822515939500317,35.023951933908634,49.609375
2241,2011-10-24 23:04:02.186848640,-276.1993256356922,-268.00534352724964,25.390625,8,-20.90036525182514,33.345951573012805,25.390625
2242,2011-10-24 23:24:27.451151371,-137.83560992526895,30.340476638964194,50.390625,9,-18.221454906538586,34.6969520650921,50.390625
2243,2011-10-24 23:26:41.174585104,-279.36796034661796,-284.68915583917607,25.390625,6,-21.0504126021197,33.31283746516578,25.390625
2244,2011-10-24 23:40:33.282241106,-223.38874712026347,-115.88823127144983,16.015625,12,-19.534404341447864,33.871883937350695,16.015625
2245,2011-10-24 23:50:06.498172283,-276.1993256356922,-268.9867442514806,79.296875,10,-20.909219838145297,33.34579570662423,79.296875
2246,2011-10-25 00:27:26.728409052,-284.64901819816083,-278.8007514937903,12.890625,9,-20.996478676522106,33.263054388993524,12.890625
2247,2011-10-25 01:04:00.245753288,-389.2139636587097,-262.11693918186387,0.390625,8,-20.826998689222336,32.262778986678285,0.390625
2248,2011-10-25 02:01:46.040211201,-278.31174877630934,-168.88387037992203,0.390625,7,-20.005698058009383,33.34111348532906,0.390625
2249,2011-10-25 02:25:29.120713949,-203.32072728440062,-43.26457767835829,47.265625,6,-18.880857481364984,34.07064183506685,47.265625
2250,2011-10-25 13:16:00.429026842,-169.52195703452622,-74.66940085374924,0.390625,13,-19.167508054198855,34.38853097838533,0.390625
2251,2011-10-25 16:03:29.395430803,-271.97447935445797,-170.84667182838393,12.109375,11,-20.024308035014933,33.401319176500415,12.109375
2252,2011-10-25 16:57:56.002425194,-133.61076364403468,-25.599364642200893,0.390625,8,-18.726991140841836,34.73317985891913,0.390625
2253,2011-10-25 17:39:10.349931955,-255.07509422952074,-150.23725661953364,0.390625,9,-19.840605969294497,33.565530186985136,0.390625
2254,2011-10-25 20:51:23.162884474,-96.64335868323455,89.22452009282217,49.609375,8,-17.691752844754095,35.089053352655306,49.609375
2255,2011-10-25 21:27:26.971245050,-134.66697521434324,-27.562166090662824,0.390625,6,-18.744651304810716,34.723034077355315,0.390625
2256,2011-10-25 22:21:22.929469824,-160.016052901749,-36.39477260874153,12.890625,11,-18.822625150339285,34.48200695597961,12.890625
2257,2011-10-25 22:40:18.972068787,-225.50117026088066,-88.40901099298276,0.390625,10,-19.28610328317059,33.855027123926426,0.390625
2258,2011-10-26 00:24:30.627917528,-249.79403637797793,-328.8521884295695,25.390625,7,-21.453189984063822,33.590624959575,25.390625
2259,2011-10-26 01:03:58.909795046,-355.41519340883536,-304.3171703237953,0.390625,7,-21.214239804593667,32.5781769382486,0.390625
2260,2011-10-26 02:28:38.019634247,-83.96881983953166,82.3547150232054,0.390625,8,-17.754334522778162,35.20824038898325,0.390625
2261,2011-10-26 07:04:10.806190014,-281.4803834872351,-281.7449536664831,41.015625,9,-21.023527908396858,33.29301598864602,41.015625
2262,2011-10-26 16:21:43.657038689,-226.55738183118922,-84.4834080960589,4.296875,11,-19.25054712345222,33.84544901527877,4.296875
2263,2011-10-26 16:37:21.480157614,-93.47472397230884,54.875494744738354,6.640625,9,-18.002201086660367,35.11738928403078,6.640625
2264,2011-10-26 20:54:43.391453028,-148.39772562835475,-33.45057043604863,0.390625,8,-18.796899131810257,34.59241994088167,0.390625
2265,2011-10-26 21:47:49.871112585,-222.3325355499549,-111.96262837452596,0.390625,10,-19.499084712401324,33.88240255875363,0.390625
2266,2011-10-26 21:57:14.850827217,-134.66697521434324,-146.31165372260978,0.390625,10,-19.81714001563875,34.714693474376034,0.390625
2267,2011-10-26 22:05:22.803035498,-150.51014876897187,-33.45057043604863,0.390625,9,-18.796747005779885,34.572387781262954,0.390625
2268,2011-10-26 22:53:14.155876875,-171.63438017514335,23.47067156934743,80.078125,6,-18.281059797372976,34.37693958702182,80.078125
2269,2011-10-26 22:54:45.209911346,-180.08407273761196,-42.28317695412733,12.109375,8,-18.874151891785132,34.291152512809866,12.109375
2270,2011-10-26 22:57:14.965184689,-152.622571909589,-25.599364642200893,0.390625,14,-18.725685315296374,34.5529607052332,0.390625
2271,2011-10-26 23:16:39.596984863,-175.85922645637766,-66.8181950599015,44.921875,6,-19.096072577309478,34.329021161435065,44.921875
2272,2011-10-27 00:03:26.883244753,-470.54225457247,130.44335051052278,0.390625,8,-17.272650355351377,31.578369577234234,0.390625
2273,2011-10-27 01:50:57.504236937,-168.4657454642176,-41.30177622989636,19.140625,7,-18.8662691143975,34.40145192027215,19.140625
2274,2011-10-27 04:39:50.191881418,-111.4303206675546,23.47067156934743,12.890625,6,-18.285045586990613,34.94616922852016,12.890625
2275,2011-10-27 07:00:43.667698383,-134.66697521434324,26.414873742040328,24.609375,10,-18.25711436809593,34.72664354685091,24.609375
2276,2011-10-27 09:42:29.708437920,-390.2701752290183,-131.5906428591453,0.390625,10,-19.650270603928107,32.28079186540289,0.390625
2277,2011-10-27 15:00:04.537956715,-113.54274380817175,62.726700538586094,50.390625,6,-17.930321697368438,34.92835210622937,50.390625
2278,2011-10-27 15:33:46.886441231,-252.96267108890362,288.44886711170835,42.578125,8,-15.880753924107228,33.63859060157309,42.578125
2279,2011-10-27 18:35:11.363843203,-113.54274380817175,60.76389909012416,50.390625,7,-17.94805264783234,34.92824537322868,50.390625
2280,2011-10-27 22:16:52.463459730,-89.24987769107456,50.94989184781449,37.109375,9,-18.037842687508814,35.15710936508511,37.109375
2281,2011-10-28 01:20:20.087564230,-136.7793983549604,22.489270845116465,50.390625,8,-18.292438276980622,34.70641025811756,50.390625
2282,2011-10-28 01:42:24.228475094,-228.6698049718064,-94.29741533836855,2.734375,6,-19.338902854710714,33.824199617589564,2.734375
2283,2011-10-28 06:19:12.610351324,-56.507319011508734,73.52210850512672,0.390625,6,-17.835010130907303,35.46693363463828,0.390625
2284,2011-10-28 06:22:59.284300089,-56.507319011508734,72.54070778089574,0.390625,6,-17.843876870570114,35.466907245759714,0.390625
2285,2011-10-28 11:44:17.466911316,-91.36230083169171,70.57790633243381,0.390625,7,-17.860434405282653,35.13802034910418,0.390625
2286,2011-10-28 18:05:35.017831564,-110.37410909724603,79.41051285051252,12.109375,12,-17.77976837849579,34.95913197587039,12.109375
2287,2011-10-28 20:46:01.552281618,-129.38591736280037,34.26607953588806,37.109375,7,-18.18652208336527,34.77706603159321,37.109375
2288,2011-10-28 22:10:44.536462307,-326.8974810105038,78.42911212628154,0.390625,10,-17.767148741197392,32.91853287280604,0.390625
2289,2011-10-28 22:48:45.827848673,-240.2881322452007,-140.423249377224,0.390625,11,-19.75389471014195,33.70784099647472,0.390625
2290,2011-10-29 00:09:56.007879257,-203.32072728440062,-45.227379126820225,45.703125,6,-18.89857967137307,34.070438770242845,45.703125
2291,2011-10-29 00:17:23.833796024,-141.0042446361947,2.8612563604971357,0.390625,10,-18.46944785977055,34.66509790955788,0.390625
2292,2011-10-29 00:21:35.912267685,-274.0869024950751,-282.7263543907141,99.609375,9,-21.033499125538263,33.3639053016342,99.609375
2293,2011-10-29 00:30:45.022346973,-325.84126944019516,80.39191357474347,0.390625,11,-17.74959624968426,32.92878112348633,0.390625
2294,2011-10-29 00:52:11.922550917,-251.90645951859506,-148.27445517107174,0.390625,10,-19.823301291646363,33.596018682025864,0.390625
2295,2011-10-29 00:57:11.367634058,-151.56636033928044,-28.543566814893797,30.078125,8,-18.752352871375578,34.5627475319162,30.078125
2296,2011-10-29 02:00:49.033205509,-226.55738183118922,-86.44620954452083,3.515625,8,-19.26826610739438,33.845217475070115,3.515625
2297,2011-10-29 02:20:44.307981968,-175.85922645637766,-77.61360302644212,0.390625,10,-19.193555808322415,34.328039519678114,0.390625
2298,2011-10-29 08:24:47.432201385,-244.512978526435,-146.31165372260978,0.390625,7,-19.80652168317953,33.66678998682877,0.390625
2299,2011-10-29 09:16:11.365624666,-398.71986779148693,-145.33025299837885,0.390625,9,-19.77242815019258,32.197468118551285,0.390625
2300,2011-10-29 10:02:48.373736382,-146.28530248773757,18.563667948192595,37.109375,8,-18.32726498358336,34.616245259126394,37.109375
2301,2011-10-29 10:49:30.017449617,-129.38591736280037,37.21028170858096,44.921875,8,-18.159927713555174,34.77725125475984,44.921875
2302,2011-10-29 11:28:02.940917492,-152.622571909589,-32.46916971181766,6.640625,9,-18.787729335066377,34.55243157470704,6.640625
2303,2011-10-29 13:23:42.241925001,-237.119497534275,279.61626059362965,16.015625,8,-15.962076834657294,33.78553039277449,16.015625
2304,2011-10-29 17:46:15.640540123,-157.90362976113187,-4.008548709119629,25.390625,9,-18.53029796881433,34.50460907902423,25.390625
2305,2011-10-29 18:50:47.067842722,-138.89182149557752,25.433473017809362,50.390625,9,-18.265708860710046,34.68663605995309,50.390625
2306,2011-10-29 19:53:32.518945216,-266.69342150291504,-292.5403616330238,0.390625,7,-21.123136944295386,33.43343864452946,0.390625
2307,2011-10-29 20:21:55.615915060,-265.63720993260654,-298.42876597840956,87.890625,10,-21.176420701906906,33.442683053192944,87.890625
2308,2011-10-29 21:26:02.558434725,-148.39772562835475,-27.562166090662824,12.109375,7,-18.74371769185221,34.5928613101217,12.109375
2309,2011-10-29 22:50:47.378689289,-274.0869024950751,-241.50752397301352,0.390625,9,-20.66159761623726,33.37037984707721,0.390625
2310,2011-10-29 23:31:36.783523798,-153.67878347989756,-40.320375505665396,12.890625,12,-18.858558045749167,34.54180472829806,12.890625
2311,2011-10-29 23:45:20.164541721,2.640528925771436,183.43898961899495,57.421875,6,-16.84256801334434,36.02477640430661,57.421875
2312,2011-10-29 23:55:07.610534668,-153.67878347989756,-26.58076536643186,17.578125,7,-18.734471106124627,34.54287299239852,17.578125
2313,2011-10-30 00:34:54.758104086,-154.73499505020612,-35.41337188451056,24.609375,9,-18.8141629185714,34.53217030295816,24.609375
2314,2011-10-30 01:12:33.397801638,-269.8620562138408,-296.4659645299476,99.609375,12,-21.158091355101444,33.40235074191001,99.609375
2315,2011-10-30 01:21:38.489465237,-172.6905917454519,-90.37181244144469,0.390625,13,-19.309035734167633,34.357008857874334,0.390625
2316,2011-10-30 01:58:04.967524052,-135.72318678465183,15.619465775499698,25.390625,10,-18.354556736170903,34.71593975847259,25.390625
2317,2011-10-30 11:46:43.570305109,-110.37410909724603,34.26607953588806,39.453125,6,-18.187582272499004,34.9567386624483,39.453125
2318,2011-10-30 12:21:41.784101725,-250.8502479482865,-162.9954660345362,0.390625,7,-19.956297586456124,33.60409319129856,0.390625
2319,2011-10-30 14:05:15.040886164,-97.69957025354314,23.47067156934743,51.953125,6,-18.285717336818156,35.07601185281173,51.953125
2320,2011-10-30 21:43:09.161398888,-143.11666777681182,-28.543566814893797,6.640625,6,-18.75295126567153,34.642855999623116,6.640625
2321,2011-10-30 21:44:58.159326792,-147.34151405804613,-27.562166090662824,0.390625,11,-18.743792720958666,34.60287432346227,0.390625
2322,2011-10-30 22:13:53.177862644,-220.2201124093378,-158.08846241338136,50.390625,11,-19.915709289812757,33.89707492297364,50.390625
2323,2011-10-31 00:37:05.430587292,-269.8620562138408,-295.4845638057166,99.609375,11,-21.149236624514543,33.40250527900745,99.609375
2324,2011-10-31 02:12:24.890876293,-135.72318678465183,-110.98122765029498,78.515625,12,-19.497994438845563,34.70717405876156,78.515625
2325,2011-10-31 04:25:48.326208115,-224.4449586905721,-168.88387037992203,0.390625,10,-20.012675185199964,33.855434600967925,0.390625
2326,2011-10-31 04:51:10.035740137,-145.229090917429,29.35907591473323,44.921875,6,-18.229831401567964,34.62700162469732,44.921875
2327,2011-10-31 04:52:47.479910374,-145.229090917429,30.340476638964194,50.390625,6,-18.220967188859447,34.62707115700266,50.390625
2328,2011-10-31 05:03:12.610228300,-83.96881983953166,-4.9899494333505965,0.390625,10,-18.543407334606268,35.2046794414353,0.390625
2329,2011-10-31 08:51:32.625162601,-121.99243637064036,27.396274466271297,36.328125,6,-18.24900915740104,34.8465285769671,36.328125
2330,2011-10-31 13:11:18.669879436,-156.8474181908233,-30.50636826335573,32.421875,7,-18.769688001766127,34.512525907004346,32.421875
2331,2011-10-31 17:26:17.782873392,-156.8474181908233,18.563667948192595,58.203125,6,-18.32651424104761,34.51635900028319,58.203125
2332,2011-10-31 18:24:19.051183462,-146.28530248773757,21.5078701208855,44.140625,13,-18.300672711277837,34.616456573019754,44.140625
2333,2011-10-31 18:36:42.301131725,80.80018512860595,472.9522032671301,27.734375,12,-14.225017416758973,36.74862979279076,27.734375
2334,2011-10-31 21:51:57.338671207,-224.4449586905721,-87.42761026875178,0.390625,9,-19.27736137520066,33.86518349215444,0.390625
2335,2011-10-31 23:38:01.008780956,-91.36230083169171,100.01992805936281,25.390625,9,-17.594447828889034,35.13929092421688,25.390625
2336,2011-11-01 02:36:10.843351841,-226.55738183118922,-86.44620954452083,0.390625,7,-19.26826610739438,33.845217475070115,0.390625
2337,2011-11-01 02:56:23.352401257,-78.6877619879888,213.86241207015493,83.203125,8,-16.566353189394665,35.26274114008844,83.203125
2338,2011-11-01 02:57:01.194932461,-243.45676695612644,-28.543566814893797,0.390625,7,-18.743633205337105,33.69180597555807,0.390625
2339,2011-11-01 05:23:01.956028223,-131.49834050341755,32.30327808742613,49.609375,7,-18.20412331750775,34.756977512984875,49.609375
2340,2011-11-01 06:41:08.109034777,-169.52195703452622,-48.17158129951312,12.109375,7,-18.928221164533827,34.39083966902944,12.109375
2341,2011-11-01 08:35:32.426129103,-88.19366612076597,79.41051285051252,0.390625,7,-17.780768383292934,35.16828345326007,0.390625
2342,2011-11-01 11:19:25.485818148,-160.016052901749,-31.487768987586694,24.609375,6,-18.77830961931539,34.482404304034134,24.609375
2343,2011-11-01 22:44:54.203666210,-160.016052901749,-30.50636826335573,12.109375,9,-18.769446486932907,34.48248364039286,12.109375
2344,2011-11-02 02:18:40.024553537,-83.96881983953166,89.22452009282217,0.390625,10,-17.692269865788802,35.20851279241497,0.390625
2345,2011-11-02 04:09:55.848254919,-133.61076364403468,22.489270845116465,24.609375,6,-18.29263877776953,34.73637216045641,24.609375
2346,2011-11-02 07:04:24.098662853,-248.7378248076693,-145.33025299837885,0.390625,9,-19.797133064067832,33.626632358133726,0.390625
2347,2011-11-02 08:14:40.140001774,-87.1374545504574,57.81969691743125,0.390625,9,-17.975866219979828,35.177345877944354,0.390625
2348,2011-11-02 09:51:17.083934784,-67.06943471459448,99.03852733513186,55.078125,7,-17.604178825641696,35.3681071329938,55.078125
2349,2011-11-02 09:51:25.972604513,-268.80584464353217,-264.0797406303257,87.109375,10,-20.86603321263323,33.417547633713085,87.109375
2350,2011-11-02 12:24:16.514503717,-87.1374545504574,133.38755268321566,0.390625,6,-17.293153878460842,35.18043735801077,0.390625
2351,2011-11-02 17:34:58.086181641,-128.3297057924918,163.81097513437564,56.640625,11,-17.016358852681215,34.79483544166247,56.640625
2352,2011-11-02 20:30:11.503123045,-70.23806942552021,36.22888098434999,24.609375,7,-18.171536086500737,35.33614941502169,24.609375
2353,2011-11-02 21:22:05.598443270,-169.52195703452622,-60.92979071451569,26.953125,8,-19.043434177674843,34.389732389178675,26.953125
2354,2011-11-02 23:21:58.961211920,-145.229090917429,26.414873742040328,48.828125,8,-18.256423989007864,34.62679278944913,48.828125
2355,2011-11-03 00:22:52.119848967,-260.35615208106356,-219.9167080399323,51.171875,6,-20.468722414138544,33.50518580314358,51.171875
2356,2011-11-03 01:18:49.852126598,-156.8474181908233,-86.44620954452083,0.390625,10,-19.274879517584747,34.508023403026414,0.390625
2357,2011-11-03 01:33:01.285451651,-152.622571909589,-27.562166090662824,0.390625,6,-18.743412221498136,34.55280973670148,0.390625
2358,2011-11-03 04:51:22.259972811,-67.06943471459448,88.2431193685912,25.390625,9,-17.701713090849637,35.36776679321417,25.390625
2359,2011-11-03 10:51:34.938761711,-266.69342150291504,-289.59615946033085,99.609375,9,-21.096571958940707,33.4338956444742,99.609375
2360,2011-11-03 14:26:37.626167774,-67.06943471459448,88.2431193685912,22.265625,10,-17.701713090849637,35.36776679321417,22.265625
2361,2011-11-03 14:28:25.876365900,-238.17570910458358,292.3744700086323,16.015625,8,-15.84676814951486,33.77693853333495,16.015625
2362,2011-11-03 16:05:11.568944216,-67.06943471459448,86.28031792012926,25.390625,7,-17.719446489231615,35.367704678150105,25.390625
2363,2011-11-03 18:18:20.212741375,-67.06943471459448,86.28031792012926,25.390625,8,-17.719446489231615,35.367704678150105,25.390625
2364,2011-11-03 20:45:33.336668730,-163.18468761267474,-50.13438274797505,10.546875,12,-18.94645863587847,34.45081511181359,10.546875
2365,2011-11-03 20:49:43.375699997,-67.06943471459448,90.20592081705315,25.390625,10,-17.68397966030774,35.36782883588909,25.390625
2366,2011-11-03 21:01:49.605140924,-152.622571909589,-50.13438274797505,9.765625,8,-18.947269140606473,34.55106141289235,9.765625
2367,2011-11-03 21:18:05.136513710,-248.7378248076693,-322.9637840841837,74.609375,6,-21.400201597621447,33.60167423480962,74.609375
2368,2011-11-03 21:30:04.297210217,-225.50117026088066,-115.88823127144983,21.484375,13,-19.534166280324595,33.851770393696256,21.484375
2369,2011-11-03 21:40:35.094564676,-275.1431140653836,-94.29741533836855,53.515625,7,-19.333089656944214,33.38231871794918,53.515625
2370,2011-11-03 22:15:17.051067352,-77.6315504176802,86.28031792012926,16.796875,8,-17.71910073027636,35.26813615439335,16.796875
2371,2011-11-03 22:22:09.737279177,-77.6315504176802,79.41051285051252,0.390625,10,-17.7811660815106,35.26788386350254,0.390625
2372,2011-11-03 22:26:04.124147654,-269.8620562138408,-302.3543688753335,81.640625,7,-21.21121952140906,33.4014218363184,81.640625
2373,2011-11-03 22:29:25.833560944,-98.7557818238517,85.29891719589831,76.171875,9,-17.727123887239138,35.06896095391075,76.171875
2374,2011-11-03 22:50:13.935348272,-67.06943471459448,85.29891719589831,25.390625,6,-17.728313176353875,35.36767359346183,25.390625
2375,2011-11-03 23:16:00.798352480,-89.24987769107456,57.81969691743125,6.640625,10,-17.975780626434265,35.157404311542834,6.640625
2376,2011-11-04 00:43:35.500198363,-67.06943471459448,85.29891719589831,25.390625,7,-17.728313176353875,35.36767359346183,25.390625
2377,2011-11-04 00:58:48.325803518,-105.09305124570317,70.57790633243381,37.890625,6,-17.859819008591717,35.00848756517812,37.890625
2378,2011-11-04 01:48:52.253592253,-161.0722644720576,-38.357574057203465,29.296875,7,-18.840269393769958,34.47182952662758,29.296875
2379,2011-11-04 02:27:43.277043104,-62.844588433360194,99.03852733513186,29.296875,11,-17.60430213962099,35.40790980144677,29.296875
2380,2011-11-04 05:32:11.771160364,-78.6877619879888,132.40615195898474,13.671875,8,-17.302329636434433,35.259869550200946,13.671875
2381,2011-11-04 06:11:05.330452681,-67.06943471459448,83.33611574743638,25.390625,6,-17.746046526443454,35.36761136975213,25.390625
2382,2011-11-04 09:03:33.558693886,-258.24372894044643,-293.5217623572548,99.609375,9,-21.133204594247438,33.51454893177802,99.609375
2383,2011-11-04 18:28:10.663200855,15.315067769474332,200.12280193092138,86.328125,6,-16.69176246876955,36.14358980749941,86.328125
2384,2011-11-04 22:11:41.088991165,-67.06943471459448,86.28031792012926,25.390625,8,-17.719446489231615,35.367704678150105,25.390625
2385,2011-11-04 23:21:14.494229794,-135.72318678465183,27.396274466271297,43.359375,9,-18.248183162017508,34.71672336999081,43.359375
2386,2011-11-05 00:27:48.959483862,-145.229090917429,18.563667948192595,43.359375,7,-18.327337183190203,34.62623414604373,43.359375
2387,2011-11-05 01:35:25.227262974,-134.66697521434324,32.30327808742613,50.390625,7,-18.20392696884019,34.727030536355734,50.390625
2388,2011-11-05 08:36:17.066555738,-152.622571909589,-88.40901099298276,0.390625,6,-19.29292895512693,34.54804535424017,0.390625
2389,2011-11-05 09:39:18.265281200,-74.46291570675452,89.22452009282217,25.390625,9,-17.692610025227353,35.29810988264121,25.390625
2390,2011-11-05 11:51:57.401779175,-175.85922645637766,-62.89259216297762,9.765625,9,-19.060623861940343,34.32937664462327,9.765625
2391,2011-11-05 12:51:07.814067841,-80.80018512860595,133.38755268321566,58.203125,7,-17.29338849756653,35.240037939988554,58.203125
2392,2011-11-05 16:56:50.878027916,-186.4213421594634,-78.5950037506731,11.328125,6,-19.201474685742916,34.22756122048982,11.328125
2393,2011-11-05 17:53:15.521979808,-106.14926281601176,84.31751647166733,30.859375,8,-17.735646876780763,34.99921579133274,30.859375
2394,2011-11-05 19:30:34.340673208,-257.1875173701379,-292.5403616330238,99.609375,8,-21.124497843597926,33.52485425602418,99.609375
2395,2011-11-05 19:35:23.319114923,-131.49834050341755,26.414873742040328,43.359375,6,-18.257311329685077,34.7565996217353,43.359375
2396,2011-11-05 20:16:13.200229645,-31.158241324102953,146.14576209821823,0.390625,8,-17.1793357031346,35.70711650146568,0.390625
2397,2011-11-05 21:42:59.461804152,-141.0042446361947,27.396274466271297,35.546875,7,-18.24784205389218,34.66680018588033,35.546875
2398,2011-11-06 00:11:12.882333279,-67.06943471459448,84.31751647166733,26.953125,6,-17.737179855425662,35.36764249066389,26.953125
2399,2011-11-06 03:28:28.603741169,-172.6905917454519,-50.13438274797505,5.859375,9,-18.94568288382564,34.36059793605256,5.859375
2400,2011-11-06 05:03:45.355150461,-92.41851240200027,100.01992805936281,37.890625,7,-17.594404245199055,35.12934136561767,37.890625
2401,2011-11-06 09:41:07.500483751,-156.8474181908233,-32.46916971181766,0.390625,8,-18.78741450249112,34.512370329153015,0.390625
2402,2011-11-06 10:12:00.705616474,-203.32072728440062,-45.227379126820225,44.921875,6,-18.89857967137307,34.070438770242845,44.921875
2403,2011-11-06 17:15:09.947954893,-91.36230083169171,57.81969691743125,6.640625,7,-17.97569298346313,35.13746285750204,6.640625
2404,2011-11-06 18:27:27.492395163,-48.057626449040136,65.670902711279,43.359375,6,-17.906145954576886,35.546462592158235,43.359375
2405,2011-11-06 21:55:15.255775213,-157.90362976113187,10.712462154344866,40.234375,6,-18.39734521562779,34.50576052864692,40.234375
2406,2011-11-06 22:14:24.632033587,-152.622571909589,-57.00418781759183,6.640625,6,-19.009311632951967,34.550524852422384,6.640625
2407,2011-11-06 23:50:33.001215219,-83.96881983953166,-226.78651310954905,91.796875,7,-20.546815808465247,35.19480315056196,91.796875
2408,2011-11-07 01:26:55.814398050,-57.56353058181731,119.64794254398213,86.328125,6,-17.418237550517492,35.458216038981156,86.328125
2409,2011-11-07 03:54:47.195709467,-114.59895537848034,37.21028170858096,52.734375,8,-18.160765516431436,34.91697443305664,52.734375
2410,2011-11-07 12:59:46.768677950,-67.06943471459448,101.00132878359379,62.890625,6,-17.586445218721405,35.36816877811669,62.890625
2411,2011-11-07 14:03:15.881238461,-281.4803834872351,284.52326421478455,0.390625,8,-15.91312274977982,33.37210860598997,0.390625
2412,2011-11-07 14:33:38.180566788,-242.40055538581788,-129.62784141068337,0.390625,10,-19.656196469008197,33.68910270210929,0.390625
2413,2011-11-07 16:38:53.096084595,-64.95701157397733,84.31751647166733,30.859375,6,-17.737243018578056,35.38755841590771,30.859375
2414,2011-11-07 17:02:39.603243828,-186.4213421594634,-79.57640447490405,1.953125,8,-19.210336266554002,34.22746626311099,1.953125
2415,2011-11-07 18:44:01.378824472,-270.91826778414935,-267.02394280301866,87.109375,7,-20.892290741610154,33.396811081223355,87.109375
2416,2011-11-07 19:35:17.151549101,-67.06943471459448,87.26171864436024,25.390625,8,-17.710579794062372,35.36773574473284,25.390625
2417,2011-11-07 19:36:01.614710331,-67.06943471459448,84.31751647166733,25.390625,8,-17.737179855425662,35.36764249066389,25.390625
2418,2011-11-08 01:11:42.645332813,-95.58714711292599,57.81969691743125,0.390625,10,-17.9755115494496,35.09758029713535,0.390625
2419,2011-11-08 01:59:18.588797092,-168.4657454642176,-28.543566814893797,24.609375,6,-18.75105324552791,34.40254011715878,24.609375
2420,2011-11-08 02:26:13.280141830,-166.35332232360048,15.619465775499698,60.546875,6,-18.35238380509424,34.426224937851345,60.546875
2421,2011-11-08 11:16:56.327529430,-169.52195703452622,-95.2788160625995,0.390625,8,-19.35361558898697,34.38671138020595,0.390625
2422,2011-11-08 20:44:52.074883461,-153.67878347989756,-33.45057043604863,8.984375,11,-18.79651478917983,34.542339905704026,8.984375
2423,2011-11-09 01:34:25.352731705,-248.7378248076693,-157.10706168915044,0.390625,8,-19.90342383658186,33.62505082849443,0.390625
2424,2011-11-09 02:22:59.658558846,-269.8620562138408,-294.50316308148575,99.609375,9,-21.14038188359413,33.40265973601915,99.609375
2425,2011-11-09 03:24:38.657569647,-285.70522976846934,-191.45608703723423,0.390625,6,-20.20828531271181,33.26700241489442,0.390625
2426,2011-11-09 08:58:39.897217989,-143.11666777681182,20.526469396654534,45.703125,7,-18.309751618877243,34.64634992452432,45.703125
2427,2011-11-09 13:40:00.652530670,-154.73499505020612,-31.487768987586694,24.609375,6,-18.778709665951776,34.53247761634629,24.609375
2428,2011-11-09 15:57:32.566210747,-94.5309355426174,-46.20877985105119,0.390625,11,-18.91529845413526,35.10268441562103,0.390625
2429,2011-11-09 18:38:27.617380857,-123.04864794094895,182.45758889476397,0.390625,8,-16.8481902908525,34.84545088829379,0.390625
2430,2011-11-09 19:06:05.518047333,-137.83560992526895,33.284678811657095,50.390625,7,-18.19486145752969,34.697149826034234,50.390625
2431,2011-11-09 19:21:38.037558556,-117.76759008940606,29.35907591473323,24.609375,6,-18.23151546437651,34.886582873679366,24.609375
2432,2011-11-10 00:28:14.385000229,-275.1431140653836,-268.9867442514806,95.703125,8,-20.90937720159749,33.35593745173429,95.703125
2433,2011-11-10 01:03:02.500120162,-166.35332232360048,-46.20877985105119,0.390625,10,-18.91075401763599,34.421075368685386,0.390625
2434,2011-11-10 02:16:46.882092237,-168.4657454642176,-87.42761026875178,0.390625,6,-19.282806341646985,34.39745141880426,0.390625
2435,2011-11-10 02:43:15.127202987,-297.3235570418638,-280.76355294225215,92.578125,7,-21.01218248322778,33.140961375519275,92.578125
2436,2011-11-10 02:48:57.723406315,-279.36796034661796,-271.93094642417344,99.609375,8,-20.935307180219677,33.31489760077198,99.609375
2437,2011-11-10 04:02:28.518135071,-165.29711075329192,-50.13438274797505,0.390625,11,-18.946290036652073,34.43076647297026,0.390625
2438,2011-11-10 05:32:54.806329966,-273.0306909247665,-167.90246965569105,0.390625,7,-19.99759216407999,33.39167322982986,0.390625
2439,2011-11-10 13:40:38.372053623,-249.79403637797793,141.23875847706339,1.171875,10,-17.210198192434422,33.652116250992236,1.171875
2440,2011-11-10 14:04:44.908165216,-30.102029753794376,412.1053583648101,0.390625,10,-14.775954381744928,35.72040253969982,0.390625
2441,2011-11-10 16:30:32.556264162,-147.34151405804613,-30.50636826335573,0.390625,9,-18.77038359413346,34.60265539191803,0.390625
2442,2011-11-11 01:41:14.017807245,-284.64901819816083,-329.83358915380046,75.390625,6,-21.456866599989937,33.25454230379516,75.390625
2443,2011-11-11 02:05:11.086010218,-81.85639669891451,105.9083324047486,0.390625,6,-17.54161817100732,35.22906349423182,0.390625
2444,2011-11-11 05:04:43.989461899,-100.86820496446886,57.81969691743125,21.484375,9,-17.9752732298487,35.04772777605354,21.484375
2445,2011-11-11 16:29:12.841511488,-398.71986779148693,-142.3860508256859,0.390625,8,-19.74589108616239,32.198097897123915,0.390625
2446,2011-11-11 17:14:30.255794764,-139.94803306588614,18.563667948192595,0.390625,11,-18.32769034042824,34.676179265737815,0.390625
2447,2011-11-11 18:19:07.564476967,-95.58714711292599,100.01992805936281,0.390625,9,-17.594270489504037,35.09949286394866,0.390625
2448,2011-11-11 18:50:02.885993481,-99.8119933941603,54.875494744738354,0.390625,7,-18.001919269903187,35.05755702260461,0.390625
2449,2011-11-11 20:07:48.255157232,-175.85922645637766,-66.8181950599015,11.328125,12,-19.096072577309478,34.329021161435065,11.328125
2450,2011-11-12 00:19:49.579122066,-50.17004958965729,89.22452009282217,44.140625,7,-17.69329390535871,35.52708821968301,44.140625
2451,2011-11-12 02:44:08.964910030,-56.507319011508734,57.81969691743125,63.671875,6,-17.976876993861175,35.466509574153754,63.671875
2452,2011-11-12 08:23:30.910780191,-261.4123636513722,-284.68915583917607,99.609375,9,-21.0530561180967,33.4854172621099,99.609375
2453,2011-11-12 12:00:03.730444431,-151.56636033928044,-31.487768987586694,13.671875,10,-18.77894325695851,34.56252220327396,13.671875
2454,2011-11-12 13:47:00.038525581,-408.22577192426405,-148.27445517107174,44.921875,9,-19.797013030249964,32.106320415113075,44.921875
2455,2011-11-12 21:11:51.788867712,-182.19649587822914,-66.8181950599015,13.671875,8,-19.095516590319043,34.268825737423015,13.671875
2456,2011-11-12 21:34:01.169356108,-167.40953389390904,-100.18581968375437,0.390625,6,-19.39810369726839,34.406377940858576,0.390625
2457,2011-11-12 21:58:55.421803713,-225.50117026088066,-87.42761026875178,5.859375,7,-19.277243755832682,33.855142514081095,5.859375
2458,2011-11-12 22:49:43.201259136,-99.8119933941603,71.55930705666479,50.390625,11,-17.85119996884287,35.05835390586084,50.390625
2459,2011-11-12 23:24:09.231266737,-151.56636033928044,-32.46916971181766,6.640625,9,-18.787806701446684,34.562447009616925,6.640625
2460,2011-11-13 00:18:27.218213081,-151.56636033928044,-62.89259216297762,0.390625,6,-19.062569151640098,34.560095088149275,0.390625
2461,2011-11-13 00:59:43.119977951,-287.8176529090866,-41.30177622989636,37.890625,6,-18.853105117488276,33.26969252565274,37.890625
2462,2011-11-13 02:03:14.718260765,-156.8474181908233,-22.655162469507996,0.390625,10,-18.698781650941374,34.51314647866143,0.390625
2463,2011-11-13 02:22:23.381434917,-119.88001323002321,43.098686053966766,44.140625,7,-18.10728726578357,34.86741480022573,44.140625
2464,2011-11-13 13:40:50.658825636,-255.07509422952074,-145.33025299837885,0.390625,8,-19.796319946350373,33.56620462062192,0.390625
2465,2011-11-13 14:35:57.486448288,-399.77607936179544,-140.423249377224,0.390625,8,-19.727985841608863,32.188463634991685,0.390625
2466,2011-11-13 15:16:29.657739401,-397.6636562211783,-146.31165372260978,0.390625,9,-19.781487689146754,32.20731495532088,0.390625
2467,2011-11-13 15:40:59.728114843,-424.0689454788928,-159.06986313761234,19.140625,7,-19.89093127171915,31.953015192710964,19.140625
2468,2011-11-13 20:16:36.802714586,-162.12847604236617,-71.72519868105633,0.390625,10,-19.141523317226763,34.459040796952394,0.390625
2469,2011-11-14 01:22:03.126100779,-155.79120662051469,56.838296193200286,37.109375,11,-17.980899755265625,34.52924291937819,37.109375
2470,2011-11-14 08:07:41.994313955,-166.35332232360048,-73.68800012951826,0.390625,8,-19.158907398363795,34.41872781577459,0.390625
2471,2011-11-14 12:31:38.133336544,-175.85922645637766,-84.4834080960589,0.390625,8,-19.25559002781377,34.32741173032834,0.390625
2472,2011-11-14 15:07:40.762538433,-393.43880993994395,-136.49764648030015,0.390625,7,-19.693875254287523,32.24961308814878,0.390625
2473,2011-11-15 00:34:11.304213047,-142.06045620650326,29.35907591473323,50.390625,10,-18.230043650673345,34.65695183167912,50.390625
2474,2011-11-15 07:24:01.093444347,-115.6551669487889,49.968491123583526,50.390625,7,-18.045460610349142,34.90770819040888,50.390625
2475,2011-11-15 10:54:57.321799994,-338.51580828389814,-2.0457472606576963,0.390625,6,-18.491340814118477,32.7959386051888,0.390625
2476,2011-11-15 13:12:58.328933001,-406.1133487836469,-164.95826748299817,49.609375,10,-19.94781261017848,32.122774377467415,49.609375
2477,2011-11-15 13:21:57.769812346,-261.4123636513722,-301.3729681511025,89.453125,6,-21.20359662325805,33.482876065736214,89.453125
2478,2011-11-15 13:25:42.688842297,-228.6698049718064,288.44886711170835,0.390625,7,-15.883110509634779,33.865245359981714,0.390625
2479,2011-11-15 13:32:41.853617668,-259.29994051075505,-301.3729681511025,96.484375,9,-21.20389846252996,33.50320177595577,96.484375
2480,2011-11-15 21:17:15.497607708,-158.95984133144043,-41.30177622989636,16.796875,15,-18.867021955716073,34.491628304102335,16.796875
2481,2011-11-15 22:09:06.401914358,-161.0722644720576,-38.357574057203465,8.203125,9,-18.840269393769958,34.47182952662758,8.203125
2482,2011-11-16 00:01:02.435727835,-183.2527074485377,-79.57640447490405,19.140625,6,-19.21062513037367,34.257583882731566,19.140625
2483,2011-11-16 01:00:15.847955942,-98.7557818238517,89.22452009282217,12.109375,9,-17.69165962244941,35.06914385334512,12.109375
2484,2011-11-16 15:58:42.149815083,-393.43880993994395,-140.423249377224,0.390625,10,-19.72926030069899,32.24878688305411,0.390625
2485,2011-11-16 17:33:30.513957024,-139.94803306588614,-45.227379126820225,0.390625,9,-18.90385166081378,34.671713739194956,0.390625
2486,2011-11-16 17:47:39.386760712,-392.38259836963545,-155.14426024068848,0.390625,9,-19.862164657129618,32.25573529935352,0.390625
2487,2011-11-16 19:36:36.501244068,-66.01322314428592,87.26171864436024,0.390625,7,-17.710611577432182,35.377692228758384,0.390625
2488,2011-11-16 22:10:23.722996235,-230.78222811242352,-207.15849862492973,99.609375,7,-20.35740413771138,33.79004840610731,99.609375
2489,2011-11-17 00:46:13.316540480,-167.40953389390904,-24.617963917969927,44.140625,6,-18.71568698148787,34.412883843166796,44.140625
2490,2011-11-17 01:18:46.696723223,-163.18468761267474,-76.63220230221117,0.390625,9,-19.185752005700532,34.448590153696756,0.390625
2491,2011-11-17 07:14:55.263379574,-67.06943471459448,86.28031792012926,30.078125,11,-17.719446489231615,35.367704678150105,30.078125
2492,2011-11-17 13:37:01.098860979,-223.38874712026347,298.26287435401804,0.390625,7,-15.794961982383496,33.91543283023287,0.390625
2493,2011-11-18 00:15:30.732835770,-115.6551669487889,84.31751647166733,6.640625,9,-17.735169445962022,34.90960472042869,6.640625
2494,2011-11-18 00:37:16.594597578,-94.5309355426174,79.41051285051252,33.984375,6,-17.780505454823015,35.10852451160708,33.984375
2495,2011-11-18 02:12:06.648244381,-153.67878347989756,-33.45057043604863,0.390625,8,-18.79651478917983,34.542339905704026,0.390625
2496,2011-11-18 02:54:43.842069387,-239.23192067489214,-133.55344430760726,0.390625,10,-19.69201547745571,33.71879091624645,0.390625
2497,2011-11-18 03:05:14.483120680,-164.2408991829833,-71.72519868105633,0.390625,9,-19.14135394723145,34.43896864579916,0.390625
2498,2011-11-18 03:05:53.090068340,-167.40953389390904,-68.78099650836344,0.390625,6,-19.114508332423547,34.4091154125283,0.390625
2499,2011-11-18 03:32:09.695748091,-67.06943471459448,90.20592081705315,19.140625,8,-17.68397966030774,35.36782883588909,19.140625
2500,2011-11-18 09:57:19.692389250,-398.71986779148693,-166.92106893146007,0.390625,9,-19.967030285984592,32.19281850403061,0.390625
2501,2011-11-18 10:39:54.403513193,-121.99243637064036,30.340476638964194,0.390625,7,-18.222414288222335,34.84670392368072,0.390625
2502,2011-11-18 22:48:20.144708157,-236.0632859639664,-137.47904720453113,0.390625,9,-19.727830754404206,33.74849201766193,0.390625
2503,2011-11-18 22:54:29.392125130,-149.4539371986633,-99.2044189595234,0.390625,10,-19.39065875998929,34.57733818934899,0.390625
2504,2011-11-18 23:30:43.246181488,-174.8030148860691,-57.98558854182279,6.640625,7,-19.016403113751014,34.33984787422739,6.640625
2505,2011-11-19 00:45:03.946718454,-137.83560992526895,-4.008548709119629,20.703125,6,-18.531706189185183,34.69461972906735,20.703125
2506,2011-11-19 01:25:20.292162418,-145.229090917429,-41.30177622989636,0.390625,11,-18.8680323008265,34.62189033971182,0.390625
2507,2011-11-19 02:01:55.843215942,-186.4213421594634,-57.00418781759183,62.890625,7,-19.006517635443778,34.22963706745509,62.890625
2508,2011-11-19 02:19:16.022638798,-168.4657454642176,-92.33461388990662,17.578125,6,-19.327117654490685,34.39701969288764,17.578125
2509,2011-11-19 02:26:49.413791895,-160.016052901749,-56.02278709336086,0.390625,6,-18.99988508524571,34.480406436131574,0.390625
2510,2011-11-19 02:42:33.856060982,-131.49834050341755,20.526469396654534,12.890625,9,-18.310499039070624,34.75622043484515,12.890625
2511,2011-11-19 08:14:17.099107981,-67.06943471459448,100.01992805936281,25.390625,9,-17.595312026180505,35.36813796457924,25.390625
2512,2011-11-19 11:18:10.628297567,-148.39772562835475,-58.96698926605376,0.390625,13,-19.02734841589459,34.590490172642674,0.390625
2513,2011-11-19 11:29:20.436955452,-129.38591736280037,24.452072293578397,0.390625,9,-18.275169437755874,34.776446322284556,0.390625
2514,2011-11-19 13:11:22.899645329,-278.31174877630934,286.4860656632464,38.671875,7,-15.895761442113297,33.40189652709414,38.671875
2515,2011-11-19 20:08:46.586494684,-303.6608264637152,-38.357574057203465,25.390625,6,-18.82427669488569,33.1199904750838,25.390625
2516,2011-11-19 21:44:11.315751314,-136.7793983549604,-38.357574057203465,0.390625,7,-18.84201707239445,34.702260076337836,0.390625
2517,2011-11-20 03:44:31.136886597,-171.63438017514335,0.8984549120352028,29.296875,6,-18.484909834307096,34.375030466867216,29.296875
2518,2011-11-20 04:30:10.419068575,-86.08124298014882,101.98272950782474,17.578125,6,-17.576925313205944,35.18911820545012,17.578125
2519,2011-11-20 05:23:04.657897472,-129.38591736280037,22.489270845116465,12.109375,7,-18.292898807810207,34.77632195554032,12.109375
2520,2011-11-20 09:22:10.091331720,-111.4303206675546,34.26607953588806,52.734375,6,-18.18752778150318,34.94675653474653,52.734375
2521,2011-11-20 09:31:54.500379801,-151.56636033928044,-38.357574057203465,0.390625,7,-18.84098718571319,34.56199496381411,0.390625
2522,2011-11-20 12:34:12.310278177,-398.71986779148693,-158.08846241338136,0.390625,7,-19.887420961027434,32.19472727326954,0.390625
2523,2011-11-20 20:32:40.392184496,-288.8738644793952,-283.7077551149451,50.390625,8,-21.040088746814057,33.221647133253455,50.390625
2524,2011-11-20 22:07:12.131352186,-202.264515714092,-286.651957287638,25.390625,8,-21.078243349348188,34.05385840696443,25.390625
2525,2011-11-20 22:17:32.510900974,-63.900800003668756,104.92693168051765,0.390625,9,-17.551070846677973,35.39813509779756,0.390625
2526,2011-11-21 03:49:58.375660896,-144.17287934712044,-62.89259216297762,0.390625,11,-19.063103961143746,34.6303190914906,0.390625
2527,2011-11-21 11:43:01.954133272,-261.4123636513722,-293.5217623572548,99.609375,7,-21.13275440196045,33.48407471430342,99.609375
2528,2011-11-21 12:37:35.392803669,-397.6636562211783,-122.75803634106657,37.109375,8,-19.56918622635745,32.21231420390898,37.109375
2529,2011-11-21 13:53:26.286798000,-102.98062810508601,16.600866499730664,0.390625,7,-18.347527202055815,35.02572453073475,0.390625
2530,2011-11-21 14:39:44.518585443,-109.31789752693747,33.284678811657095,34.765625,8,-18.196501598011025,34.966668594678175,34.765625
2531,2011-11-21 15:42:11.526106596,-136.7793983549604,-32.46916971181766,0.390625,8,-18.788833469301416,34.70266806071312,0.390625
2532,2011-11-21 19:23:52.702881098,-144.17287934712044,-63.873992887208594,0.390625,13,-19.071967393058404,34.630246276649714,0.390625
2533,2011-11-22 03:41:13.804377794,-107.20547438632032,96.09432516243895,7.421875,6,-17.62920527797724,34.989853449751344,7.421875
2534,2011-11-22 03:47:48.460476875,-162.12847604236617,-57.98558854182279,4.296875,11,-19.01744487024617,34.46018796993173,4.296875
2535,2011-11-22 04:27:40.509692907,-158.95984133144043,-77.61360302644212,0.390625,8,-19.194949958471607,34.48866469782692,0.390625
2536,2011-11-22 04:54:11.648631573,215.99526612810354,33.284678811657095,24.609375,8,-18.188428454837418,38.04134869320598,24.609375
2537,2011-11-22 05:41:19.977785826,-279.36796034661796,-305.2985710480263,75.390625,13,-21.236348425210142,33.309480026772626,75.390625
2538,2011-11-22 09:00:00.210829496,-413.5068297758069,-121.77663561683562,6.640625,8,-19.557112409168294,32.061885979241985,6.640625
2539,2011-11-22 19:27:42.991779327,-145.229090917429,-62.89259216297762,0.390625,6,-19.063029195416117,34.62028694816128,0.390625
2540,2011-11-22 21:53:38.843216419,-285.70522976846934,-292.5403616330238,43.359375,6,-21.120267478101315,33.25062994417496,43.359375
2541,2011-11-22 23:07:49.211802959,-203.32072728440062,-129.62784141068337,25.390625,8,-19.660599526326415,34.061491389999354,25.390625
2542,2011-11-23 13:27:41.496558666,-218.10768926872066,296.3000729055561,0.390625,7,-15.813155434034817,33.96451350730306,0.390625
2543,2011-11-23 14:00:35.298722029,-405.0571372133383,-123.73943706529755,36.328125,11,-19.576540065855973,32.14179945622433,36.328125
2544,2011-11-23 17:21:21.927511454,-153.67878347989756,-33.45057043604863,0.390625,7,-18.79651478917983,34.542339905704026,0.390625
2545,2011-11-23 18:01:49.766677618,-56.507319011508734,117.6851410955202,0.390625,6,-17.43599853895525,35.46810535128933,0.390625
2546,2011-11-23 19:36:15.326735973,-386.04532894778396,-296.4659645299476,69.140625,11,-21.13724775705984,32.28550047761683,69.140625
2547,2011-11-23 19:38:24.561728716,-69.18185785521162,37.21028170858096,19.921875,8,-18.16270406239607,35.34616465183283,19.921875
2548,2011-11-23 21:06:54.401941776,-225.50117026088066,-130.60924213491433,16.015625,7,-19.667054160833302,33.85000514335954,16.015625
2549,2011-11-23 21:31:01.177223682,-115.6551669487889,43.098686053966766,0.390625,10,-18.107517630963944,34.90732426672252,0.390625
2550,2011-11-23 22:29:12.177914619,-131.49834050341755,27.396274466271297,40.234375,11,-18.248446681995365,34.75666269353603,40.234375
2551,2011-11-23 22:57:38.942346811,-92.41851240200027,28.377675190502263,25.390625,11,-18.241623725939117,35.12617456820896,25.390625
2552,2011-11-24 00:14:46.979393244,-75.51912727706308,99.03852733513186,1.171875,8,-17.603908141571672,35.28850282079501,1.171875
2553,2011-11-24 00:22:44.376440763,-81.85639669891451,62.726700538586094,25.390625,10,-17.931740183924187,35.227392829901255,25.390625
2554,2011-11-24 05:59:11.249347925,-207.54557356563492,-114.90683054721885,36.328125,9,-19.527258305839986,34.0228525286681,36.328125
2555,2011-11-24 06:24:30.396626949,-108.26168595662891,58.80109764166223,37.890625,6,-17.966052478858373,34.97798657773838,37.890625
2556,2011-11-24 08:42:51.034050226,-141.0042446361947,12.6752636028068,38.671875,7,-18.380806173834458,34.665781722667504,38.671875
2557,2011-11-24 09:54:02.148887396,-284.64901819816083,-296.4659645299476,0.390625,8,-21.155846932519594,33.260133784845245,0.390625
2558,2011-11-24 11:39:52.329334259,-286.76144133877796,-151.21865734376462,5.859375,10,-19.845079007425767,33.263203206166985,5.859375
2559,2011-11-24 11:39:55.987352610,-228.6698049718064,-156.12566096491946,43.359375,9,-19.897019584530327,33.81667330609098,43.359375
2560,2011-11-24 11:52:37.809208393,-273.0306909247665,-311.18697539341207,64.453125,7,-21.290436930695243,33.36951920054736,64.453125
2561,2011-11-24 13:07:16.832229376,-407.16956035395555,-129.62784141068337,37.890625,9,-19.629178970899584,32.12043880307372,37.890625
2562,2011-11-24 13:26:15.147904634,-409.28198349457267,-117.85103271991176,46.484375,8,-19.52260576258043,32.10290282186515,46.484375
2563,2011-11-24 13:43:56.521142483,-383.93290580716683,-135.51624575606917,0.390625,7,-19.68689818879116,32.34028817860162,0.390625
2564,2011-11-24 16:16:53.832962513,-261.4123636513722,-320.0195819114908,75.390625,10,-21.371844255679783,33.48000932192876,75.390625
2565,2011-11-24 16:26:59.472663403,-105.09305124570317,27.396274466271297,25.390625,13,-18.249905012577496,35.006297724623096,25.390625
2566,2011-11-24 17:30:50.461596251,-166.35332232360048,-17.74815884835316,24.609375,6,-18.653730743810904,34.42346847657043,24.609375
2567,2011-11-24 18:20:46.492839575,-113.54274380817175,44.08008677819773,25.390625,6,-18.09876439393524,34.927333158334626,25.390625
2568,2011-11-24 23:53:47.307025909,-273.0306909247665,-311.18697539341207,49.609375,9,-21.290436930695243,33.36951920054736,49.609375
2569,2011-11-25 02:10:35.587446451,-210.7142082765606,15.619465775499698,69.140625,6,-18.34845666536145,34.00671892855361,69.140625
2570,2011-11-25 03:08:18.741098642,-296.2673454715552,-305.2985710480263,50.390625,11,-21.233675036376876,33.14687496325818,50.390625
2571,2011-11-25 03:12:34.107597351,-135.72318678465183,-207.15849862492973,67.578125,9,-20.36655378737136,34.70008846179106,67.578125
2572,2011-11-25 04:46:18.781371593,-237.119497534275,24.452072293578397,70.703125,6,-18.26594240414518,33.75809417907165,70.703125
2573,2011-11-25 05:44:52.708635092,-269.8620562138408,-268.9867442514806,12.890625,6,-20.91015500490673,33.40664757842375,12.890625
2574,2011-11-25 05:46:01.378255606,-138.89182149557752,-141.404650101455,50.390625,14,-19.772530821824862,34.674744912701286,50.390625
2575,2011-11-25 06:15:56.688915253,-191.70240001100626,-47.190180575282156,99.609375,6,-18.917414990837106,34.180465323744045,99.609375
2576,2011-11-25 07:38:37.317271709,-202.264515714092,-29.524967539124763,44.140625,6,-18.756904107619782,34.08206809022465,44.140625
2577,2011-11-25 07:49:45.738430023,56.507319011508734,189.32739396438078,6.640625,13,-16.78867909866524,36.53005895876337,6.640625
2578,2011-11-25 13:16:38.304981232,-225.50117026088066,25.433473017809362,66.015625,6,-18.25833739907302,33.86799336361983,66.015625
2579,2011-11-25 16:58:05.179240227,-168.4657454642176,-8.915552330274464,42.578125,6,-18.5737951797308,34.404198860358406,42.578125
2580,2011-11-25 19:21:15.124414206,-282.5365950575437,-312.16837611764305,12.890625,11,-21.297835100104876,33.277849637265255,12.890625
2581,2011-11-25 20:38:56.436444759,-129.38591736280037,18.563667948192595,0.390625,7,-18.328357446868385,34.77607279663714,0.390625
2582,2011-11-25 20:56:53.344972134,-269.8620562138408,-322.9637840841837,50.390625,9,-21.397165161187505,33.398147888869175,50.390625
2583,2011-11-25 21:51:44.091885328,-139.94803306588614,-162.9954660345362,50.390625,9,-19.967436863086252,34.66303510676408,50.390625
2584,2011-11-25 23:07:10.938989878,-66.01322314428592,83.33611574743638,69.921875,7,-17.746078377564682,35.377569812042914,69.921875
2585,2011-11-26 00:35:04.266332864,-154.73499505020612,-73.68800012951826,0.390625,8,-19.15982478950486,34.52913785563608,0.390625
2586,2011-11-26 10:48:32.954655647,-226.55738183118922,-86.44620954452083,0.390625,9,-19.26826610739438,33.845217475070115,0.390625
2587,2011-11-26 12:50:42.059471607,-264.5809983622979,-332.7777913264934,63.671875,9,-21.486494866743254,33.447485214751595,63.671875
2588,2011-11-26 14:03:03.339430571,-288.8738644793952,-300.3915674268715,61.328125,9,-21.19059725554004,33.21884146286844,61.328125
2589,2011-11-26 18:25:13.871521473,-311.05430745587506,-254.2657333880161,65.234375,9,-20.77090832803498,33.01379527688945,65.234375
2590,2011-11-26 20:28:33.779665470,-299.43598018248093,-293.5217623572548,73.828125,7,-21.126925354446445,33.11844994786533,73.828125
2591,2011-11-27 00:58:41.564176798,-154.73499505020612,-30.50636826335573,0.390625,8,-18.769846331036234,34.53255433731818,0.390625
2592,2011-11-27 01:12:01.827491522,-227.61359340149778,-101.16722040798533,1.953125,11,-19.401037761486005,33.833424389086474,1.953125
2593,2011-11-27 02:01:26.202115774,-296.2673454715552,-308.24277322071924,46.484375,11,-21.260233261311328,33.146363267724695,46.484375
2594,2011-11-27 08:06:26.446170568,-156.8474181908233,-31.487768987586694,0.390625,10,-18.778551256483023,34.51244813984123,0.390625
2595,2011-11-27 09:58:14.113103390,-199.0958810031663,-52.097184196437,59.765625,7,-18.961020441720276,34.10981950719669,59.765625
2596,2011-11-27 13:10:00.470282316,-421.95652233827553,-127.66503996222143,30.859375,12,-19.60840112143446,31.98024126343505,30.859375
2597,2011-11-27 13:33:56.149302244,-388.1577520884011,-140.423249377224,21.484375,9,-19.73030689940291,32.29905982014767,21.484375
2598,2011-11-27 15:23:08.096481562,-276.1993256356922,-331.7963906022624,75.390625,11,-21.475891812652986,33.33565005650019,75.390625
2599,2011-11-27 18:57:48.711334944,-147.34151405804613,25.433473017809362,49.609375,7,-18.26514377035298,34.606752475771756,49.609375
2600,2011-11-27 20:14:30.282854319,0.5281057851542873,27.396274466271297,0.390625,7,-18.2524836187914,36.00499375504707,0.390625
2601,2011-11-27 22:03:34.918090582,-289.9300760497037,-291.5589609087928,49.609375,9,-21.110749726324567,33.210175671021545,49.609375
2602,2011-11-28 00:03:51.499259472,-157.90362976113187,-26.58076536643186,0.390625,7,-18.734155089034996,34.50282449027559,0.390625
2603,2011-11-28 00:15:40.702193499,-134.66697521434324,-22.655162469507996,0.390625,10,-18.70033083320398,34.72336685633119,0.390625
2604,2011-11-28 00:56:18.800688982,-146.28530248773757,-34.431971160279595,0.390625,8,-18.805912728536548,34.61237963384028,0.390625
2605,2011-11-28 02:27:00.310247660,-167.40953389390904,-52.097184196437,0.390625,9,-18.96384458620659,34.410550143843324,0.390625
2606,2011-11-28 07:50:34.441811562,-276.1993256356922,-279.78215221802117,75.390625,9,-21.006619608284495,33.34407580126869,75.390625
2607,2011-11-28 09:09:22.882522821,-390.2701752290183,-141.404650101455,0.390625,8,-19.73873648544207,32.27874508269734,0.390625
2608,2011-11-28 10:10:29.512769699,-107.20547438632032,28.377675190502263,0.390625,8,-18.240934960026195,34.986377484225,0.390625
2609,2011-11-28 10:37:45.122832298,-296.2673454715552,-311.18697539341207,0.390625,9,-21.28679139085453,33.145850778482384,0.390625
2610,2011-11-28 13:12:24.453335762,-397.6636562211783,-141.404650101455,0.390625,9,-19.7372587322418,32.208361826696255,0.390625
2611,2011-11-28 13:38:51.631916046,-386.04532894778396,-151.21865734376462,0.390625,6,-19.828037384303464,32.316931165115925,0.390625
2612,2011-11-28 20:30:42.836215258,-280.4241719169266,-300.3915674268715,12.109375,12,-21.19191627371275,33.30012220319487,12.109375
2613,2011-11-28 21:04:34.986620426,-271.97447935445797,-193.4188884856962,24.609375,14,-20.227990571066606,33.39794917873337,24.609375
2614,2011-11-28 23:11:34.033973455,-270.91826778414935,-285.67055656340705,87.109375,7,-21.060533178229242,33.39389389245194,87.109375
2615,2011-11-29 00:00:29.740900278,-442.0245421741384,-200.288693555313,0.390625,6,-20.258268366044593,31.77204137461958,0.390625
2616,2011-11-29 00:00:37.247488976,-295.21113390124657,-295.4845638057166,27.734375,11,-21.14531781757432,33.158730922518075,27.734375
2617,2011-11-29 00:16:02.158400774,-150.51014876897187,-32.46916971181766,0.390625,10,-18.787883531098817,34.5724624932571,0.390625
2618,2011-11-29 00:18:47.500079870,-263.5247867919894,-333.7591920507244,55.078125,7,-21.49550492537807,33.45751335244691,55.078125
2619,2011-11-29 00:29:10.689446211,-126.21728265187467,-16.766758124122195,0.390625,9,-18.647672578281426,34.80382913509138,0.390625
2620,2011-11-29 00:38:00.465613365,-256.1313057998293,-301.3729681511025,48.828125,9,-21.204346643215576,33.533691010050724,48.828125
2621,2011-11-29 01:57:22.216861248,-182.19649587822914,-86.44620954452083,6.640625,8,-19.272752467885148,34.266972114577925,6.640625
2622,2011-11-29 03:07:11.786324024,-202.264515714092,-328.8521884295695,65.234375,7,-21.459163663576547,34.048842883809165,65.234375
2623,2011-11-29 05:34:04.850161791,-172.6905917454519,9.7310614301139,51.953125,6,-18.405057310461252,34.3657882722983,51.953125
2624,2011-11-29 05:34:18.088572979,-183.2527074485377,-11.85975450296736,0.390625,8,-18.59914525182944,34.2639047368338,0.390625
2625,2011-11-29 10:41:57.093430042,56.507319011508734,189.32739396438078,6.640625,11,-16.78867909866524,36.53005895876337,6.640625
2626,2011-11-29 12:01:44.041390181,-405.0571372133383,-135.51624575606917,50.390625,8,-19.682682708303147,32.13926060941085,50.390625
2627,2011-11-29 14:04:49.419461489,-169.52195703452622,-45.227379126820225,0.390625,6,-18.90163333413671,34.39109406070072,0.390625
2628,2011-11-29 17:03:39.487323523,-94.5309355426174,-308.24277322071924,87.890625,10,-21.28194575674986,35.08909674809173,87.890625
2629,2011-11-29 17:27:50.216525316,-158.95984133144043,-44.24597840258926,0.390625,11,-18.89361116149184,34.49139027408909,0.390625
2630,2011-11-29 17:50:53.848442554,-179.0278611673034,-66.8181950599015,2.734375,10,-19.095797040475166,34.29892318826921,2.734375
2631,2011-11-29 19:35:25.220008135,-268.80584464353217,-319.0381811872598,62.890625,9,-21.361904690457482,33.40894724606216,62.890625
2632,2011-11-29 19:46:59.200954437,-259.29994051075505,-297.4473652541786,31.640625,7,-21.168476882516902,33.50379688905893,31.640625
2633,2011-11-29 19:55:24.698233366,-270.91826778414935,-310.2055746691812,49.609375,9,-21.281899133960074,33.39001136189551,49.609375
2634,2011-11-29 20:11:05.250445843,-265.63720993260654,-299.41016670264054,75.390625,6,-21.185275685044665,33.442530690511525,75.390625
2635,2011-11-29 20:11:10.355954170,-270.91826778414935,-298.42876597840956,69.921875,10,-21.175644282645308,33.39188125210118,69.921875
2636,2011-11-29 20:29:48.584656239,-276.1993256356922,-295.4845638057166,69.140625,7,-21.14828977013507,33.34155648569466,69.140625
2637,2011-11-29 23:06:24.609819889,-118.82380165971465,39.17308315704289,51.171875,6,-18.142806243809055,34.877166006734576,51.171875
2638,2011-11-29 23:17:52.895540476,-127.27349422218323,30.340476638964194,0.390625,7,-18.222107484716165,34.79678561580524,0.390625
2639,2011-11-29 23:38:46.652587414,-168.4657454642176,-67.79959578413246,0.390625,10,-19.105558855078826,34.39916648747226,0.390625
2640,2011-11-30 00:12:47.743149519,-246.6254016670522,-275.85654932109736,65.234375,6,-20.975394142099233,33.62882224521344,65.234375
2641,2011-11-30 03:48:29.547999382,-281.4803834872351,-318.05678046302893,24.609375,9,-21.351121693953836,33.28704045162278,24.609375
2642,2011-11-30 04:19:57.177710772,-78.6877619879888,99.03852733513186,31.640625,6,-17.603798366161183,35.25865158312102,31.640625
2643,2011-11-30 05:23:14.374362469,-119.88001323002321,-11.85975450296736,0.390625,10,-18.60372192045289,34.86417341333283,0.390625
2644,2011-11-30 05:26:11.441323996,-153.67878347989756,-4.008548709119629,50.390625,6,-18.53061030268868,34.54460988618566,50.390625
2645,2011-11-30 06:03:19.470368385,-101.92441653477745,-214.02830369454648,73.828125,6,-20.43070779715786,35.02336976633999,73.828125
2646,2011-11-30 06:15:21.934197903,-55.45110744120016,110.81533602590345,0.390625,7,-17.498094467854553,35.47787012692149,0.390625
2647,2011-11-30 08:53:56.428011179,-95.58714711292599,101.98272950782474,0.390625,8,-17.576537982737243,35.0995806595934,0.390625
2648,2011-11-30 12:03:25.137850046,-130.44212893310893,221.71361786400266,99.609375,9,-16.493143448919643,34.77834289822353,99.609375
2649,2011-11-30 13:57:58.978075266,-418.7878876273498,-129.62784141068337,7.421875,13,-19.626759682836756,32.009935305282575,7.421875
2650,2011-11-30 16:11:23.702157259,-203.32072728440062,-86.44620954452083,25.390625,9,-19.27073733170284,34.06612195390547,25.390625
2651,2011-11-30 16:54:04.008375644,-378.65184795562385,-198.32589210685103,1.953125,14,-20.254147602755104,32.377626516692985,1.953125
2652,2011-11-30 17:47:56.177467346,-170.5781686048348,-40.320375505665396,37.890625,6,-18.85723326805342,34.381498352149954,37.890625
2653,2011-11-30 20:13:58.213769197,-163.18468761267474,-30.50636826335573,40.234375,6,-18.769200147269338,34.4524418365464,40.234375
2654,2011-11-30 22:07:42.685585737,-169.52195703452622,-81.53920592336598,0.390625,7,-19.22954433768031,34.387926780602754,0.390625
2655,2011-11-30 22:53:57.712146521,-304.7170380340237,-299.41016670264054,24.609375,9,-21.179166791749903,33.06663214047222,24.609375
2656,2011-11-30 23:55:50.510324717,-306.8294611746408,-274.8751485968664,49.609375,7,-20.957508933192777,33.050687189068455,49.609375
2657,2011-12-01 01:37:26.072520494,-281.4803834872351,-314.131177566105,99.609375,12,-21.315706840009053,33.2876919816635,99.609375
2658,2011-12-01 01:41:49.424312353,-171.63438017514335,-45.227379126820225,38.671875,6,-18.901458677372496,34.37105134949357,38.671875
2659,2011-12-01 11:00:10.522191525,-156.8474181908233,-90.37181244144469,0.390625,8,-19.310330474745662,34.507702078025254,0.390625
2660,2011-12-01 11:15:10.308291197,-165.29711075329192,-26.58076536643186,35.546875,6,-18.733581460927578,34.43274157622714,35.546875
2661,2011-12-01 18:09:21.088536501,-98.7557818238517,-116.86963199568078,19.140625,10,-19.553352998306373,35.05895575681257,19.140625
2662,2011-12-01 18:21:28.636847734,-162.12847604236617,-23.63656319373896,37.109375,6,-18.70724120615591,34.46301713740276,37.109375
2663,2011-12-01 19:19:32.415335894,-276.1993256356922,-311.18697539341207,71.484375,12,-21.289957273854082,33.33901618886263,71.484375
2664,2011-12-01 20:57:44.004903793,-169.52195703452622,182.45758889476397,50.390625,6,-16.84527516270225,34.40950332621637,50.390625
2665,2011-12-01 23:33:49.743379116,-176.91543802668622,-64.85539361143957,12.109375,8,-19.078257028892825,34.319167352779836,12.109375
2666,2011-12-02 00:31:16.398357630,-266.69342150291504,-298.42876597840956,54.296875,8,-21.176266636862916,33.43252250875039,54.296875
2667,2011-12-02 09:57:22.345907450,-404.0009256430297,-141.404650101455,25.390625,8,-19.735970168410397,32.14803842159026,25.390625
2668,2011-12-02 12:57:38.647300482,-78.6877619879888,94.13152371397702,0.390625,7,-17.64813122420327,35.25847040993581,0.390625
2669,2011-12-02 16:10:47.877816439,-154.73499505020612,28.377675190502263,55.078125,6,-18.238030448627736,34.537079402991985,55.078125
2670,2011-12-02 16:13:40.472279310,-129.38591736280037,-86.44620954452083,48.046875,12,-19.276825247161774,34.769195368929914,48.046875
2671,2011-12-02 16:54:57.845747709,-279.36796034661796,-299.41016670264054,22.265625,10,-21.18322437288843,33.31044302610164,22.265625
2672,2011-12-02 23:09:11.095494747,-283.5928066278522,-338.66619567187917,94.140625,14,-21.536713747531824,33.26322967388286,94.140625
2673,2011-12-03 00:12:44.361177444,-237.119497534275,-245.43312686993738,70.703125,8,-20.702068948737406,33.72429382047035,70.703125
2674,2011-12-03 00:58:09.369464636,-134.66697521434324,-79.57640447490405,0.390625,7,-19.21443497614521,34.719449004360605,0.390625
2675,2011-12-03 02:31:58.551244497,-263.5247867919894,-159.06986313761234,18.359375,9,-19.91919675359887,33.48368352561478,18.359375
2676,2011-12-03 06:03:36.851012945,-270.91826778414935,-283.7077551149451,99.609375,8,-21.042823622780933,33.39420232550942,99.609375
2677,2011-12-03 09:47:48.864499092,-285.70522976846934,-279.78215221802117,50.390625,11,-21.005168958524038,33.252745414501234,50.390625
2678,2011-12-03 09:55:57.509327412,-94.5309355426174,24.452072293578397,1.953125,6,-18.276994199431936,35.106021733341315,1.953125
2679,2011-12-03 12:32:15.274323940,-236.0632859639664,-164.95826748299817,0.390625,9,-19.975863768468766,33.744989296913744,0.390625
2680,2011-12-03 13:12:31.069040298,-229.72601654211496,-86.44620954452083,0.390625,6,-19.267908467830484,33.81509682173993,0.390625
2681,2011-12-03 17:29:10.044382572,-269.8620562138408,-334.74059277495525,82.421875,13,-21.503417747925532,33.396261097303515,82.421875
2682,2011-12-03 17:29:13.578424454,-271.97447935445797,-311.18697539341207,0.390625,8,-21.290595590517775,33.37968706009399,0.390625
2683,2011-12-03 20:21:54.329899311,-269.8620562138408,-314.131177566105,26.171875,10,-21.317474734361504,33.39955535488434,26.171875
2684,2011-12-03 22:23:50.252567529,-280.4241719169266,-314.131177566105,0.390625,11,-21.315870625940086,33.29786090033003,0.390625
2685,2011-12-03 23:10:02.855407715,-267.74963307322366,-312.16837611764305,50.390625,10,-21.30007880752091,33.42020482760759,50.390625
2686,2011-12-03 23:21:09.612142324,-104.0368396753946,-245.43312686993738,51.171875,11,-20.714213414976886,35.00128789949941,51.171875
2687,2011-12-04 01:02:32.102376938,-264.5809983622979,-319.0381811872598,62.890625,14,-21.362528107946112,33.44964021542776,62.890625
2688,2011-12-04 01:05:42.522160529,-271.97447935445797,-315.112578290336,49.609375,10,-21.326013212287062,33.37905842635064,49.609375
2689,2011-12-04 01:09:54.037526846,-268.80584464353217,-337.6847949476482,68.359375,13,-21.530139411158494,33.405972238484225,68.359375
2690,2011-12-04 02:38:12.122978210,-540.2522182128358,266.85805117862714,0.390625,15,-16.029327276890623,30.957361242118527,0.390625
2691,2011-12-04 05:44:32.120908976,-219.16390083902922,-183.6048812433865,36.328125,7,-20.14616436906401,33.90410296631922,36.328125
2692,2011-12-04 07:49:59.729136705,-153.67878347989756,-80.55780519913503,0.390625,6,-19.221945634403024,34.53862794583016,0.390625
2693,2011-12-04 21:43:54.151569843,-289.9300760497037,-273.8937478726354,49.609375,10,-20.951387364496334,33.213142523756645,49.609375
2694,2011-12-04 22:14:43.579903126,-251.90645951859506,-267.02394280301866,67.578125,7,-20.89497474201271,33.579363290339366,67.578125
2695,2011-12-04 22:31:49.942307711,-287.8176529090866,-335.7219934991862,0.390625,7,-21.50948087546071,33.22299971818921,0.390625
2696,2011-12-04 22:43:13.974354506,-255.07509422952074,-290.57756018456183,52.734375,8,-21.10708208024996,33.54546132977365,52.734375
2697,2011-12-05 00:40:06.718220234,-273.0306909247665,-286.651957287638,71.484375,20,-21.069074834188697,33.37343392282403,71.484375
2698,2011-12-05 00:56:30.713362694,-78.6877619879888,83.33611574743638,9.765625,9,-17.745662803915103,35.258069962277204,9.765625
2699,2011-12-05 00:58:01.817752123,-297.3235570418638,-281.7449536664831,51.171875,10,-21.021035420598846,33.14079249698272,51.171875
2700,2011-12-05 01:10:46.288002729,-241.34434381550932,-269.9681449757116,99.609375,7,-20.922952263467778,33.6803845826675,99.609375
2701,2011-12-05 01:19:30.551649094,-241.34434381550932,-271.93094642417344,99.609375,7,-20.940665892566738,33.680111714997665,99.609375
2702,2011-12-05 01:22:45.462826967,-397.6636562211783,-276.83795004532834,0.390625,7,-20.957876372861485,32.17841844155655,0.390625
2703,2011-12-05 01:24:27.616416454,-280.4241719169266,-279.78215221802117,44.140625,10,-21.005980913334778,33.30348355744203,44.140625
2704,2011-12-05 01:25:44.102717400,-281.4803834872351,-277.8193507695593,24.609375,11,-20.98811151004044,33.293655149695674,24.609375
2705,2011-12-05 01:41:25.671141863,-242.40055538581788,-270.9495456999426,95.703125,6,-20.93167083177028,33.67010242276704,95.703125
2706,2011-12-05 04:58:37.399758577,-280.4241719169266,-283.7077551149451,84.765625,14,-21.04139752564744,33.30284612266602,84.765625
2707,2011-12-05 05:28:57.251894473,-134.66697521434324,-8.915552330274464,0.390625,10,-18.576232370622954,34.724293680637075,0.390625
2708,2011-12-05 09:10:06.986360788,-398.71986779148693,-122.75803634106657,24.609375,8,-19.568974832134682,32.20227039288187,24.609375
2709,2011-12-05 12:42:32.640397310,-398.71986779148693,-144.34885227414787,76.171875,12,-19.763582473058467,32.19767815811628,76.171875
2710,2011-12-05 16:08:21.222191334,-275.1431140653836,-286.651957287638,68.359375,19,-21.06875930408859,33.35312866446248,68.359375
2711,2011-12-05 16:15:52.280248880,-146.28530248773757,-17.74815884835316,24.609375,6,-18.655230030843953,34.61360929499183,24.609375
2712,2011-12-05 16:18:02.372881413,-281.4803834872351,-280.76355294225215,51.171875,8,-21.014673824356805,33.29317590365973,51.171875
2713,2011-12-05 19:58:32.929389715,138.89182149557752,-266.0425420787877,74.609375,7,-20.89804606954451,37.33488338705629,74.609375
2714,2011-12-05 20:12:34.907314539,-134.66697521434324,27.396274466271297,48.828125,6,-18.24824982258479,34.726708137192226,48.828125
2715,2011-12-05 22:09:28.704565763,-281.4803834872351,-308.24277322071924,20.703125,16,-21.262584244229842,33.28866675878953,20.703125
2716,2011-12-06 00:57:25.714718342,-293.09871076062944,-303.33576959956434,0.390625,8,-21.216482203991326,33.17769852830842,0.390625
2717,2011-12-06 00:58:37.588232517,-239.23192067489214,-271.93094642417344,98.828125,8,-20.94094071548711,33.70040467644698,98.828125
2718,2011-12-06 01:36:55.680600166,-289.9300760497037,168.71797875553042,43.359375,9,-16.957433806683103,33.278758481095196,43.359375
2719,2011-12-06 01:47:08.488297224,-171.63438017514335,-344.55460001726493,25.390625,6,-21.60410511985161,34.34260803403914,25.390625
2720,2011-12-06 02:11:29.882409811,-148.39772562835475,-40.320375505665396,0.390625,8,-18.85894374991236,34.59190313520501,0.390625
2721,2011-12-06 02:39:32.635334730,-189.58997687038908,-81.53920592336598,6.640625,6,-19.227765301219762,34.19715589201672,6.640625
2722,2011-12-06 04:11:11.933148861,-98.7557818238517,101.98272950782474,62.109375,6,-17.576399868407194,35.06973533509658,62.109375
2723,2011-12-06 05:13:41.082993746,-82.9126082692231,48.005689675121594,0.390625,10,-18.064692541483947,35.21683755534185,0.390625
2724,2011-12-06 07:17:11.971495867,-392.38259836963545,-138.46044792876205,0.390625,9,-19.711778038715725,32.2592534373819,0.390625
2725,2011-12-06 16:16:57.374610186,158.95984133144043,-393.62463622881336,30.078125,8,-22.048277388297354,37.53976920963912,30.078125
2726,2011-12-06 16:33:45.221720695,-277.2555372060007,-285.67055656340705,42.578125,8,-21.0595870228574,33.33298171723627,42.578125
2727,2011-12-06 16:45:00.443431377,-270.91826778414935,-162.9954660345362,1.171875,9,-19.95360798095804,33.412561399491466,1.171875
2728,2011-12-06 18:39:18.400312662,-304.7170380340237,-303.33576959956434,0.390625,8,-21.21457544562285,33.065932500398766,0.390625
2729,2011-12-06 18:57:24.138342857,-219.16390083902922,-125.70223851375948,25.390625,6,-19.623469375443005,33.9109696192818,25.390625
2730,2011-12-06 21:23:12.478351116,-160.016052901749,-57.00418781759183,12.109375,10,-19.008747989721567,34.48032594179641,12.109375
2731,2011-12-06 21:24:43.958648443,-288.8738644793952,-305.2985710480263,0.390625,14,-21.2348638870244,33.21801155092587,0.390625
2732,2011-12-06 22:21:39.859529972,-270.91826778414935,-164.95826748299817,0.390625,6,-19.971320012952418,33.41227237013183,0.390625
2733,2011-12-06 23:39:24.501065493,-225.50117026088066,-344.55460001726493,25.390625,15,-21.598112835674854,33.82269343417754,25.390625
2734,2011-12-06 23:53:04.205275536,-274.0869024950751,-156.12566096491946,30.859375,8,-19.891173523417887,33.383343362978124,30.859375
2735,2011-12-07 00:04:22.796104670,-217.0514776984121,-349.46160363841983,7.421875,11,-21.6434472440766,33.903597641759475,7.421875
2736,2011-12-07 00:59:34.064813375,-66.01322314428592,81.37331429897445,0.390625,7,-17.76381172930969,35.37750849670533,0.390625
2737,2011-12-07 02:36:09.642778397,-250.8502479482865,-156.12566096491946,0.390625,8,-19.89429612130954,33.60502782988806,0.390625
2738,2011-12-07 03:00:17.285025597,-251.90645951859506,-334.74059277495525,88.671875,11,-21.506028585264374,33.56938136205753,88.671875
2739,2011-12-07 05:36:56.395670891,-135.72318678465183,48.005689675121594,51.953125,6,-18.06202649317396,34.71808183137172,51.953125
2740,2011-12-07 09:20:10.668712139,-254.01888265921218,-295.4845638057166,90.234375,7,-21.15150790743316,33.554891701286515,90.234375
2741,2011-12-07 09:55:23.700350285,-269.8620562138408,-289.59615946033085,50.390625,7,-21.09610802412075,33.40343082054416,50.390625
2742,2011-12-07 13:16:11.523933887,-406.1133487836469,-137.47904720453113,6.640625,10,-19.70015612827209,32.1287847581229,6.640625
2743,2011-12-07 14:28:08.986240625,-395.5512330805611,-144.34885227414787,0.390625,6,-19.764221782355353,32.22784620567705,0.390625
2744,2011-12-07 17:06:01.517433643,-160.016052901749,-23.63656319373896,30.859375,6,-18.707404316363053,34.483037752513255,30.859375
2745,2011-12-07 18:48:13.198246241,-157.90362976113187,-31.487768987586694,0.390625,8,-18.77847124714403,34.502433477039794,0.390625
2746,2011-12-07 19:24:16.085645914,-195.92724629224057,-80.55780519913503,22.265625,6,-19.218301137471038,34.13701686888763,22.265625
2747,2011-12-07 19:42:13.765145302,-162.12847604236617,-34.431971160279595,12.109375,10,-18.804734942046125,34.46213391949531,12.109375
2748,2011-12-07 19:54:19.049800634,-269.8620562138408,-253.2843326637851,50.390625,6,-20.768473483559816,33.40907489612134,50.390625
2749,2011-12-07 20:19:03.145348072,-270.91826778414935,-173.79087400107682,25.390625,8,-20.051023669583238,33.41096789220606,25.390625
2750,2011-12-07 20:33:49.118239403,-269.8620562138408,-299.41016670264054,22.265625,9,-21.184655484823566,33.40188664988795,22.265625
2751,2011-12-07 22:08:30.917821884,-317.39157687772655,-275.85654932109736,5.859375,8,-20.96457465852928,32.94908903589854,5.859375
2752,2011-12-07 23:10:12.480023623,-281.4803834872351,-301.3729681511025,0.390625,19,-21.200607405925425,33.28980018574548,0.390625
2753,2011-12-08 00:49:45.328241110,-264.5809983622979,-319.0381811872598,58.984375,15,-21.362528107946112,33.44964021542776,58.984375
2754,2011-12-08 00:59:15.484065294,-298.3797686121723,-310.2055746691812,0.390625,6,-21.277592735630787,33.125691812489634,0.390625
2755,2011-12-08 00:59:19.481009483,-268.80584464353217,-310.2055746691812,30.859375,8,-21.282213245736052,33.41034633416506,30.859375
2756,2011-12-08 01:40:22.651993990,-259.29994051075505,-309.2241739449502,42.578125,11,-21.27474112910841,33.50200784815539,42.578125
2757,2011-12-08 01:42:32.647850752,-270.91826778414935,-160.05126386184332,27.734375,12,-19.927039859260972,33.41299436152551,27.734375
2758,2011-12-08 01:43:15.870510578,-281.4803834872351,-306.2799717722573,0.390625,13,-21.244876628461682,33.28899101377472,0.390625
2759,2011-12-08 02:09:55.459147930,-285.70522976846934,-307.26137249648826,0.390625,9,-21.25307126745816,33.24817122740977,0.390625
2760,2011-12-08 04:00:18.887259007,-100.86820496446886,-4.9899494333505965,39.453125,7,-18.54266557001197,35.04462996706979,39.453125
2761,2011-12-08 08:42:15.814393759,-388.1577520884011,-171.8280725526149,0.390625,7,-20.013397279790322,32.29247458344306,0.390625
2762,2011-12-08 11:50:42.621684074,-134.66697521434324,153.01556716783497,49.609375,6,-17.113519754367804,34.73467443981603,49.609375
2763,2011-12-08 15:13:47.938767195,-294.15492233093795,-292.5403616330238,15.234375,8,-21.11892898925666,33.16939171027948,15.234375
2764,2011-12-08 15:45:25.187337399,-97.69957025354314,83.33611574743638,19.140625,6,-17.74490298397281,35.07882701327197,19.140625
2765,2011-12-08 17:01:13.257712841,-260.35615208106356,-315.112578290336,52.734375,8,-21.327721117601584,33.490937762226885,52.734375
2766,2011-12-08 22:59:00.705117226,-120.9362248003318,8.749660705882935,0.390625,8,-18.417502059928474,34.85540602684609,0.390625
2767,2011-12-09 01:57:56.607153416,-158.95984133144043,-32.46916971181766,6.640625,7,-18.787253866132687,34.49234000757484,6.640625
2768,2011-12-09 05:24:18.228601694,-247.68161323736075,-136.49764648030015,6.640625,7,-19.71754703156744,33.63787838418188,6.640625
2769,2011-12-09 11:08:53.210966825,-162.12847604236617,-129.62784141068337,30.078125,10,-19.66440611688324,34.45410806601828,30.078125
2770,2011-12-09 12:51:23.837157249,-281.4803834872351,-308.24277322071924,53.515625,11,-21.262584244229842,33.28866675878953,53.515625
2771,2011-12-09 13:32:07.641892195,-412.4506182054983,-129.62784141068337,50.390625,14,-19.628087668713373,32.070207909279304,50.390625
2772,2011-12-09 17:18:49.845823050,-305.7732496043323,-306.2799717722573,0.390625,8,-21.240954579902674,33.055245079755615,0.390625
2773,2011-12-09 17:22:44.697025299,-289.9300760497037,-310.2055746691812,0.390625,16,-21.278961868591477,33.207013789635404,0.390625
2774,2011-12-09 18:13:10.385044098,-74.46291570675452,92.16872226551509,8.203125,6,-17.666010221340642,35.298213112818715,8.203125
2775,2011-12-09 21:47:43.119040489,-247.68161323736075,60.76389909012416,0.390625,8,-17.936946549105137,33.66264313923174,0.390625
2776,2011-12-09 23:11:28.973295212,-97.69957025354314,30.340476638964194,25.390625,6,-18.223658232646542,35.076339935792696,25.390625
2777,2011-12-09 23:45:41.314735174,-149.4539371986633,-29.524967539124763,0.390625,7,-18.76136923203483,34.58270034115567,0.390625
2778,2011-12-09 23:58:49.320171118,-151.56636033928044,-122.75803634106657,40.234375,10,-19.603205950907228,34.5553478743361,40.234375
2779,2011-12-10 00:16:51.117056847,-153.67878347989756,-121.77663561683562,37.109375,6,-19.594180866999153,34.53529842875522,37.109375
2780,2011-12-10 01:07:52.133261681,-282.5365950575437,-277.8193507695593,37.109375,10,-20.98794987179923,33.28350861801767,37.109375
2781,2011-12-10 05:10:37.737281084,-407.16956035395555,-227.76791383378003,0.390625,10,-20.513624692200874,32.098590754204025,0.390625
2782,2011-12-10 05:21:14.486838341,-262.4685752216808,-310.2055746691812,55.859375,9,-21.283140874886822,33.471353465926065,55.859375
2783,2011-12-10 05:53:56.036799669,-270.91826778414935,-345.5360007414959,53.515625,10,-21.600654678168212,33.384331794362794,53.515625
2784,2011-12-10 06:15:11.870116234,-274.0869024950751,-299.41016670264054,49.609375,9,-21.184025530420826,33.36124409503344,49.609375
2785,2011-12-10 06:15:17.068312168,-254.01888265921218,-310.2055746691812,43.359375,10,-21.28434339249872,33.552701368080996,43.359375
2786,2011-12-10 07:40:13.542326927,-170.5781686048348,-108.0370254776021,25.390625,8,-19.468733157630393,34.375518681100004,25.390625
2787,2011-12-10 07:53:44.475033045,-314.2229421668009,-303.33576959956434,0.390625,6,-21.212960475180136,32.974496988022295,0.390625
2788,2011-12-10 11:15:46.702290297,-134.66697521434324,-10.878353778736395,0.390625,6,-18.593960825225896,34.72416172379104,0.390625
2789,2011-12-10 12:57:05.145945787,-419.8440991976584,-129.62784141068337,24.609375,12,-19.626536398329154,31.999890350022653,24.609375
2790,2011-12-10 14:53:56.807674885,-10.034009917931456,89.22452009282217,58.984375,6,-17.693839731429595,35.90541651199243,58.984375
2791,2011-12-10 15:56:59.998851061,-285.70522976846934,-279.78215221802117,25.390625,9,-21.005168958524038,33.252745414501234,25.390625
2792,2011-12-10 17:26:35.875709534,-279.36796034661796,-285.67055656340705,36.328125,10,-21.059266792881076,33.31267841526813,36.328125
2793,2011-12-10 19:36:04.343523502,-260.35615208106356,-292.5403616330238,25.390625,9,-21.124049681321917,33.49438157735984,25.390625
2794,2011-12-10 20:08:56.153095484,-172.6905917454519,-81.53920592336598,14.453125,7,-19.22927663804297,34.357803677087375,14.453125
2795,2011-12-10 20:30:52.655942678,-280.4241719169266,-282.7263543907141,0.390625,11,-21.032543388117066,33.30300560571188,0.390625
2796,2011-12-10 21:54:41.406012058,-70.23806942552021,96.09432516243895,2.734375,6,-17.630681271067534,35.33815837298312,2.734375
2797,2011-12-10 23:22:20.876369715,-255.07509422952074,-152.2000580679956,0.390625,7,-19.85832031081794,33.56525990373807,0.390625
2798,2011-12-10 23:59:30.466257811,-160.016052901749,-37.3761733329725,28.515625,7,-18.831488230341417,34.481927353041534,28.515625
2799,2011-12-11 01:07:27.393796921,-102.98062810508601,46.04288822665966,0.390625,7,-18.08156234570371,35.02720277182943,0.390625
2800,2011-12-11 03:01:02.805729628,-260.35615208106356,-276.83795004532834,0.390625,7,-20.98236200328255,33.49675316871633,0.390625
2801,2011-12-11 03:44:53.154345512,-288.8738644793952,-278.8007514937903,24.609375,15,-20.99582096330316,33.22246762702496,24.609375
2802,2011-12-11 07:19:12.787269831,-67.06943471459448,-246.41452759416836,49.609375,6,-20.724770112485007,35.3561012222349,49.609375
2803,2011-12-11 07:41:59.835075617,-284.64901819816083,-279.78215221802117,50.390625,11,-21.005332557013446,33.262892849007315,50.390625
2804,2011-12-11 09:24:19.678075314,-267.74963307322366,-287.6333580118689,56.640625,10,-21.078708020553275,33.42404608351326,56.640625
2805,2011-12-11 09:44:33.278302431,-180.08407273761196,-38.357574057203465,41.796875,7,-18.838703023528456,34.29151150102512,41.796875
2806,2011-12-11 11:26:18.856564522,-278.31174877630934,-280.76355294225215,66.796875,18,-21.015155784792153,33.32362144951689,66.796875
2807,2011-12-11 12:11:35.312049150,-70.23806942552021,87.26171864436024,50.390625,6,-17.710481417580482,35.337866419774286,50.390625
2808,2011-12-11 15:04:47.233825207,-394.49502151025257,-170.84667182838393,0.390625,6,-20.003274346515315,32.232251587916465,0.390625
2809,2011-12-11 15:06:50.873540640,-398.71986779148693,-163.9768667587672,0.390625,8,-19.94049394300311,32.193455785811686,0.390625
2810,2011-12-11 16:14:28.380327702,-274.0869024950751,-305.2985710480263,15.234375,10,-21.237151781468114,33.360299233098424,15.234375
2811,2011-12-11 19:24:14.101498842,-82.9126082692231,-244.4517261457064,25.390625,10,-20.706406861386807,35.20410174261905,25.390625
2812,2011-12-11 20:02:54.651067734,-125.1610710815661,22.489270845116465,0.390625,8,-18.293150489473128,34.8162724075134,0.390625
2813,2011-12-11 20:56:18.531866788,-149.4539371986633,-30.50636826335573,12.890625,7,-18.770232771372317,34.58262627733602,12.890625
2814,2011-12-11 21:40:50.691906214,-283.5928066278522,-272.9123471484044,25.390625,12,-20.943517645251355,33.27416522311044,25.390625
2815,2011-12-11 22:01:05.445426464,-171.63438017514335,-74.66940085374924,6.640625,7,-19.167330755508758,34.36845637224081,6.640625
2816,2011-12-12 00:12:00.312236786,-190.6461884406977,-252.30293193955413,59.765625,8,-20.769403402070925,34.16937371157782,59.765625
2817,2011-12-12 00:12:06.240502357,-284.64901819816083,-274.8751485968664,33.203125,18,-20.961063050729898,33.263699708470384,33.203125
2818,2011-12-12 01:25:07.841492891,-287.8176529090866,-319.0381811872598,19.140625,8,-21.35897751657067,33.2258476339706,19.140625
2819,2011-12-12 01:44:26.021582603,-268.80584464353217,-320.0195819114908,25.390625,9,-21.370759243400986,33.40879139065712,25.390625
2820,2011-12-12 01:48:54.632884741,-292.0424991903208,-268.00534352724964,0.390625,9,-20.89793383242308,33.19384581180393,0.390625
2821,2011-12-12 07:41:35.440909147,-230.78222811242352,-130.60924213491433,23.046875,7,-19.666444783814207,33.79968134669536,23.046875
2822,2011-12-12 08:53:33.012821913,-392.38259836963545,-141.404650101455,0.390625,8,-19.738317080842926,32.2586349334468,0.390625
2823,2011-12-12 10:53:46.052869558,-129.38591736280037,-162.01406531030523,0.390625,9,-19.959305357661343,34.76398889355136,0.390625
2824,2011-12-12 11:39:23.705844879,-292.0424991903208,-272.9123471484044,0.390625,15,-20.942201039057718,33.19302109439429,0.390625
2825,2011-12-12 13:50:24.317673683,-395.5512330805611,-136.49764648030015,66.796875,16,-19.693453500548145,32.229509220535675,66.796875
2826,2011-12-12 15:26:53.240638733,-114.59895537848034,-366.14541595034615,50.390625,6,-21.803636011271003,34.8917829883601,50.390625
2827,2011-12-12 16:12:55.281324863,-75.51912727706308,96.09432516243895,47.265625,6,-17.63050805690942,35.28839855406535,47.265625
2828,2011-12-12 16:15:49.301078558,-101.92441653477745,-402.45724274689206,74.609375,6,-22.132295669236072,35.01207104407436,74.609375
2829,2011-12-12 19:33:17.517882109,-282.5365950575437,-297.4473652541786,12.890625,12,-21.16502871045178,33.28028749028259,12.890625
2830,2011-12-12 21:50:25.227033377,-269.8620562138408,-204.21429645223685,19.921875,18,-20.32570201711295,33.41653001555053,19.921875
2831,2011-12-12 21:55:01.514338493,-264.5809983622979,-165.9396682072291,12.890625,11,-19.981048903264746,33.47261818045357,12.890625
2832,2011-12-12 22:09:31.562570810,-136.7793983549604,48.98709039935256,51.171875,6,-18.053095383171353,34.708172451068954,51.171875
2833,2011-12-12 23:11:12.950124979,-285.70522976846934,-298.42876597840956,0.390625,15,-21.17338927668318,33.249648748577435,0.390625
2834,2011-12-13 01:51:51.483578205,-286.76144133877796,-305.2985710480263,0.390625,14,-21.235198061151188,33.23833719146867,0.390625
2835,2011-12-13 01:52:07.767634153,-273.0306909247665,-256.228534836478,33.203125,7,-20.79457687956346,33.378218057839064,33.203125
2836,2011-12-13 01:59:33.269754648,-270.91826778414935,-163.9768667587672,28.515625,7,-19.962464001871492,33.41241692362518,28.515625
2837,2011-12-13 02:11:14.917004824,-283.5928066278522,-285.67055656340705,0.390625,13,-21.05861906679098,33.2720729632833,0.390625
2838,2011-12-13 06:06:28.366906404,-316.33536530741804,-250.34013049109222,0.390625,7,-20.734612461135065,32.96385647745092,0.390625
2839,2011-12-13 06:47:49.469847202,-228.6698049718064,-353.38720653534364,6.640625,11,-21.677420640673066,33.79090374700617,6.640625
2840,2011-12-13 07:33:12.206267834,-309.99809588556656,-305.2985710480263,25.390625,12,-21.231387787096608,33.01477752008747,25.390625
2841,2011-12-13 11:14:41.179600000,-246.6254016670522,-96.26021678683048,31.640625,6,-19.354500103625035,33.65320080334578,31.640625
2842,2011-12-13 12:29:24.524684190,-402.9447140727212,-139.44184865299303,25.390625,15,-19.718495713779173,32.15851545769498,25.390625
2843,2011-12-13 15:45:18.684978962,-315.2791537371094,-305.2985710480263,19.140625,8,-21.230480606637244,32.96397557232282,19.140625
2844,2011-12-13 22:17:41.484665632,-139.94803306588614,-65.83679433567052,0.390625,7,-19.089988281304905,34.670235961800664,0.390625
2845,2011-12-13 23:49:44.950986862,-284.64901819816083,-278.8007514937903,13.671875,8,-20.996478676522106,33.263054388993524,13.671875
2846,2011-12-14 01:26:46.683896542,-271.97447935445797,-183.6048812433865,32.421875,6,-20.139433591050302,33.399419485176075,32.421875
2847,2011-12-14 01:47:32.473664522,-293.09871076062944,-313.14977684187403,0.390625,12,-21.30501180374192,33.17600973318268,0.390625
2848,2011-12-14 04:20:44.523948669,-97.69957025354314,-323.9451848084147,81.640625,9,-21.42357740944634,35.05766065811077,81.640625
2849,2011-12-14 06:31:36.347391844,-152.622571909589,26.414873742040328,57.421875,6,-18.255909750637006,34.55689997838673,57.421875
2850,2011-12-14 11:39:00.990082264,-259.29994051075505,-308.24277322071924,0.390625,8,-21.265885831814135,33.50215735930534,0.390625
2851,2011-12-14 11:39:09.391009569,-278.31174877630934,-274.8751485968664,0.390625,6,-20.9620297324828,33.32456845264917,0.390625
2852,2011-12-14 13:17:50.295717716,-280.4241719169266,-277.8193507695593,0.390625,6,-20.988272545025396,33.303801777644,0.390625
2853,2011-12-14 13:36:17.926318169,-329.0099041511209,287.4674663874774,55.078125,14,-15.880701245542287,32.92920419332365,55.078125
2854,2011-12-14 15:47:09.085589647,-248.7378248076693,-329.83358915380046,0.390625,9,-21.46219210050406,33.600660795828546,0.390625
2855,2011-12-14 15:47:14.847382069,-288.8738644793952,-303.33576959956434,6.640625,10,-21.21715726597823,33.21834377333348,6.640625
2856,2011-12-14 17:24:10.563664913,-138.89182149557752,-171.8280725526149,0.390625,9,-20.04727659739473,34.67245446768221,0.390625
2857,2011-12-14 20:09:28.174567223,-134.66697521434324,-14.803956675660261,0.390625,9,-18.629417631738832,34.7238973637574,0.390625
2858,2011-12-14 20:49:04.993855953,-152.622571909589,-22.655162469507996,27.734375,13,-18.699094890966993,34.553186840857066,27.734375
2859,2011-12-14 21:35:48.091337919,-134.66697521434324,-24.617963917969927,0.390625,7,-18.718059047664205,34.72323385669195,0.390625
2860,2011-12-14 22:08:44.388722658,-297.3235570418638,-294.50316308148575,0.390625,7,-21.13612264920864,33.138589071896746,0.390625
2861,2011-12-14 23:04:00.863034010,-150.51014876897187,-36.39477260874153,0.390625,8,-18.823337377657385,34.57216339450646,0.390625
2862,2011-12-15 02:07:21.406355381,-286.76144133877796,-299.41016670264054,0.390625,10,-21.182077157248933,33.239325576602106,0.390625
2863,2011-12-15 02:30:53.402678967,-226.55738183118922,-75.65080157798019,0.390625,9,-19.17081123879655,33.846487797192985,0.390625
2864,2011-12-15 06:11:26.622840405,-97.69957025354314,-311.18697539341207,56.640625,13,-21.308365459181875,35.05839742826597,56.640625
2865,2011-12-15 07:51:33.807965517,-168.4657454642176,-15.785357399891227,49.609375,6,-18.635835898836703,34.40362041996538,49.609375
2866,2011-12-15 11:16:43.149921179,-269.8620562138408,-312.16837611764305,76.953125,13,-21.299765636074966,33.39986723908049,76.953125
2867,2011-12-15 13:44:18.931702137,-540.2522182128358,266.85805117862714,0.390625,10,-16.029327276890623,30.957361242118527,0.390625
2868,2011-12-15 13:44:30.898268461,-285.70522976846934,-316.09397901456697,49.609375,18,-21.332752407239994,33.24668681807968,49.609375
2869,2011-12-15 13:45:45.892937183,-277.2555372060007,-328.8521884295695,3.515625,9,-21.449167585670498,33.32595469849628,3.515625
2870,2011-12-15 13:45:49.799098969,-266.69342150291504,-323.9451848084147,0.390625,17,-21.406491001089428,33.42851957489247,0.390625
2871,2011-12-15 14:04:19.690383673,115.6551669487889,72.54070778089574,75.390625,16,-17.841556121185803,37.091041193459866,75.390625
2872,2011-12-15 14:04:32.871246099,-284.64901819816083,-312.16837611764305,33.984375,7,-21.297504761351306,33.25751471895589,33.984375
2873,2011-12-15 20:12:34.999387980,-306.8294611746408,-319.0381811872598,0.390625,8,-21.3558511476116,33.0427802743084,0.390625
2874,2011-12-15 21:35:51.170828581,-282.5365950575437,-311.18697539341207,0.390625,10,-21.288981414145738,33.27801274945063,0.390625
2875,2011-12-15 21:54:01.110641956,-100.86820496446886,47.02428895089063,0.390625,7,-18.072796208310713,35.047203376056274,0.390625
2876,2011-12-15 22:56:39.268858433,-115.6551669487889,11.693862878575834,0.390625,8,-18.391201667720964,34.905549472771995,0.390625
2877,2011-12-15 23:30:59.580913067,-270.91826778414935,-308.24277322071924,49.609375,16,-21.264190095879467,33.39032381648146,49.609375
2878,2011-12-16 00:45:16.188689709,-135.72318678465183,22.489270845116465,0.390625,8,-18.2925056322965,34.71639751594433,0.390625
2879,2011-12-16 01:39:17.447222233,-134.66697521434324,-22.655162469507996,0.390625,7,-18.70033083320398,34.72336685633119,0.390625
2880,2011-12-16 02:45:43.832146883,-261.4123636513722,-319.0381811872598,38.671875,9,-21.362989210162755,33.48016090494401,38.671875
2881,2011-12-16 03:03:51.156908989,-107.20547438632032,191.29019541284273,0.390625,9,-16.769172591952206,34.99450799726439,0.390625
2882,2011-12-16 04:00:29.355219841,-49.11383801934871,109.83393530167247,0.390625,9,-17.50710953330761,35.53751816725465,0.390625
2883,2011-12-16 07:49:13.493356943,-115.6551669487889,220.73221713977168,99.609375,10,-16.502773131223176,34.916761925177624,99.609375
2884,2011-12-16 08:46:48.179291010,-389.2139636587097,-144.34885227414787,0.390625,7,-19.765485202506447,32.28818580944305,0.390625
2885,2011-12-16 09:55:14.550513268,-87.1374545504574,66.65230343550995,19.140625,6,-17.896071147087746,35.17771441789327,19.140625
2886,2011-12-16 16:15:11.788403749,-397.6636562211783,-162.9954660345362,49.609375,7,-19.93186410552342,32.20373441348383,49.609375
2887,2011-12-16 17:03:31.200971127,-309.99809588556656,108.85253457744152,1.171875,6,-17.495061195288308,33.08210125882568,1.171875
2888,2011-12-16 17:37:07.453509569,-217.0514776984121,-116.86963199568078,19.140625,7,-19.54396482728965,33.932113463179654,19.140625
2889,2011-12-16 18:05:47.785553217,-157.90362976113187,-26.58076536643186,37.109375,6,-18.734155089034996,34.50282449027559,37.109375
2890,2011-12-16 19:45:40.408653975,-284.64901819816083,-290.57756018456183,14.453125,10,-21.102724555812983,33.26111035416087,14.453125
2891,2011-12-16 20:13:23.077634811,-135.72318678465183,-3.027147984888663,34.765625,20,-18.522979067024806,34.71468806658807,34.765625
2892,2011-12-16 21:19:44.059409380,-255.07509422952074,-151.21865734376462,0.390625,15,-19.849463144892447,33.56539508179379,0.390625
2893,2011-12-16 21:52:22.020167589,-134.66697521434324,40.154483881273855,91.015625,6,-18.133009966257326,34.727544461625,91.015625
2894,2011-12-16 22:32:00.856828690,-249.79403637797793,-148.27445517107174,0.390625,14,-19.823571589467353,33.61616476783407,0.390625
2895,2011-12-17 00:09:50.594158173,-279.36796034661796,-337.6847949476482,24.609375,21,-21.528523968671962,33.30412991412498,24.609375
2896,2011-12-17 03:40:40.329673290,-263.5247867919894,-338.66619567187917,0.390625,8,-21.53977857162806,33.456742625489824,0.390625
2897,2011-12-17 09:50:33.817794561,-162.12847604236617,-56.02278709336086,0.390625,10,-18.999719236382784,34.460351126540004,0.390625
2898,2011-12-17 14:26:27.374747276,-277.2555372060007,-298.42876597840956,26.171875,11,-21.174692471755115,33.3309221702799,26.171875
2899,2011-12-17 14:38:27.932872057,-265.63720993260654,-324.9265855326457,74.609375,7,-21.41550161486274,33.43854149667498,74.609375
2900,2011-12-17 16:59:25.501684904,-217.0514776984121,-93.31601461413757,0.390625,11,-19.33132905661108,33.93480499314941,0.390625
2901,2011-12-17 22:40:48.738552570,-260.35615208106356,-161.0326645860743,5.859375,12,-19.937335819126268,33.51364121223288,5.859375
2902,2011-12-18 00:55:30.454200506,-105.09305124570317,37.21028170858096,0.390625,9,-18.16125050849125,35.00680028461556,0.390625
2903,2011-12-18 01:08:13.391816854,-158.95984133144043,-22.655162469507996,36.328125,6,-18.698621827143967,34.493126598039304,36.328125
2904,2011-12-18 04:12:52.855335474,-150.51014876897187,-38.357574057203465,0.390625,6,-18.84106424873554,34.57201359425625,0.390625
2905,2011-12-18 07:09:06.401057005,-268.80584464353217,-207.15849862492973,5.859375,7,-20.352418310090275,33.42619372444966,5.859375
2906,2011-12-18 07:56:44.224950075,-260.35615208106356,-295.4845638057166,60.546875,13,-21.150615829294196,33.493934705923536,60.546875
2907,2011-12-18 11:09:27.403824568,-155.79120662051469,-13.822555951429296,24.609375,6,-18.619090091910852,34.52384664187853,24.609375
2908,2011-12-18 13:49:22.651621580,-282.5365950575437,-287.6333580118689,50.390625,10,-21.076489811315607,33.28190223662717,50.390625
2909,2011-12-18 17:41:41.061216116,-134.66697521434324,-27.562166090662824,0.390625,9,-18.744651304810716,34.723034077355315,0.390625
2910,2011-12-18 18:10:28.528003454,-308.94188431525794,-331.7963906022624,0.390625,6,-21.470561967468864,33.020107000444156,0.390625
2911,2011-12-18 19:57:08.940190315,-104.0368396753946,-159.06986313761234,21.484375,12,-19.934235008878396,35.00628202729769,21.484375
2912,2011-12-18 21:25:50.056917906,-246.6254016670522,-337.6847949476482,75.390625,10,-21.533329823780218,33.619871111507855,75.390625
2913,2011-12-18 22:01:07.321606159,-273.0306909247665,-308.24277322071924,58.984375,16,-21.263873821765582,33.369991645747845,58.984375
2914,2011-12-18 22:05:13.118009806,-276.1993256356922,-281.7449536664831,49.609375,13,-21.024328523352732,33.343762031158434,49.609375
2915,2011-12-18 23:48:59.606771469,-238.17570910458358,-145.33025299837885,0.390625,6,-19.79844292328203,33.72735179148948,0.390625
2916,2011-12-18 23:59:09.225236654,-202.264515714092,208.9554084490001,0.390625,7,-16.603358861237925,34.104783126132794,0.390625
2917,2011-12-19 00:07:43.957545280,-299.43598018248093,-292.5403616330238,45.703125,12,-21.118072701198827,33.1186210844555,45.703125
2918,2011-12-19 00:18:15.765267134,-298.3797686121723,-313.14977684187403,99.609375,7,-21.30415032867364,33.12517515156914,99.609375
2919,2011-12-19 00:28:53.167646885,-119.88001323002321,37.21028170858096,0.390625,9,-18.16047795143437,34.867072435001475,0.390625
2920,2011-12-19 00:45:34.302936554,-134.66697521434324,-22.655162469507996,0.390625,7,-18.70033083320398,34.72336685633119,0.390625
2921,2011-12-19 00:53:54.546920776,-101.92441653477745,88.2431193685912,0.390625,7,-17.700382013108452,35.039232686579055,0.390625
2922,2011-12-19 00:54:49.616065741,-264.5809983622979,-286.651957287638,75.390625,9,-21.070312714835648,33.45465867217329,75.390625
2923,2011-12-19 01:40:48.020343542,-275.1431140653836,-289.59615946033085,37.109375,13,-21.095322662693462,33.35265797103447,37.109375
2924,2011-12-19 03:16:01.537307501,-83.96881983953166,69.59650560820286,0.390625,11,-17.869596404546517,35.20773154627432,0.390625
2925,2011-12-19 09:13:26.703863144,-211.77041984686923,-103.13002185644726,0.390625,6,-19.420492928719966,33.98393960650087,0.390625
2926,2011-12-19 11:42:04.894941568,-288.8738644793952,-314.131177566105,0.390625,8,-21.31454316031137,33.21651229383208,0.390625
2927,2011-12-19 15:00:56.873694181,-270.91826778414935,289.43026783593933,44.140625,7,-15.869999603161112,33.471199225477,44.140625
2928,2011-12-19 19:37:22.414882421,-271.97447935445797,-226.78651310954905,75.390625,8,-20.52907683368592,33.392891274600075,75.390625
2929,2011-12-19 19:48:37.412420988,-281.4803834872351,-171.8280725526149,0.390625,6,-20.031806918332194,33.3104143815684,0.390625
2930,2011-12-19 20:20:08.400273561,-126.21728265187467,28.377675190502263,0.390625,7,-18.23989955182888,34.80664828934309,0.390625
2931,2011-12-19 21:50:59.074416637,-134.66697521434324,-18.729559572584126,0.390625,7,-18.66487430113997,34.72363240812754,0.390625
2932,2011-12-19 21:59:56.052545309,-276.1993256356922,-274.8751485968664,0.390625,6,-20.962347140031923,33.34485879879888,0.390625
2933,2011-12-19 23:19:09.714265585,-307.88567274494943,-315.112578290336,0.390625,7,-21.320264627000185,33.03332360170761,0.390625
2934,2011-12-19 23:46:49.647828341,-294.15492233093795,-290.57756018456183,75.390625,14,-21.10122286624182,33.16972771079583,75.390625
2935,2011-12-20 01:12:33.076652527,-144.17287934712044,-30.50636826335573,0.390625,8,-18.7706058065268,34.63269941807486,0.390625
2936,2011-12-20 02:18:08.728703737,-283.5928066278522,-315.112578290336,0.390625,9,-21.324231006884375,33.26719046315837,0.390625
2937,2011-12-20 06:08:02.688929558,-283.5928066278522,-294.50316308148575,12.109375,13,-21.1383036367552,33.2706161710098,12.109375
2938,2011-12-20 06:39:02.510485411,-196.98345786254913,-110.98122765029498,0.390625,6,-19.492887597698836,34.12383842741614,0.390625
2939,2011-12-20 09:54:25.433776140,-287.8176529090866,-314.131177566105,24.609375,12,-21.314711240614386,33.22668052424898,24.609375
2940,2011-12-20 10:48:59.968369484,-288.8738644793952,-316.09397901456697,24.609375,12,-21.33224954943231,33.21617817864566,24.609375
2941,2011-12-20 11:18:41.880232334,-269.8620562138408,-321.98238335995273,66.796875,17,-21.388310711021383,33.39830459646576,66.796875
2942,2011-12-20 14:16:12.895295143,-405.0571372133383,-134.5348450318382,75.390625,13,-19.67383754795618,32.13947281128857,75.390625
2943,2011-12-20 16:20:49.455566168,-296.2673454715552,-288.6147587360999,0.390625,8,-21.083176631627182,33.149759609930705,0.390625
2944,2011-12-20 16:37:38.976404190,-277.2555372060007,-318.05678046302893,48.046875,19,-21.351774341816785,33.327726448424414,48.046875
2945,2011-12-20 19:35:59.546460629,-297.3235570418638,-307.26137249648826,98.828125,14,-21.251208094225714,33.13637074610985,98.828125
2946,2011-12-20 20:08:42.790047407,-212.8266314171778,-77.61360302644212,0.390625,14,-19.190016236570035,33.9767248978972,0.390625
2947,2011-12-20 22:49:14.750810385,-147.34151405804613,-38.357574057203465,0.390625,6,-18.841292207540462,34.602069774991556,0.390625
2948,2011-12-20 23:04:58.071619511,-162.12847604236617,-69.7623972325944,0.390625,6,-19.12379793107774,34.45920522336144,0.390625
2949,2011-12-20 23:46:51.944935560,-152.622571909589,-33.45057043604863,19.140625,6,-18.796592731705424,34.55235581525549,19.140625
2950,2011-12-21 00:13:06.731040716,-256.1313057998293,-323.9451848084147,24.609375,7,-21.408022247169065,33.53028710652445,24.609375
2951,2011-12-21 02:21:32.248625040,-262.4685752216808,-289.59615946033085,0.390625,7,-21.09718204170138,33.474516689433166,0.390625
2952,2011-12-21 05:19:21.270685434,-285.70522976846934,-274.8751485968664,30.078125,14,-20.96089982873606,33.25355525612677,30.078125
2953,2011-12-21 16:00:10.079520464,-396.6074446508697,-139.44184865299303,0.390625,6,-19.71977966118724,32.21883304314651,0.390625
2954,2011-12-21 18:42:04.386981010,-240.2881322452007,-348.48020291418885,0.390625,8,-21.631608522101015,33.67944008416685,0.390625
2955,2011-12-21 20:56:31.713854790,-165.29711075329192,-86.44620954452083,0.390625,10,-19.27420579796389,34.427669468153894,0.390625
2956,2011-12-22 00:06:50.588841200,-274.0869024950751,-306.2799717722573,49.609375,15,-21.24600612024964,33.36014147080171,49.609375
2957,2011-12-22 00:42:22.724533081,-251.90645951859506,-169.86527110415295,24.609375,6,-20.01816170262042,33.593069701380166,24.609375
2958,2011-12-22 00:52:54.286430120,-147.34151405804613,-25.599364642200893,1.953125,18,-18.726065428874175,34.603020073552486,1.953125
2959,2011-12-22 02:01:39.827612638,-109.31789752693747,27.396274466271297,0.390625,7,-18.24969354232929,34.96635458465604,0.390625
2960,2011-12-22 15:10:48.277234316,-134.66697521434324,-31.487768987586694,0.390625,6,-18.7801075270434,34.72276718209118,0.390625
2961,2011-12-22 18:45:55.199244261,-134.66697521434324,-6.95275088181253,0.390625,7,-18.55850388182665,34.72442548879719,0.390625
2962,2011-12-22 18:59:01.758627892,-281.4803834872351,-279.78215221802117,97.265625,18,-21.005819729948183,33.293335735491105,97.265625
2963,2011-12-22 19:29:19.386632681,-293.09871076062944,-282.7263543907141,28.515625,6,-21.030566614225723,33.181216663815015,28.515625
2964,2011-12-22 23:18:25.740130663,-270.91826778414935,-146.31165372260978,14.453125,9,-19.803054124779585,33.415005631377966,14.453125
2965,2011-12-23 19:42:39.556994677,-147.34151405804613,-51.11578347220602,0.390625,6,-18.956517516252468,34.601112554229346,0.390625
2966,2011-12-23 20:37:21.728439093,-192.75861158131482,-82.52060664759696,27.734375,9,-19.236327511946318,34.16693780558375,27.734375
2967,2011-12-24 03:07:18.018234968,-164.2408991829833,-58.96698926605376,0.390625,6,-19.02613939984209,34.440048038204395,0.390625
2968,2011-12-24 11:38:55.930202246,-267.74963307322366,-344.55460001726493,37.109375,9,-21.592278302529643,33.41505791957974,37.109375
2969,2011-12-24 17:27:33.168695688,-166.35332232360048,-86.44620954452083,0.390625,6,-19.274119100905015,34.417625465037474,0.390625
2970,2011-12-24 22:02:36.993303299,-261.4123636513722,-163.9768667587672,0.390625,10,-19.963764362479218,33.503143663354194,0.390625
2971,2011-12-25 06:36:35.616898537,-267.74963307322366,-413.2526507134326,50.390625,6,-22.212057384014138,33.40384886668753,50.390625
2972,2011-12-25 12:18:23.149726868,-147.34151405804613,-27.562166090662824,12.109375,8,-18.743792720958666,34.60287432346227,12.109375
2973,2011-12-25 19:59:07.947931528,-145.229090917429,-34.431971160279595,0.390625,6,-18.8059869494385,34.622396403921634,0.390625
2974,2011-12-25 21:26:19.343094349,-161.0722644720576,-71.72519868105633,10.546875,12,-19.14160718098836,34.46907695164572,10.546875
2975,2011-12-25 22:37:51.547168970,-276.1993256356922,-284.68915583917607,60.546875,10,-21.050891818468042,33.34329076355719,60.546875
2976,2011-12-26 00:12:19.700205564,-135.72318678465183,38.19168243281192,0.390625,7,-18.150672987006814,34.7174369824166,0.390625
2977,2011-12-26 00:33:18.836175680,-163.18468761267474,-69.7623972325944,0.390625,6,-19.12371360389608,34.44917019114711,0.390625
2978,2011-12-26 01:16:31.632575274,-275.1431140653836,-317.07537973879795,49.609375,11,-21.34324283645839,33.3482293757214,49.609375
2979,2011-12-26 02:48:47.058225155,-271.97447935445797,-303.33576959956434,66.796875,8,-21.219759847534817,33.38094043816578,66.796875
2980,2011-12-26 03:58:54.471119165,-161.0722644720576,-57.00418781759183,0.390625,6,-19.008665295433822,34.470297730285935,0.390625
2981,2011-12-26 14:42:36.464384079,-270.91826778414935,-298.42876597840956,71.484375,10,-21.175644282645308,33.39188125210118,71.484375
2982,2011-12-26 19:12:18.398967505,-263.5247867919894,-320.0195819114908,51.953125,17,-21.371537330225618,33.459660883718136,51.953125
2983,2011-12-26 22:38:18.846268654,-206.4893619953263,-340.6289971203411,14.453125,9,-21.56498087769365,34.00665692430123,14.453125
2984,2011-12-26 22:43:14.425300360,-259.29994051075505,-309.2241739449502,45.703125,6,-21.27474112910841,33.50200784815539,45.703125
2985,2011-12-26 22:48:02.563994884,-270.91826778414935,-146.31165372260978,50.390625,9,-19.803054124779585,33.415005631377966,50.390625
2986,2011-12-26 23:02:29.863033056,-289.9300760497037,-316.09397901456697,0.390625,18,-21.33208070224963,33.206008831338124,0.390625
2987,2011-12-26 23:19:36.259614468,-105.09305124570317,48.98709039935256,0.390625,6,-18.054864008535414,35.00739956956047,0.390625
2988,2011-12-27 00:55:16.825515985,-134.66697521434324,-24.617963917969927,23.046875,6,-18.718059047664205,34.72323385669195,23.046875
2989,2011-12-27 01:54:30.281260729,-217.0514776984121,-269.9681449757116,37.890625,7,-20.925964415056114,33.9137454303675,37.890625
2990,2011-12-27 01:54:33.892374516,-296.2673454715552,-315.112578290336,49.609375,10,-21.32220208167854,33.14516622372216,49.609375
2991,2011-12-27 03:45:20.947790384,-163.18468761267474,-57.98558854182279,0.390625,6,-19.017361047150374,34.45015933201405,0.390625
2992,2011-12-27 09:05:52.682023764,-276.1993256356922,-282.7263543907141,54.296875,11,-21.03318296539323,33.34360502363796,54.296875
2993,2011-12-27 10:37:17.931038618,-360.69625126037823,476.8778061640539,12.890625,8,-14.16743669179976,32.66051408410579,12.890625
2994,2011-12-27 11:07:34.410179853,-296.2673454715552,-305.2985710480263,5.859375,21,-21.233675036376876,33.14687496325818,5.859375
2995,2011-12-27 15:18:56.040255070,-303.6608264637152,-298.42876597840956,23.046875,13,-21.170490590946716,33.07696383790315,23.046875
2996,2011-12-27 16:08:20.169886351,-151.56636033928044,-33.45057043604863,8.984375,8,-18.796670137242547,34.5623717738882,8.984375
2997,2011-12-27 18:14:58.280101776,-225.50117026088066,-84.4834080960589,2.734375,6,-19.250665118367355,33.855488304182565,2.734375
2998,2011-12-27 21:22:11.331372499,-268.80584464353217,-354.3686072595746,0.390625,6,-21.68066200598836,33.403285697133235,0.390625
2999,2011-12-27 21:30:45.228440762,-319.5040000183437,-311.18697539341207,0.390625,11,-21.282849466584373,32.92223183547659,0.390625
3000,2011-12-27 21:30:51.223013163,-282.5365950575437,-311.18697539341207,19.140625,12,-21.288981414145738,33.27801274945063,19.140625
3001,2011-12-27 21:46:31.000120163,-161.0722644720576,-60.92979071451569,0.390625,6,-19.04411665940157,34.46997318036391,0.390625
3002,2011-12-27 21:50:08.732823849,-211.77041984686923,-81.53920592336598,0.390625,10,-19.22556805650354,33.986329858348164,0.390625
3003,2011-12-28 00:01:25.283017397,-134.66697521434324,-172.8094732768459,37.109375,6,-20.056437843040804,34.712756075842634,37.109375
3004,2011-12-28 00:01:55.861114979,-115.6551669487889,36.22888098434999,0.390625,7,-18.169574244658353,34.9069387979766,0.390625
3005,2011-12-28 00:24:19.094059229,-134.66697521434324,12.6752636028068,65.234375,16,-18.381217119442628,34.72573540821182,65.234375
3006,2011-12-28 02:53:26.032079934,-338.51580828389814,-194.40028920992717,37.890625,7,-20.22625698421944,32.76183499929643,37.890625
3007,2011-12-28 03:23:58.358992577,-282.5365950575437,-277.8193507695593,61.328125,6,-20.98794987179923,33.28350861801767,61.328125
3008,2011-12-28 07:54:01.668026924,-406.1133487836469,-176.73507617376976,0.390625,15,-20.053948455980578,32.12017067812535,0.390625
3009,2011-12-28 08:12:12.355682373,-136.7793983549604,-155.14426024068848,0.390625,10,-19.8967598088093,34.693882935602666,0.390625
3010,2011-12-28 11:07:15.898574114,-259.29994051075505,-335.7219934991862,25.390625,10,-21.51383024874244,33.497941775873656,25.390625
3011,2011-12-28 14:04:37.176101923,-405.0571372133383,-138.46044792876205,0.390625,6,-19.709218123908364,32.138623314212424,0.390625
3012,2011-12-28 19:11:59.049190998,-292.0424991903208,-306.2799717722573,0.390625,6,-21.243211108252535,33.18735578141659,0.390625
3013,2011-12-28 20:29:02.903636932,-158.95984133144043,-21.67376174527703,0.390625,6,-18.68975857541924,34.49320501482791,0.390625
3014,2011-12-28 22:50:53.250430584,-246.6254016670522,-321.98238335995273,16.015625,8,-21.391635716087517,33.622172069288155,16.015625
3015,2011-12-28 22:58:23.315559149,-245.56919009674363,-306.2799717722573,58.984375,7,-21.250081985424643,33.63462120743819,58.984375
3016,2011-12-29 00:29:52.731146336,-152.622571909589,-192.4374877614652,0.390625,8,-20.232345632514807,34.53951587089998,0.390625
3017,2011-12-29 01:03:02.972075701,-165.29711075329192,-53.078584920667964,12.890625,10,-18.972878252818916,34.4305177220817,12.890625
3018,2011-12-29 01:29:32.719259977,-317.39157687772655,-312.16837611764305,50.390625,12,-21.292071125631903,32.94237554249967,50.390625
3019,2011-12-29 05:42:46.414863586,-282.5365950575437,-314.131177566105,52.734375,17,-21.31554244052234,33.27752316022928,52.734375
3020,2011-12-29 11:29:04.195706367,-155.79120662051469,-79.57640447490405,0.390625,6,-19.212921449258143,34.51862472799101,0.390625
3021,2011-12-29 13:25:58.332811594,-144.17287934712044,-47.190180575282156,19.921875,6,-18.92128785957499,34.63147865155834,19.921875
3022,2011-12-29 15:23:07.478430033,56.507319011508734,189.32739396438078,6.640625,10,-16.78867909866524,36.53005895876337,6.640625
3023,2011-12-29 18:19:40.580871820,-303.6608264637152,-310.2055746691812,0.390625,8,-21.27671713546733,33.07486891013581,0.390625
3024,2011-12-29 18:36:49.356932640,-117.76759008940606,-162.9954660345362,43.359375,18,-19.968906839113373,34.87489799697226,43.359375
3025,2011-12-29 19:44:23.772256136,-290.9862876200123,-272.9123471484044,36.328125,18,-20.94236772077495,33.203163765192265,36.328125
3026,2011-12-29 20:38:55.551058531,-269.8620562138408,-334.74059277495525,55.078125,10,-21.503417747925532,33.396261097303515,55.078125
3027,2011-12-29 20:46:19.633543968,-118.82380165971465,-150.23725661953364,30.859375,9,-19.853618298246488,34.8656306962234,30.859375
3028,2011-12-29 21:22:14.921684742,130.44212893310893,58.80109764166223,66.015625,15,-17.964837044353345,37.23136907172629,66.015625
3029,2011-12-30 16:00:52.764928102,-298.3797686121723,-302.3543688753335,0.390625,15,-21.206772020301276,33.1270656667204,0.390625
3030,2011-12-30 20:42:55.523246050,-293.09871076062944,-324.9265855326457,36.328125,15,-21.411245925063717,33.17397164413983,36.328125
3031,2011-12-30 22:58:42.741730690,-287.8176529090866,-299.41016670264054,5.859375,18,-21.181910832093823,33.22916633265609,5.859375
3032,2011-12-30 23:02:43.758468390,-306.8294611746408,-299.41016670264054,0.390625,8,-21.178812825785084,33.046317222324554,0.390625
3033,2011-12-31 00:03:00.717009783,-262.4685752216808,-327.8707877053385,58.984375,9,-21.442530535064165,33.468614684729395,58.984375
3034,2011-12-31 00:37:01.281800032,-158.95984133144043,-41.30177622989636,4.296875,6,-18.867021955716073,34.491628304102335,4.296875
3035,2011-12-31 05:47:56.042875051,-134.66697521434324,5.805458533190035,5.859375,8,-18.44326787313736,34.72527862250262,5.859375
3036,2011-12-31 10:23:09.330542326,-290.9862876200123,-280.76355294225215,0.390625,12,-21.013195324824785,33.20184450770117,0.390625
3037,2011-12-31 11:07:17.466658354,-261.4123636513722,-296.4659645299476,81.640625,9,-21.159320312009875,33.48362580326782,81.640625
3038,2011-12-31 11:26:55.797444820,-276.1993256356922,-310.2055746691812,37.890625,10,-21.28110313303943,33.33917557381087,37.890625
3039,2011-12-31 19:19:53.085425615,-168.4657454642176,-87.42761026875178,0.390625,6,-19.282806341646985,34.39745141880426,0.390625
3040,2011-12-31 22:46:56.973536968,-298.3797686121723,-285.67055656340705,0.390625,7,-21.056275751490798,33.12996627939566,0.390625
3041,2011-12-31 23:17:39.358252048,-181.14028430792052,-83.50200737182791,0.390625,6,-19.246262143156116,34.27729299935971,0.390625
3042,2012-01-01 00:48:57.031308174,-269.8620562138408,-253.2843326637851,38.671875,6,-20.768473483559816,33.40907489612134,38.671875
3043,2012-01-01 01:48:24.716790676,-338.51580828389814,-280.76355294225215,0.390625,6,-21.005069502538348,32.745313762705756,0.390625
3044,2012-01-01 11:09:06.878208399,-288.8738644793952,-320.0195819114908,66.015625,13,-21.367662200840105,33.215508913845284,66.015625
3045,2012-01-02 06:35:42.121615887,-297.3235570418638,-330.81498987803144,25.390625,9,-21.46366881659757,33.132236051774555,25.390625
3046,2012-01-02 07:24:40.917981863,-142.06045620650326,-16.766758124122195,70.703125,7,-18.646657253944234,34.653711066366,70.703125
3047,2012-01-02 10:16:23.164337873,-100.86820496446886,-371.05241957150105,76.953125,8,-21.848782886990456,35.02424862894419,76.953125
3048,2012-01-02 10:16:28.266175747,-281.4803834872351,-315.112578290336,39.453125,10,-21.32456056925163,33.28752922512959,39.453125
3049,2012-01-02 21:26:43.246544838,-293.09871076062944,-313.14977684187403,51.953125,9,-21.30501180374192,33.17600973318268,51.953125
3050,2012-01-02 22:48:27.382795811,-338.51580828389814,-310.2055746691812,0.390625,6,-21.27055466681841,32.739505544662755,0.390625
3051,2012-01-02 22:49:59.377189875,-338.51580828389814,-308.24277322071924,0.390625,6,-21.252855962519224,32.739895571762524,0.390625
3052,2012-01-02 22:58:51.272197485,-135.72318678465183,54.875494744738354,99.609375,12,-17.99997345069994,34.71853102631125,99.609375
3053,2012-01-03 00:23:53.882795811,-338.51580828389814,-310.2055746691812,0.390625,6,-21.27055466681841,32.739505544662755,0.390625
3054,2012-01-03 05:04:04.083909512,-292.0424991903208,-315.112578290336,62.890625,10,-21.32288820798224,33.185839363716894,62.890625
3055,2012-01-03 23:50:19.175828457,-338.51580828389814,-282.7263543907141,0.390625,6,-21.022768819147817,32.74492935419909,0.390625
3056,2012-01-04 02:52:06.700349569,-279.36796034661796,-252.30293193955413,21.484375,6,-20.75821851395512,33.31803987708121,21.484375
3057,2012-01-04 06:55:39.639348745,-305.7732496043323,-289.59615946033085,0.390625,6,-21.090468541760004,33.058223412996185,0.390625
3058,2012-01-04 10:47:59.586415052,-276.1993256356922,-295.4845638057166,18.359375,7,-21.14828977013507,33.34155648569466,18.359375
3059,2012-01-04 19:44:34.819228888,-271.97447935445797,-160.05126386184332,18.359375,11,-19.926892800194192,33.4029163009159,18.359375
3060,2012-01-05 15:16:11.059846401,-258.24372894044643,-326.8893869811075,31.640625,7,-21.434286503559964,33.5094822335921,31.640625
3061,2012-01-05 20:52:13.887759209,-281.4803834872351,-282.7263543907141,0.390625,11,-21.032381982064503,33.292855990427746,0.390625
3062,2012-01-06 19:38:33.425737619,-151.56636033928044,-35.41337188451056,62.890625,7,-18.81439698274317,34.56222117617512,62.890625
3063,2012-01-06 22:41:52.428677320,191.70240001100626,-98.22301823529241,33.984375,12,-19.378207509208497,37.82459400639427,33.984375
3064,2012-01-07 00:08:52.567241430,-290.9862876200123,-189.49328558877227,58.984375,6,-20.189783654683062,33.216844059876074,58.984375
3065,2012-01-07 12:22:28.780523777,-336.4033851432809,-295.4845638057166,0.390625,11,-21.138203069892135,32.76272441416728,0.390625
3066,2012-01-07 12:33:20.770740747,-304.7170380340237,-281.7449536664831,26.171875,11,-21.019825746740604,33.06976262990621,26.171875
3067,2012-01-07 16:51:58.620883703,136.7793983549604,-443.67607316459265,0.390625,8,-22.502032164675907,37.32922882488437,0.390625
3068,2012-01-07 20:49:25.081685781,-338.51580828389814,-309.2241739449502,34.765625,9,-21.261705320164562,32.73970060856771,34.765625
3069,2012-01-08 19:22:09.246937513,-309.99809588556656,-292.5403616330238,25.390625,7,-21.11631460315193,33.01708758715562,25.390625
3070,2012-01-08 19:36:53.826501608,-308.94188431525794,-318.05678046302893,74.609375,10,-21.34663983270365,33.02262047322464,74.609375
3071,2012-01-08 19:37:48.862006426,-309.99809588556656,-291.5589609087928,23.828125,10,-21.107462745065188,33.017264640930584,23.828125
3072,2012-01-08 19:42:44.836658716,-316.33536530741804,-302.3543688753335,55.859375,11,-21.20374364231289,32.95436085402636,55.859375
3073,2012-01-08 19:45:44.803092480,-298.3797686121723,-297.4473652541786,19.140625,7,-21.16250872879097,33.12792144300723,19.140625
3074,2012-01-08 19:46:19.511051416,-264.5809983622979,-321.00098263572175,0.390625,6,-21.380237769740358,33.449333307993165,0.390625
3075,2012-01-08 19:57:01.326754332,-316.33536530741804,-444.6574738888235,99.609375,8,-22.48705963847012,32.92702177499854,99.609375
3076,2012-01-08 19:57:33.023740530,-311.05430745587506,-291.5589609087928,30.078125,11,-21.107283679851065,33.0071124708652,30.078125
3077,2012-01-08 19:58:28.513319492,-307.88567274494943,-293.5217623572548,23.828125,12,-21.125523088350143,33.03721750293808,23.828125
3078,2012-01-08 20:43:49.369966984,-306.8294611746408,-300.3915674268715,74.609375,9,-21.187664843369554,33.04614124195948,74.609375
3079,2012-01-08 23:44:26.117419958,-320.5602115886523,-289.59615946033085,12.890625,6,-21.087942725119103,32.91611361512036,12.890625
3080,2012-01-08 23:53:49.368737221,-135.72318678465183,-104.11142258067824,30.859375,9,-19.43595117103515,34.70766594291596,30.859375
3081,2012-01-09 00:41:10.057615757,-266.69342150291504,-337.6847949476482,77.734375,13,-21.530455053815043,33.42634183684283,77.734375
3082,2012-01-09 00:44:06.285767794,-300.49219175278944,-304.3171703237953,87.890625,12,-21.224129810530442,33.10640053021833,87.890625
3083,2012-01-09 00:44:53.032459020,-283.5928066278522,-321.00098263572175,50.390625,12,-21.37735226212959,33.266204846446385,50.390625
3084,2012-01-09 01:29:09.381288290,-276.1993256356922,-285.67055656340705,52.734375,6,-21.059746229494785,33.3431335109532,52.734375
3085,2012-01-09 01:42:22.085478306,-296.2673454715552,-298.42876597840956,23.828125,15,-21.171705474484227,33.148065836462365,23.828125
3086,2012-01-09 01:55:19.530344248,-303.6608264637152,-292.5403616330238,24.609375,7,-21.117376744556466,33.07800643186041,24.609375
3087,2012-01-09 03:43:13.667391777,-205.43315042501774,-77.61360302644212,0.390625,13,-19.190777919709372,34.04698151513952,0.390625
3088,2012-01-09 09:03:23.758138418,-274.0869024950751,-285.67055656340705,73.046875,14,-21.060062825949565,33.36343738205104,73.046875
3089,2012-01-09 15:26:52.932519674,-192.75861158131482,-81.53920592336598,15.234375,7,-19.227466252447368,34.16703614781686,15.234375
3090,2012-01-09 15:29:56.019626617,-261.4123636513722,-265.0611413545567,48.046875,9,-20.875945858476317,33.488378289120604,48.046875
3091,2012-01-09 20:18:46.401532412,-295.21113390124657,-303.33576959956434,25.390625,18,-21.21614101160009,33.15737650989636,25.390625
3092,2012-01-09 23:56:30.311750889,-278.31174877630934,-300.3915674268715,49.609375,10,-21.19223993196637,33.320443360548516,49.609375
3093,2012-01-20 01:35:14.972729445,-275.1431140653836,-307.26137249648826,32.421875,8,-21.254700854171087,33.34981838353119,32.421875
3094,2012-01-20 02:37:59.175488949,-308.94188431525794,-256.228534836478,0.390625,9,-20.788964309355585,33.03370847268487,0.390625
3095,2012-01-20 23:14:01.178352118,-276.1993256356922,-251.3215312153232,0.390625,8,-20.749835715069782,33.348588873158235,0.390625
3096,2012-01-21 23:29:24.174871922,-243.45676695612644,-325.90798625687665,24.609375,10,-21.427490565342353,33.65213662234453,24.609375
3097,2012-01-22 11:04:44.985265970,-314.2229421668009,-280.76355294225215,55.078125,11,-21.009375332831368,32.97862447378243,55.078125
3098,2012-01-22 22:51:27.787883043,-333.23475043235527,-303.33576959956434,0.390625,11,-21.209582399379332,32.79165250846117,0.390625
3099,2012-01-23 00:12:37.582029343,-240.2881322452007,-276.83795004532834,51.171875,7,-20.985087820317446,33.6895777217761,51.171875
3100,2012-01-23 06:12:16.921242714,-283.5928066278522,-290.57756018456183,35.546875,13,-21.10288837655225,33.27126447444883,35.546875
3101,2012-01-23 10:50:22.745126009,-292.0424991903208,-298.42876597840956,74.609375,7,-21.17238630175651,33.18869779906866,74.609375
3102,2012-01-23 21:16:29.595808029,-296.2673454715552,-343.57319929303395,0.390625,10,-21.578924490168795,33.140160827103145,0.390625
3103,2012-01-23 22:55:17.443414211,-307.88567274494943,-302.3543688753335,0.390625,10,-21.20519070635488,33.03562989688098,0.390625
3104,2012-01-23 23:16:12.667172194,-309.99809588556656,-279.78215221802117,0.390625,6,-21.001239618251226,33.01938213031648,0.390625
3105,2012-01-24 00:52:14.680954695,-303.6608264637152,-299.41016670264054,0.390625,6,-21.1793428615165,33.07678975691161,0.390625
3106,2012-01-24 21:13:15.001538754,-274.0869024950751,-282.7263543907141,98.828125,7,-21.033499125538263,33.3639053016342,98.828125
3107,2012-01-24 21:45:44.441249609,-226.55738183118922,-71.72519868105633,62.890625,11,-19.135372828326755,33.84694782604199,62.890625
3108,2012-01-24 22:48:00.815480232,-259.29994051075505,-330.81498987803144,37.890625,9,-21.46955505592631,33.498699020136904,37.890625
3109,2012-01-25 22:42:13.378810883,-240.2881322452007,-320.0195819114908,0.390625,9,-21.374778031191113,33.68351312844798,0.390625
3110,2012-01-26 23:31:39.638663292,-146.28530248773757,-79.57640447490405,49.609375,6,-19.213629754460722,34.60899330810906,49.609375
3111,2012-01-27 22:09:53.534537791,-233.95086282334927,-163.9768667587672,50.390625,10,-19.967260805040098,33.76528171388802,50.390625
3112,2012-01-27 23:35:53.356851816,-259.29994051075505,-158.08846241338136,19.140625,9,-19.9109062099708,33.524134811848235,19.140625
3113,2012-01-28 01:04:33.345597267,-278.31174877630934,-315.112578290336,0.390625,10,-21.325050308981776,33.31803809661808,0.390625
3114,2012-01-28 04:08:27.308110237,-147.34151405804613,-90.37181244144469,41.015625,8,-19.311047625739295,34.59812360938097,41.015625
3115,2012-01-28 21:50:02.815422535,-232.8946512530407,-162.9954660345362,31.640625,10,-19.958529175595334,33.77548928968837,31.640625
3116,2012-01-29 00:02:51.719913006,-292.0424991903208,-309.2241739449502,76.171875,12,-21.269770236632,33.186851091723035,76.171875
3117,2012-01-29 00:02:54.779767513,-304.7170380340237,-282.7263543907141,25.390625,8,-21.028678117047846,33.06958948042952,25.390625
3118,2012-01-29 19:40:10.257613659,-406.1133487836469,-129.62784141068337,57.421875,7,-19.62939555611031,32.13048538394823,57.421875
3119,2012-01-29 21:37:36.867789507,-312.1105190261837,-272.9123471484044,37.109375,8,-20.938919806612233,33.00032970712522,37.109375
3120,2012-01-29 23:33:01.076728821,-114.59895537848034,13.656664327037765,49.609375,6,-18.37352885140674,34.91565398389062,49.609375
3121,2012-01-30 02:20:38.168697834,-473.7108892833957,208.9554084490001,0.390625,11,-16.56470142083043,31.565274483693543,0.390625
3122,2012-01-30 02:33:19.671104431,-236.0632859639664,-284.68915583917607,42.578125,9,-21.056490140438584,33.729102999290255,42.578125
3123,2012-01-30 20:33:00.906389475,-230.78222811242352,-171.8280725526149,24.609375,6,-20.03850706785286,33.794544477944775,24.609375
3124,2012-01-31 01:51:55.564037085,-269.8620562138408,-314.131177566105,0.390625,8,-21.317474734361504,33.39955535488434,0.390625
3125,2012-01-31 02:32:16.560597181,-264.5809983622979,-332.7777913264934,0.390625,7,-21.486494866743254,33.447485214751595,0.390625
3126,2012-01-31 05:59:38.855680466,-231.8384396827321,-157.10706168915044,23.046875,6,-19.905504419457195,33.786312888407465,23.046875
3127,2012-01-31 13:39:51.098171473,-384.98911737747534,-217.95390659147034,50.390625,6,-20.42981110893829,32.312894566871904,50.390625
3128,2012-02-01 17:18:17.963250875,-384.98911737747534,-126.68363923799045,76.953125,8,-19.607068391712833,32.33204752481617,76.953125
3129,2012-02-01 22:19:40.687448740,-332.17853886204665,-261.1355384576329,0.390625,7,-20.82921735053139,32.8099226661956,0.390625
3130,2012-02-02 01:57:17.820810795,-182.19649587822914,-54.05998564489893,0.390625,10,-18.980311349522342,34.270019648504395,0.390625
3131,2012-02-02 21:41:51.291214705,-304.7170380340237,-268.9867442514806,0.390625,9,-20.904743972599764,33.07200538857757,0.390625
3132,2012-02-03 01:35:33.711758375,-304.7170380340237,-331.7963906022624,44.140625,12,-21.47128307312006,33.06081667496367,44.140625
3133,2012-02-03 16:48:47.111338377,-296.2673454715552,-318.05678046302893,50.390625,12,-21.34875998823603,33.144651879988125,50.390625
3134,2012-02-03 21:12:49.004726171,-167.40953389390904,-162.01406531030523,18.359375,6,-19.956405030757402,34.400846769163344,18.359375
3135,2012-02-04 00:12:12.187519789,-292.0424991903208,-323.9451848084147,0.390625,6,-21.402564449928544,33.18431589061974,0.390625
3136,2012-02-04 03:24:35.704661369,-227.61359340149778,-225.80511238531807,24.609375,6,-20.52609059597291,33.81799952751091,24.609375
3137,2012-02-04 03:40:31.237200260,-163.18468761267474,-90.37181244144469,55.859375,7,-19.309827500189535,34.44742334371234,55.859375
3138,2012-02-04 04:40:43.279234648,-133.61076364403468,-158.08846241338136,0.390625,7,-19.923568113261567,34.723921566318275,0.390625
3139,2012-02-04 12:38:17.369611979,-285.70522976846934,-178.69787762223166,25.390625,12,-20.093173101295623,33.269006199914536,25.390625
3140,2012-02-04 22:46:08.583279133,-284.64901819816083,-320.0195819114908,47.265625,10,-21.3683326671672,33.25619704715815,47.265625
3141,2012-02-05 05:38:05.846040964,-269.8620562138408,-321.98238335995273,28.515625,12,-21.388310711021383,33.39830459646576,28.515625
3142,2012-02-05 21:54:49.002098799,-174.8030148860691,-28.543566814893797,62.890625,7,-18.750530543349164,34.34246583292002,62.890625
3143,2012-02-06 00:30:58.765238762,-262.4685752216808,-173.79087400107682,39.453125,6,-20.05218739828262,33.49165857513088,39.453125
3144,2012-02-06 10:43:07.025071859,-362.80867440099536,-125.70223851375948,69.140625,9,-19.602397449228317,32.54326374470839,69.140625
3145,2012-02-07 06:50:40.303253412,-56.507319011508734,-258.19133628493995,0.390625,9,-20.831486139660107,35.457118818328496,0.390625
3146,2012-02-07 21:39:51.383245230,-160.016052901749,-62.89259216297762,23.828125,6,-19.06192523136696,34.47984203704853,23.828125
3147,2012-02-07 23:57:18.242779732,-307.88567274494943,-293.5217623572548,30.078125,8,-21.125523088350143,33.03721750293808,30.078125
3148,2012-02-08 03:45:05.055186749,-277.2555372060007,-314.131177566105,25.390625,12,-21.316358302155376,33.32836823609248,25.390625
3149,2012-02-08 06:27:32.560624123,-338.51580828389814,-314.131177566105,0.390625,6,-21.30595194343685,32.73872428139762,0.390625
3150,2012-02-08 16:58:11.187734604,-286.76144133877796,-288.6147587360999,15.234375,7,-21.084687853747944,33.241129656373026,15.234375
3151,2012-02-09 01:50:19.106008053,-75.51912727706308,-244.4517261457064,58.203125,7,-20.706720229541904,35.27506907206916,58.203125
3152,2012-02-09 02:37:03.203554630,-255.07509422952074,-162.01406531030523,25.390625,10,-19.94689143725532,33.56390411157124,25.390625
3153,2012-02-09 15:58:48.665642262,-334.2909620026638,-289.59615946033085,25.390625,6,-21.08549103322379,32.78417378510164,25.390625
3154,2012-02-10 03:55:08.897495508,-304.7170380340237,-254.2657333880161,23.046875,7,-20.77195510239244,33.07457434817628,23.046875
3155,2012-02-10 11:53:12.607384682,-303.6608264637152,-290.57756018456183,0.390625,6,-21.099672044245455,33.07835324300104,0.390625
3156,2012-02-11 01:57:39.325394630,-270.91826778414935,-339.64759639611015,41.796875,9,-21.54752969735773,33.38528569761679,41.796875
3157,2012-02-11 11:18:58.589346409,-134.66697521434324,-57.98558854182279,44.140625,8,-19.019433404529455,34.72094996780045,44.140625
3158,2012-02-11 12:52:14.272951603,-256.1313057998293,-329.83358915380046,76.171875,7,-21.46115411597695,33.52939247545141,76.171875
3159,2012-02-11 22:50:56.333358765,-317.39157687772655,-293.5217623572548,0.390625,6,-21.12389909870624,32.94583909784518,0.390625
3160,2012-02-12 15:37:00.837795734,-192.75861158131482,-193.4188884856962,91.796875,6,-20.23759066598135,34.155473068040926,91.796875
3161,2012-02-12 15:44:29.585004091,-406.1133487836469,-148.27445517107174,0.390625,6,-19.797450773043035,32.126434349598235,0.390625
3162,2012-02-12 19:09:20.962002039,-209.65799670625205,-118.83243344414271,49.609375,11,-19.56247752444742,34.00230176380441,49.609375
3163,2012-02-12 20:09:56.632014036,-269.8620562138408,-306.2799717722573,0.390625,8,-21.24663809180229,33.40080096147698,0.390625
3164,2012-02-12 21:50:39.516167402,-315.2791537371094,-299.41016670264054,8.984375,8,-21.177372613390386,32.96506179910932,8.984375
3165,2012-02-12 23:05:06.694827318,-345.90928927605813,-283.7077551149451,28.515625,9,-21.030242798789775,32.67372881943824,28.515625
3166,2012-02-13 00:51:31.995685101,-298.3797686121723,-136.49764648030015,23.046875,7,-19.710529098149035,33.154780765080716,23.046875
3167,2012-02-13 19:05:18.214627266,-288.8738644793952,-277.8193507695593,15.234375,9,-20.98696737532245,33.22263146975602,15.234375
3168,2012-02-13 21:44:02.903472185,-320.5602115886523,-296.4659645299476,0.390625,6,-21.149899821821112,32.91483155202684,0.390625
3169,2012-02-13 22:21:21.092332840,-51.226261159965865,68.61510488397188,51.953125,6,-17.879473703177432,35.51663180201391,51.953125
3170,2012-02-14 00:26:00.030956030,-321.6164231589609,-292.5403616330238,0.390625,6,-21.114310617839127,32.90541304263151,0.390625
3171,2012-02-14 01:25:04.174001694,-209.65799670625205,-123.73943706529755,49.609375,8,-19.606777816423456,34.00175519423182,49.609375
3172,2012-02-14 04:07:19.861871243,-259.29994051075505,-166.92106893146007,33.203125,10,-19.99061732921537,33.522890777897274,33.203125
3173,2012-02-14 10:59:53.693527937,-314.2229421668009,-277.8193507695593,0.390625,6,-20.982820332791743,32.979159215702026,0.390625
3174,2012-02-15 00:24:00.948197126,-128.3297057924918,-4.008548709119629,24.609375,8,-18.5323065912767,34.78463046107535,24.609375
3175,2012-02-15 01:25:32.095077276,-259.29994051075505,-329.83358915380046,0.390625,7,-21.460699986190505,33.498850235750716,0.390625
3176,2012-02-15 02:22:28.435061693,-311.05430745587506,-281.7449536664831,0.390625,6,-21.018765334235958,33.00888394916164,0.390625
3177,2012-02-15 18:08:12.440565825,-270.91826778414935,-292.5403616330238,76.171875,7,-21.1225162975205,33.3928118498759,76.171875
3178,2012-02-15 19:51:24.425581455,-279.36796034661796,-285.67055656340705,99.609375,7,-21.059266792881076,33.31267841526813,99.609375
3179,2012-02-16 01:36:04.430296421,0.5281057851542873,-413.2526507134326,0.390625,7,-22.232776127113574,36.00512262639691,0.390625
3180,2012-02-16 23:18:08.286399841,-255.07509422952074,-355.3500079838056,16.796875,7,-21.691539803441312,33.535680746202374,16.796875
3181,2012-02-16 23:20:47.450574636,-338.51580828389814,-312.16837611764305,0.390625,6,-21.288253327135198,32.739115114613675,0.390625
3182,2012-02-17 17:53:56.065568447,-260.35615208106356,-319.0381811872598,5.859375,11,-21.3631416801314,33.49033464950719,5.859375
3183,2012-02-17 21:24:21.920301914,-244.512978526435,-146.31165372260978,50.390625,6,-19.80652168317953,33.66678998682877,50.390625
3184,2012-02-17 22:24:32.112308025,-290.9862876200123,-262.11693918186387,8.203125,7,-20.844978677210683,33.20496878114147,8.203125
3185,2012-02-18 01:54:08.320466042,-262.4685752216808,-343.57319929303395,58.984375,9,-21.584207405095754,33.466158837290344,58.984375
3186,2012-02-18 03:49:37.685683966,-66.01322314428592,-264.0797406303257,43.359375,7,-20.884354388724784,35.36557389980656,43.359375
3187,2012-02-20 05:54:47.669975758,-266.69342150291504,-321.98238335995273,19.140625,8,-21.38878168378796,33.42882940258083,19.140625
3188,2012-02-20 22:58:21.588798761,-149.4539371986633,-100.18581968375437,48.046875,9,-19.399521674474688,34.57726115623088,48.046875
3189,2012-02-23 15:36:35.172037840,-270.91826778414935,-308.24277322071924,25.390625,7,-21.264190095879467,33.39032381648146,25.390625
3190,2012-02-24 00:18:24.615962267,-243.45676695612644,-130.60924213491433,62.890625,6,-19.664924867624073,33.67891206729869,62.890625
3191,2012-02-24 01:31:06.878821850,-338.51580828389814,-315.112578290336,0.390625,6,-21.31480123507177,32.738528713533874,0.390625
3192,2012-02-24 10:29:56.584197283,-259.29994051075505,-319.0381811872598,0.390625,8,-21.36329353467695,33.50050848415938,0.390625
3193,2012-02-24 19:27:03.510761023,-269.8620562138408,-289.59615946033085,75.390625,6,-21.09610802412075,33.40343082054416,75.390625
3194,2012-02-25 00:10:05.085781336,-343.796866135441,-273.8937478726354,0.390625,8,-20.94214645376786,32.695965099992975,0.390625
3195,2012-02-25 00:35:46.267282724,-276.1993256356922,-170.84667182838393,8.984375,6,-20.023710950720385,33.36098311865121,8.984375
3196,2012-02-25 12:52:12.118585110,-384.98911737747534,-127.66503996222143,76.171875,8,-19.615915584206963,32.33184663385948,76.171875
3197,2012-02-25 21:26:32.493669748,-238.17570910458358,-236.60052035185868,6.640625,6,-20.622218962473838,33.715355732570146,6.640625
3198,2012-02-27 00:28:38.308040857,-194.871034721932,-272.9123471484044,5.859375,6,-20.95501440480257,34.12651766389212,5.859375
3199,2012-02-27 03:01:08.863973141,-115.6551669487889,-215.00970441877746,58.203125,8,-20.43878315184827,34.89175688957157,58.203125
3200,2012-02-27 15:12:56.646247625,-285.70522976846934,-287.6333580118689,69.140625,7,-21.07599902524081,33.2514452778141,69.140625
3201,2012-02-28 00:46:11.915262938,-252.96267108890362,-161.0326645860743,24.609375,6,-19.93830979138056,33.58420013683095,24.609375
3202,2012-02-28 19:04:34.886510134,-168.4657454642176,-94.29741533836855,62.109375,6,-19.344842116819375,34.396846670405,62.109375
3203,2012-02-29 01:41:57.259053230,-211.77041984686923,-164.95826748299817,51.953125,6,-19.978662042990063,33.97693415590444,51.953125
3204,2012-02-29 14:19:02.700594425,-270.91826778414935,-298.42876597840956,16.796875,10,-21.175644282645308,33.39188125210118,16.796875
3205,2012-02-29 21:18:29.130315304,-257.1875173701379,-165.9396682072291,25.390625,7,-19.98204124118856,33.543194354637905,25.390625
3206,2012-02-29 22:51:05.149188042,-338.51580828389814,-277.8193507695593,0.390625,6,-20.978520446090332,32.74588962606082,0.390625
3207,2012-02-29 23:25:58.943880320,-299.43598018248093,-252.30293193955413,60.546875,6,-20.75510486710027,33.12556154671972,60.546875
3208,2012-03-01 04:47:10.994660139,-270.91826778414935,-319.0381811872598,1.171875,7,-21.361589290188448,33.38860131792387,1.171875
3209,2012-03-02 00:59:06.852140427,-265.63720993260654,-308.24277322071924,0.390625,6,-21.264970068623594,33.44115587232361,0.390625
3210,2012-03-02 01:00:27.769302845,-223.38874712026347,-286.651957287638,50.390625,7,-21.07579165742363,33.85070906554575,50.390625
3211,2012-03-02 02:29:56.359066010,-331.12232729173815,-268.9867442514806,0.390625,7,-20.900209507599122,32.81856323013135,0.390625
3212,2012-03-02 10:39:47.059089899,-337.4595967135895,-267.02394280301866,12.890625,6,-20.881365664328953,32.75812782935359,12.890625
3213,2012-03-05 12:52:48.751266718,-368.0897322525382,-124.7208377895285,77.734375,6,-19.592576661207126,32.49320901536202,77.734375
3214,2012-03-06 03:53:55.896770000,-114.59895537848034,-239.54472252455162,77.734375,7,-20.66041905991244,34.900292500025934,77.734375
3215,2012-03-06 06:21:23.398549318,-265.63720993260654,-175.75367544953878,45.703125,6,-20.0694678228468,33.461113813034984,45.703125
3216,2012-03-07 03:33:44.868526220,-269.8620562138408,-275.85654932109736,0.390625,7,-20.972139847733555,33.40557923148191,0.390625
3217,2012-03-08 22:43:30.463457346,-338.51580828389814,-280.76355294225215,0.390625,6,-21.005069502538348,32.745313762705756,0.390625
3218,2012-03-08 22:56:02.636938810,-341.6844429948239,-277.8193507695593,5.859375,7,-20.977936112532085,32.71546757509782,5.859375
3219,2012-03-09 00:33:47.257829189,-202.264515714092,-296.4659645299476,26.171875,8,-21.166831103020503,34.052701943315306,26.171875
3220,2012-03-10 01:10:38.455708981,-143.11666777681182,-62.89259216297762,71.484375,10,-19.063178181631844,34.64035128152594,71.484375
3221,2012-03-10 01:29:32.538304806,-303.6608264637152,-289.59615946033085,13.671875,6,-21.090819678198645,33.078526513646544,13.671875
3222,2012-03-10 13:11:47.516931057,-406.1133487836469,-138.46044792876205,30.859375,7,-19.709001150686024,32.128571661515146,30.859375
3223,2012-03-11 10:28:29.663590431,-414.56304134611554,-167.90246965569105,24.609375,6,-19.972565158476122,32.04158358540232,24.609375
3224,2012-03-11 12:52:39.295809984,-368.0897322525382,-125.70223851375948,76.171875,6,-19.60142543656575,32.49301709353377,76.171875
3225,2012-03-11 21:21:29.054924726,-340.62823142451526,-312.16837611764305,0.390625,6,-21.287858089458997,32.71879159243125,0.390625
3226,2012-03-12 01:45:11.013215542,-222.3325355499549,-165.9396682072291,31.640625,8,-19.986341583254177,33.87596498056322,31.640625
3227,2012-03-12 04:08:23.649786472,-287.8176529090866,-302.3543688753335,31.640625,7,-21.208471103085735,33.22867071210542,31.640625
3228,2012-03-12 21:03:35.449440718,-315.2791537371094,-282.7263543907141,0.390625,6,-21.026897870647772,32.96812116311881,0.390625
3229,2012-03-13 14:29:41.594516754,-142.06045620650326,-241.50752397301352,61.328125,8,-20.67626204130424,34.63666069106488,61.328125
3230,2012-03-13 23:27:11.886949062,-243.45676695612644,-146.31165372260978,25.390625,10,-19.806653016082052,33.6768624477689,25.390625
3231,2012-03-14 00:23:50.320082426,-303.6608264637152,-307.26137249648826,30.859375,6,-21.25016064313362,33.07539386119916,30.859375
3232,2012-03-15 02:00:50.865758896,-374.4270016743896,-124.7208377895285,82.421875,11,-19.591392393771212,32.43292030493752,82.421875
3233,2012-03-15 03:28:48.415803671,-297.3235570418638,-290.57756018456183,24.609375,7,-21.1007113838241,33.13926863349012,24.609375
3234,2012-03-15 17:36:02.430450201,-280.4241719169266,-313.14977684187403,0.390625,9,-21.307016811695338,33.29802296484253,0.390625
3235,2012-03-15 21:23:19.162813663,-247.68161323736075,-331.7963906022624,0.390625,8,-21.480049520756413,33.61055333685307,0.390625
3236,2012-03-16 02:49:59.609506369,-319.5040000183437,-298.42876597840956,6.640625,6,-21.167786867182215,32.92461979736633,6.640625
3237,2012-03-16 11:27:38.204655886,-265.63720993260654,-209.12130007339164,39.453125,6,-20.37057454024017,33.45622040403868,39.453125
3238,2012-03-16 20:38:27.427718639,-338.51580828389814,-256.228534836478,0.390625,9,-20.783824386077384,32.75008521152354,0.390625
3239,2012-03-17 00:54:54.347433329,-299.43598018248093,-312.16837611764305,0.390625,7,-21.29512375378732,33.11518145934015,0.390625
3240,2012-03-17 00:54:59.701357365,-203.32072728440062,-266.0425420787877,27.734375,6,-20.89209017642324,34.04612189405165,27.734375
3241,2012-03-17 18:58:52.373216629,-268.80584464353217,-183.6048812433865,50.390625,7,-20.13987813762078,33.429694535116106,50.390625
3242,2012-03-18 04:01:20.186370611,-237.119497534275,-149.25585589530272,25.390625,6,-19.834003986135407,33.736922637528934,25.390625
3243,2012-03-18 22:49:23.395615816,-302.60461489340656,-280.76355294225215,0.390625,6,-21.011321846055257,33.090228226640804,0.390625
3244,2012-03-19 21:33:39.795749664,-338.51580828389814,-245.43312686993738,6.640625,8,-20.68647439863888,32.75216496948333,6.640625
3245,2012-03-19 21:58:59.393027306,-332.17853886204665,-294.50316308148575,0.390625,9,-21.13012525430511,32.80352269555724,0.390625
3246,2012-03-19 22:47:42.149013519,-330.0661157214295,-297.4473652541786,0.390625,8,-21.157058172916383,32.82325979937987,0.390625
3247,2012-03-21 02:31:29.118110657,-330.0661157214295,-237.58192107608966,13.671875,7,-20.617176468896652,32.83460735107988,13.671875
3248,2012-03-21 03:00:55.644659996,-248.7378248076693,-164.95826748299817,25.390625,11,-19.974283579766396,33.62399078380068,25.390625
3249,2012-03-21 08:06:21.197328329,-152.622571909589,-53.078584920667964,67.578125,8,-18.973858832813736,34.55083171390814,67.578125
3250,2012-03-21 19:35:22.281854153,-149.4539371986633,-81.53920592336598,44.921875,10,-19.231124776725835,34.57871758251721,44.921875
3251,2012-03-21 21:54:01.838540792,-274.0869024950751,-307.26137249648826,0.390625,9,-21.254860448623113,33.35998362692991,0.390625
3252,2012-03-21 22:53:47.510708570,-338.51580828389814,-279.78215221802117,0.390625,6,-20.996219827922747,32.74550581705145,0.390625
3253,2012-03-22 02:47:14.370456696,-265.63720993260654,-323.9451848084147,30.078125,10,-21.406646901147738,33.43869591827819,30.078125
3254,2012-03-22 22:46:49.603835344,-338.51580828389814,-283.7077551149451,0.390625,8,-21.031618461133462,32.74473699998475,0.390625
3255,2012-03-23 02:24:44.443470001,-330.0661157214295,-243.47032542147548,50.390625,9,-20.67028135347183,32.833507185981404,50.390625
3256,2012-03-23 07:48:42.210401535,-344.8530777057495,-272.9123471484044,0.390625,9,-20.93310042221058,32.686022178890916,0.390625
3257,2012-03-24 00:08:03.597738266,-330.0661157214295,-289.59615946033085,0.390625,7,-21.086256297760897,32.82476863001538,0.390625
3258,2012-03-24 00:14:05.150970697,-266.69342150291504,-185.5676826918484,44.921875,6,-20.15788379637278,33.4495905949499,44.921875
3259,2012-03-24 03:31:43.089942455,-286.76144133877796,-281.7449536664831,13.671875,7,-21.022712184255045,33.24227235546231,13.671875
3260,2012-03-24 14:30:59.926907539,-325.84126944019516,-305.2985710480263,0.390625,6,-21.228620482582105,32.86237986515133,0.390625
3261,2012-03-25 17:38:11.635409594,-168.4657454642176,-66.8181950599015,23.046875,7,-19.09669638719543,34.39925174489387,23.046875
3262,2012-03-25 22:58:23.704409122,-330.0661157214295,-289.59615946033085,0.390625,8,-21.086256297760897,32.82476863001538,0.390625
3263,2012-03-25 22:59:39.499163389,-323.72884629957804,-290.57756018456183,0.390625,6,-21.09623682306225,32.885479619132255,0.390625
3264,2012-03-26 00:28:44.704929590,-259.29994051075505,-171.8280725526149,23.828125,8,-20.034900942861103,33.52219704591429,23.828125
3265,2012-03-26 03:15:19.653638363,-337.4595967135895,-266.0425420787877,0.390625,8,-20.872515748872928,32.758317895861204,0.390625
3266,2012-03-26 03:57:07.745516300,-270.91826778414935,-307.26137249648826,25.390625,7,-21.255335561251517,33.39047992274378,25.390625
3267,2012-03-26 22:09:57.990534306,-261.4123636513722,-319.0381811872598,1.171875,10,-21.362989210162755,33.48016090494401,1.171875
3268,2012-03-27 01:58:31.539600372,-263.5247867919894,-320.0195819114908,50.390625,9,-21.371537330225618,33.459660883718136,50.390625
3269,2012-03-28 02:00:35.890950680,-304.7170380340237,-286.651957287638,24.609375,7,-21.064087492530494,33.06889598168315,24.609375
3270,2012-03-28 07:53:30.833750486,-256.1313057998293,-328.8521884295695,12.109375,6,-21.45229883038322,33.529541772386565,12.109375
3271,2012-03-29 21:31:55.899337769,-219.16390083902922,-275.85654932109736,49.609375,6,-20.978863563267453,33.892707233298104,49.609375
3272,2012-03-30 00:05:43.462841272,-169.52195703452622,-88.40901099298276,62.109375,6,-19.29158018301542,34.387320249219954,62.109375
3273,2012-03-31 13:53:55.333229780,-289.9300760497037,-284.68915583917607,75.390625,7,-21.048775876740436,33.211332747610236,75.390625
3274,2012-04-01 19:26:17.678690672,-304.7170380340237,-315.112578290336,83.984375,7,-21.320800383546565,33.06382487931957,83.984375
3275,2012-04-02 02:49:18.904880762,-144.17287934712044,-183.6048812433865,88.671875,6,-20.153239172809545,34.621057196248366,88.671875
3276,2012-04-02 05:54:40.819679022,-342.7406545651324,-274.8751485968664,0.390625,6,-20.951192055161506,32.705909224646824,0.390625
3277,2012-04-03 03:24:51.247106075,-102.98062810508601,-238.56332180032064,99.609375,7,-20.652230603450725,35.01182768756102,99.609375
3278,2012-04-03 10:06:07.948137999,-315.2791537371094,-316.09397901456697,32.421875,6,-21.32784425465773,32.961975387935645,32.421875
3279,2012-04-03 18:28:57.634732008,-202.264515714092,-291.5589609087928,49.609375,7,-21.122537349427677,34.05328092538085,49.609375
3280,2012-04-03 18:51:55.067525387,-280.4241719169266,-289.59615946033085,24.609375,8,-21.094522132894095,33.30188748191196,24.609375
3281,2012-04-03 18:57:28.672594547,-232.8946512530407,-295.4845638057166,33.984375,7,-21.15432317158265,33.7581039544794,33.984375
3282,2012-04-03 22:31:08.931532145,-298.3797686121723,-259.17273700917093,74.609375,7,-20.81724601992395,33.134520749992134,74.609375
3283,2012-04-03 22:35:20.269646645,-158.95984133144043,-73.68800012951826,75.390625,6,-19.159498865629953,34.488988022636605,75.390625
3284,2012-04-03 22:38:36.250136613,-160.016052901749,-73.68800012951826,73.828125,6,-19.159416014438843,34.47895069260177,73.828125
3285,2012-04-03 23:09:27.859756231,-312.1105190261837,-280.76355294225215,47.265625,6,-21.009734675080942,32.99891511180184,47.265625
3286,2012-04-03 23:10:05.997746468,-284.64901819816083,-292.5403616330238,37.890625,8,-21.120432056485754,33.260785168655254,37.890625
3287,2012-04-04 00:06:47.659870386,-342.7406545651324,-274.8751485968664,0.390625,8,-20.951192055161506,32.705909224646824,0.390625
3288,2012-04-04 01:22:30.674134731,-315.2791537371094,-306.2799717722573,62.890625,8,-21.23933190122366,32.96379420658333,62.890625
3289,2012-04-04 02:27:43.182113647,-202.264515714092,-286.651957287638,59.765625,6,-21.078243349348188,34.05385840696443,59.765625
3290,2012-04-04 03:33:06.464163780,-271.97447935445797,-316.09397901456697,12.890625,8,-21.334867591676016,33.378901065103626,12.890625
3291,2012-04-04 05:41:07.474179029,-265.63720993260654,-323.9451848084147,0.390625,6,-21.406646901147738,33.43869591827819,0.390625
3292,2012-04-04 11:41:55.639553785,-237.119497534275,-317.07537973879795,48.828125,6,-21.348627112408963,33.71445403887551,48.828125
3293,2012-04-04 18:57:47.582894325,-153.67878347989756,-102.1486211322163,66.015625,6,-19.416927962896935,34.53689346061379,66.015625
3294,2012-04-04 22:52:42.246373892,-205.43315042501774,-301.3729681511025,50.390625,7,-21.210769909550386,34.02162006088222,50.390625
3295,2012-04-04 23:41:17.637787342,-335.3471735729724,-287.6333580118689,25.390625,6,-21.06759850565646,32.77440757700153,25.390625
3296,2012-04-05 06:27:28.208173275,-279.36796034661796,-306.2799717722573,0.390625,7,-21.2452023973894,33.309319236105736,0.390625
3297,2012-04-05 21:28:10.473097563,-282.5365950575437,-299.41016670264054,12.890625,8,-21.182736365097774,33.2799635352437,12.890625
3298,2012-04-05 23:21:30.094888926,-203.32072728440062,-264.0797406303257,5.859375,6,-20.87437220284734,34.04635114586345,5.859375
3299,2012-04-05 23:55:24.096483707,-324.78505786988666,-291.5589609087928,48.046875,8,-21.104900656166212,32.87514410328114,48.046875
3300,2012-04-06 01:14:06.409549475,-356.471404979144,-276.83795004532834,0.390625,7,-20.9662894788207,32.57371391594258,0.390625
3301,2012-04-06 07:47:39.885701895,-217.0514776984121,-272.9123471484044,66.796875,7,-20.952539019636653,33.91337713294284,66.796875
3302,2012-04-06 19:48:13.667847872,-333.23475043235527,-271.93094642417344,25.390625,6,-20.92638123468055,32.7977265550605,25.390625
3303,2012-04-06 23:35:45.697375298,-338.51580828389814,-279.78215221802117,0.390625,6,-20.996219827922747,32.74550581705145,0.390625
3304,2012-04-07 01:24:30.549767494,-276.1993256356922,-304.3171703237953,0.390625,8,-21.227978069043925,33.340130156194284,0.390625
3305,2012-04-07 20:32:52.392145395,-307.88567274494943,-280.76355294225215,47.265625,8,-21.010446119101612,33.03949766623803,47.265625
3306,2012-04-08 01:08:07.654733658,-127.27349422218323,60.76389909012416,0.390625,7,-17.947294379085807,34.798657611291404,0.390625
3307,2012-04-08 04:59:05.788263798,-166.35332232360048,-91.35321316567564,59.765625,6,-19.31843089204658,34.41719937966575,59.765625
3308,2012-04-09 00:41:05.916138887,-378.65184795562385,-280.76355294225215,0.390625,7,-20.997257212693896,32.35998011656107,0.390625
3309,2012-04-09 01:21:02.539820910,-247.68161323736075,-160.05126386184332,43.359375,6,-19.930130818959313,33.634733802111064,43.359375
3310,2012-04-10 00:54:38.890841961,-329.0099041511209,-292.5403616330238,51.171875,7,-21.112997146279845,32.83435434568513,51.171875
3311,2012-04-12 00:52:59.698446512,-282.5365950575437,-291.5589609087928,16.015625,8,-21.111905496029348,33.281257343139295,16.015625
3312,2012-04-12 01:02:00.096972704,-251.90645951859506,-160.05126386184332,41.796875,6,-19.929589369499965,33.594414474035986,41.796875
3313,2012-04-12 05:11:23.232530117,-275.1431140653836,-300.3915674268715,0.390625,8,-21.192720846342755,33.35092581402706,0.390625
3314,2012-04-15 21:36:12.269539118,-245.56919009674363,-327.8707877053385,69.140625,7,-21.444915755370953,33.63149190810615,69.140625
3315,2012-04-15 23:41:44.057788849,-268.80584464353217,-327.8707877053385,69.921875,7,-21.44159529155929,33.40754165427801,69.921875
3316,2012-04-16 01:02:09.479727268,-267.74963307322366,-327.8707877053385,69.921875,8,-21.441752709996507,33.41772026174488,69.921875
3317,2012-04-18 01:28:40.478483915,-338.51580828389814,-276.83795004532834,50.390625,7,-20.969670738881753,32.74608138077775,50.390625
3318,2012-04-18 02:13:24.489638329,-188.53376530008052,-292.5403616330238,0.390625,6,-21.13286349487718,34.18527436501415,0.390625
3319,2012-04-19 00:15:12.246731043,-338.51580828389814,-274.8751485968664,43.359375,7,-20.95197129190039,32.746464590769115,43.359375
3320,2012-04-19 14:10:22.339064360,-320.5602115886523,-289.59615946033085,26.953125,6,-21.087942725119103,32.91611361512036,26.953125
3321,2012-04-19 21:36:47.272642851,-320.5602115886523,-290.57756018456183,58.984375,7,-21.09679377118603,32.91593074812721,58.984375
3322,2012-04-19 21:46:42.688491583,-263.5247867919894,-169.86527110415295,48.828125,6,-20.01661824077736,33.4821366853875,48.828125
3323,2012-04-19 22:03:34.983198404,-134.66697521434324,-162.9954660345362,20.703125,6,-19.96780979025854,34.71347691328192,20.703125
3324,2012-04-20 01:19:49.399115324,-332.17853886204665,-289.59615946033085,18.359375,6,-21.085874876152293,32.80447097982517,18.359375
3325,2012-04-20 02:25:05.202407598,-338.51580828389814,-306.2799717722573,20.703125,6,-21.23515721427041,32.74028519613039,20.703125
3326,2012-04-22 23:08:04.001396418,-304.7170380340237,-237.58192107608966,30.859375,7,-20.62145820602312,33.07746153164067,30.859375
3327,2012-04-23 01:34:39.896286011,-175.85922645637766,-118.83243344414271,56.640625,6,-19.56575450038363,34.32423636237472,56.640625
3328,2012-04-24 02:37:12.614395380,-276.1993256356922,-296.4659645299476,0.390625,7,-21.15714406715314,33.34139833276406,0.390625
3329,2012-04-25 03:20:36.851778030,-161.0722644720576,-163.9768667587672,15.234375,6,-19.974663743008094,34.46119395222114,15.234375
3330,2012-04-26 01:28:13.434429169,-337.4595967135895,-293.5217623572548,52.734375,6,-21.120309283940628,32.75295843067437,52.734375
3331,2012-04-26 18:29:20.042265892,-312.1105190261837,-248.37732904263027,0.390625,9,-20.717618981046382,33.004712429982256,0.390625
3332,2012-04-26 20:59:02.351813555,-268.80584464353217,-337.6847949476482,50.390625,7,-21.530139411158494,33.405972238484225,50.390625
3333,2012-04-28 00:44:06.042950869,-304.7170380340237,-315.112578290336,89.453125,6,-21.320800383546565,33.06382487931957,89.453125
3334,2012-04-28 00:46:03.641117811,-202.264515714092,-293.5217623572548,34.765625,6,-21.140254880467605,34.05304951272535,34.765625
3335,2012-04-28 15:37:03.891643047,-260.35615208106356,-166.92106893146007,37.890625,7,-19.990476071061504,33.51280781769679,37.890625
3336,2012-04-28 23:47:46.461547136,-173.74680331576053,-74.66940085374924,73.046875,6,-19.167151264025513,34.34838198910466,73.046875
3337,2012-04-30 00:27:36.434573412,-128.3297057924918,-98.22301823529241,43.359375,6,-19.38325704474959,34.7784504593906,43.359375
3338,2012-04-30 12:21:05.352449179,-278.31174877630934,-275.85654932109736,24.609375,8,-20.970884100357683,33.324410824218646,24.609375
3339,2012-05-03 20:00:13.365180731,-226.55738183118922,-100.18581968375437,52.734375,6,-19.39229795768544,33.84358955388715,52.734375
3340,2012-05-06 22:09:28.235833883,-137.83560992526895,-36.39477260874153,84.765625,6,-18.824219246676126,34.69237803959275,84.765625
3341,2012-05-08 19:04:51.266759634,-263.5247867919894,-322.9637840841837,19.140625,7,-21.398101986479727,33.4592019997079,19.140625
3342,2012-05-09 01:28:53.531920195,-339.57201985420676,-246.41452759416836,0.390625,6,-20.695133132357427,32.741854482650346,0.390625
3343,2012-05-09 18:59:30.012387753,-248.7378248076693,-309.2241739449502,20.703125,7,-21.276219082254983,33.603690182512985,20.703125
3344,2012-05-09 22:23:46.864298105,-335.3471735729724,-287.6333580118689,26.171875,6,-21.06759850565646,32.77440757700153,26.171875
3345,2012-05-10 22:12:48.119612455,-323.72884629957804,-290.57756018456183,41.015625,6,-21.09623682306225,32.885479619132255,41.015625
3346,2012-05-11 19:29:32.613606930,-210.7142082765606,-307.26137249648826,45.703125,6,-21.263315767456813,33.970058129323085,45.703125
3347,2012-05-11 21:07:30.952596903,-204.37693885470918,-270.9495456999426,31.640625,6,-20.936268377868036,34.03539921279603,31.640625
3348,2012-05-11 21:26:38.694445372,-240.2881322452007,-299.41016670264054,62.109375,6,-21.188791967412246,33.6864248381605,62.109375
3349,2012-05-11 23:05:57.409036398,-312.1105190261837,-292.5403616330238,44.921875,6,-21.115955701807323,32.99678215290518,44.921875
3350,2012-05-12 20:17:13.904024839,-270.91826778414935,-315.112578290336,48.828125,7,-21.326171547130762,33.38922881238801,48.828125
3351,2012-05-14 03:40:53.979135990,-212.8266314171778,-303.33576959956434,68.359375,6,-21.22763710921991,33.95020789126084,68.359375
3352,2012-05-14 09:40:26.005919456,-352.2465586979096,-284.68915583917607,61.328125,8,-21.037888576743843,32.61266906093715,61.328125
3353,2012-05-14 23:22:53.387409449,-329.0099041511209,-238.56332180032064,0.390625,6,-20.626212597709145,32.84454248927633,0.390625
3354,2012-05-14 23:26:47.721702576,-330.0661157214295,-238.56332180032064,0.390625,6,-20.626027309548476,32.834424231188024,0.390625
3355,2012-05-15 00:07:05.251060486,-263.5247867919894,-268.00534352724964,97.265625,7,-20.902213094452502,33.46765150388886,97.265625
3356,2012-05-15 21:45:01.095606565,-250.8502479482865,-316.09397901456697,45.703125,7,-21.337918975113734,33.58233834385092,45.703125
3357,2012-05-16 17:12:47.196851015,-308.94188431525794,-300.3915674268715,55.859375,7,-21.187308279376012,33.02582553985986,55.859375
3358,2012-05-16 22:48:08.665905714,-338.51580828389814,-249.35872976686125,0.390625,6,-20.72187454449976,32.75141008142176,0.390625
3359,2012-05-17 00:25:18.402935266,-338.51580828389814,-274.8751485968664,0.390625,6,-20.95197129190039,32.746464590769115,0.390625
3360,2012-05-17 01:04:19.106028795,-204.37693885470918,-273.8937478726354,21.484375,7,-20.962844956535168,34.03505219622544,21.484375
3361,2012-05-17 20:02:28.858209372,-375.4832132446982,-239.54472252455162,94.140625,7,-20.626348057530734,32.39924113391496,94.140625
3362,2012-05-18 02:02:31.872163057,-306.8294611746408,-298.42876597840956,44.140625,6,-21.169960797544604,33.04649311159478,44.140625
3363,2012-05-18 23:26:44.172490120,-338.51580828389814,-253.2843326637851,0.390625,6,-20.757274518508122,32.75065360799531,0.390625
3364,2012-05-21 03:35:28.316138029,-203.32072728440062,-263.09833990609485,22.265625,6,-20.86551320140623,34.04646568193792,22.265625
3365,2012-05-21 12:17:04.481529236,-143.11666777681182,-38.357574057203465,80.859375,6,-18.84158861492201,34.64214534524539,80.859375
3366,2012-05-21 19:20:24.159299850,-302.60461489340656,-295.4845638057166,43.359375,6,-21.144108855603744,33.0876408516384,43.359375
3367,2012-05-22 21:49:02.397223711,-338.51580828389814,-275.85654932109736,0.390625,6,-20.960821020817068,32.746273035671656,0.390625
3368,2012-05-22 22:15:42.078420162,-338.51580828389814,-286.651957287638,12.109375,7,-21.05816732176474,32.74415933717723,12.109375
3369,2012-05-24 04:20:19.492639065,-338.51580828389814,-276.83795004532834,0.390625,6,-20.969670738881753,32.74608138077775,0.390625
3370,2012-05-25 05:22:09.292639017,-338.51580828389814,-276.83795004532834,0.390625,6,-20.969670738881753,32.74608138077775,0.390625
3371,2012-05-25 17:23:18.011090517,-270.91826778414935,-301.3729681511025,44.921875,7,-21.202208135492864,33.391414867259826,44.921875
3372,2012-05-25 23:23:24.836550951,-198.0396694328577,-293.5217623572548,30.078125,6,-21.140717555971783,34.09369966960077,30.078125
3373,2012-05-25 23:36:00.182754278,-147.34151405804613,-280.76355294225215,25.390625,7,-21.03031298747175,34.58267303210406,25.390625
3374,2012-05-26 02:10:57.077965260,-237.119497534275,-119.81383416837369,49.609375,6,-19.56825132036417,33.740657822073274,49.609375
3375,2012-05-27 17:43:57.159155130,-323.72884629957804,-246.41452759416836,0.390625,6,-20.697940639093378,32.8936950623046,0.390625
3376,2012-05-27 21:27:24.819971800,-327.9536925808123,-246.41452759416836,0.390625,6,-20.69720502095581,32.853201778126,0.390625
3377,2012-05-28 21:35:13.763517380,-330.0661157214295,-274.8751485968664,25.390625,7,-20.953500915535663,32.82758084698696,25.390625
3378,2012-05-28 21:56:00.006971121,-176.91543802668622,-163.9768667587672,25.390625,6,-19.97328641622493,34.309883030365384,25.390625
3379,2012-05-29 01:36:15.075494051,-156.8474181908233,-79.57640447490405,63.671875,6,-19.212839999774214,34.50858402344751,63.671875
3380,2012-05-30 00:12:10.572182417,-269.8620562138408,-319.0381811872598,63.671875,7,-21.361747297930517,33.398774235311144,63.671875
3381,2012-05-30 02:16:20.900057793,-303.6608264637152,-307.26137249648826,53.515625,6,-21.25016064313362,33.07539386119916,53.515625
3382,2012-05-30 04:28:46.893825531,-233.95086282334927,-306.2799717722573,58.203125,6,-21.251614618603323,33.746464390628375,58.203125
3383,2012-05-30 22:43:47.515523910,-126.21728265187467,-165.9396682072291,74.609375,7,-19.994965991365692,34.793983800307835,74.609375
3384,2012-06-02 18:58:43.534765481,-226.55738183118922,-304.3171703237953,94.921875,6,-21.234836696756034,33.81790333203733,94.921875
3385,2012-06-03 14:54:37.602407217,-407.16956035395555,-138.46044792876205,48.828125,6,-19.708783616536113,32.11852014235676,48.828125
3386,2012-06-03 17:07:33.278775454,-254.01888265921218,-315.112578290336,36.328125,7,-21.328621374677617,33.551967474978156,36.328125
3387,2012-06-06 19:39:12.496374846,-213.88284298748636,-179.67927834646264,33.203125,6,-20.11132098387133,33.955043187206016,33.203125
3388,2012-06-07 01:38:25.194430351,-127.27349422218323,-238.56332180032064,0.390625,6,-20.650738617321963,34.778756443041466,0.390625
3389,2012-06-08 23:02:48.602304220,-160.016052901749,-195.38168993415815,0.390625,6,-20.258327643713336,34.468523705174505,0.390625
3390,2012-06-11 07:04:18.123695135,-171.63438017514335,-107.05562475337112,59.765625,6,-19.459780759253402,34.36555184897805,59.765625
3391,2012-06-11 23:28:53.844142437,-203.32072728440062,-262.11693918186387,0.390625,6,-20.856654190201024,34.04658015814598,0.390625
3392,2012-06-11 23:47:42.674997330,-326.8974810105038,-242.4889246972445,0.390625,6,-20.661985693022977,32.864052900348746,0.390625
3393,2012-06-12 00:17:10.283876657,-331.12232729173815,-239.54472252455162,0.390625,6,-20.634692173578994,32.824122285238836,0.390625
3394,2012-06-12 05:21:38.846737623,-239.23192067489214,-273.8937478726354,0.390625,7,-20.958654558251574,33.70013390820618,0.390625
3395,2012-06-12 06:52:12.189971209,-215.99526612810354,-303.33576959956434,43.359375,6,-21.227263726593385,33.919705019804304,43.359375
3396,2012-06-12 23:51:53.220038176,-265.63720993260654,-159.06986313761234,6.640625,7,-19.918910188896106,33.46352736972715,6.640625
3397,2012-06-13 01:35:07.873497725,-338.51580828389814,-277.8193507695593,74.609375,6,-20.978520446090332,32.74588962606082,74.609375
3398,2012-06-13 02:57:54.236999035,-254.01888265921218,-316.09397901456697,24.609375,7,-21.3374769402657,33.55182046900595,24.609375
3399,2012-06-13 23:37:13.841702938,-330.0661157214295,-238.56332180032064,0.390625,6,-20.626027309548476,32.834424231188024,0.390625
3400,2012-06-17 21:14:10.353420973,-330.0661157214295,-289.59615946033085,25.390625,6,-21.086256297760897,32.82476863001538,25.390625
3401,2012-06-17 21:15:45.332354546,-320.5602115886523,-289.59615946033085,20.703125,6,-21.087942725119103,32.91611361512036,20.703125
3402,2012-06-17 21:43:02.219084024,-223.38874712026347,-289.59615946033085,72.265625,6,-21.102364707925847,33.85032667148605,72.265625
3403,2012-06-18 10:20:12.648799658,-155.79120662051469,-66.8181950599015,74.609375,6,-19.097703522764842,34.519653192236305,74.609375
3404,2012-06-19 02:57:28.319418669,-339.57201985420676,-275.85654932109736,0.390625,6,-20.960627023636484,32.736133425541944,0.390625
3405,2012-06-20 21:16:03.826051950,-338.51580828389814,-245.43312686993738,0.390625,6,-20.68647439863888,32.75216496948333,0.390625
3406,2012-06-22 20:25:28.788539886,-215.99526612810354,-101.16722040798533,76.171875,6,-19.402322235353676,33.943960869719916,76.171875
3407,2012-06-24 23:30:26.099477291,-199.0958810031663,-287.6333580118689,24.609375,6,-21.087449133373337,34.08421970163211,24.609375
3408,2012-06-25 03:53:21.593626738,-203.32072728440062,-272.9123471484044,16.015625,7,-20.95410277585393,34.04531762457722,16.015625
3409,2012-06-25 06:48:28.024367809,-203.32072728440062,-271.93094642417344,24.609375,7,-20.945243862447604,34.045432700166295,24.609375
3410,2012-06-25 12:40:35.325995207,-406.1133487836469,-146.31165372260978,0.390625,6,-19.779760936213428,32.12686273570991,0.390625
3411,2012-06-25 23:14:01.214698315,-205.43315042501774,-300.3915674268715,85.546875,6,-21.201911390077118,34.02173809504088,85.546875
3412,2012-06-27 02:25:26.587768078,-365.9773091119211,-259.17273700917093,12.890625,7,-20.805175918389242,32.48618611583448,12.890625
3413,2012-06-27 06:32:32.585747480,-338.51580828389814,-255.24713411224707,0.390625,6,-20.774974440985115,32.75027477624763,0.390625
3414,2012-06-28 03:26:19.639640331,-263.5247867919894,-319.0381811872598,50.390625,7,-21.36268242404723,33.45981368754038,50.390625
3415,2012-06-28 06:06:09.262184142,-331.12232729173815,-246.41452759416836,0.390625,7,-20.696647078014248,32.822832980530855,0.390625
3416,2012-06-28 06:40:20.284805536,-209.65799670625205,-272.9123471484044,0.390625,6,-20.95339371113659,33.98442050509731,0.390625
3417,2012-06-28 08:14:54.013709545,-230.78222811242352,-273.8937478726354,0.390625,7,-20.959730742302416,33.781318533595304,0.390625
3418,2012-07-01 00:40:16.451992989,-211.77041984686923,-268.00534352724964,50.390625,6,-20.908860057236627,33.96472064926424,50.390625
3419,2012-07-01 12:45:20.012136221,-261.4123636513722,-297.4473652541786,42.578125,8,-21.1681755948195,33.483476011064404,42.578125
3420,2012-07-01 20:33:30.984851122,-134.66697521434324,15.619465775499698,84.765625,6,-18.354623812158337,34.72593061867124,84.765625
3421,2012-07-02 00:14:38.916385889,-324.78505786988666,-289.59615946033085,26.171875,6,-21.08719925702318,32.87551472927568,26.171875
3422,2012-07-02 01:00:58.669615984,-236.0632859639664,-335.7219934991862,58.203125,6,-21.51703991787788,33.72201755172473,58.203125
3423,2012-07-02 03:00:47.187948704,-340.62823142451526,-281.7449536664831,23.046875,6,-21.013529495489284,32.724835358949846,23.046875
3424,2012-07-05 14:40:31.705617666,-211.77041984686923,-268.00534352724964,51.171875,6,-20.908860057236627,33.96472064926424,51.171875
3425,2012-07-07 12:37:44.974500179,-356.471404979144,-124.7208377895285,81.640625,6,-19.594695620870755,32.603749551152546,81.640625
3426,2012-07-09 21:52:19.806153059,-100.86820496446886,-171.8280725526149,68.359375,6,-20.04963123482721,35.03584321077179,68.359375
3427,2012-07-10 02:48:36.012690783,-220.2201124093378,-288.6147587360999,41.796875,6,-21.093890621109924,33.880928326111636,41.796875
3428,2012-07-11 18:31:33.431297302,-196.98345786254913,-187.53048414031036,0.390625,6,-20.18400091188171,34.11570146960948,0.390625
3429,2012-07-12 23:23:41.540386915,-364.9210975416126,-249.35872976686125,0.390625,7,-20.716906819596513,32.498353671528605,0.390625
3430,2012-07-13 01:46:01.399488211,-202.264515714092,-295.4845638057166,59.765625,6,-21.157972372041787,34.05281785986376,59.765625
3431,2012-07-14 03:09:06.072273970,-198.0396694328577,-289.59615946033085,19.921875,6,-21.10528160656637,34.094152610976714,19.921875
3432,2012-07-14 18:06:19.361373901,-227.61359340149778,-290.57756018456183,62.890625,6,-21.110701940156478,33.80956317165192,62.890625
3433,2012-07-15 14:57:53.229668379,-236.0632859639664,-322.9637840841837,40.234375,6,-21.401905048242178,33.72380677511794,40.234375
3434,2012-07-15 16:48:13.903202534,-236.0632859639664,-321.98238335995273,50.390625,6,-21.39304844839315,33.72394391277509,50.390625
3435,2012-07-17 01:28:31.359544754,-264.5809983622979,-326.8893869811075,37.890625,9,-21.433366505654654,33.44841068711279,37.890625
3436,2012-07-17 15:03:39.493714809,-182.19649587822914,-98.22301823529241,83.984375,7,-19.37909226514603,34.26585010889798,83.984375
3437,2012-07-18 03:05:36.183633089,-321.6164231589609,-109.01842620183305,0.390625,6,-19.459002133646198,32.93812691940417,0.390625
3438,2012-07-18 03:52:55.982028723,-243.45676695612644,-315.112578290336,74.609375,6,-21.33007264561171,33.65369064887615,74.609375
3439,2012-07-19 01:44:12.608065844,-171.63438017514335,-57.00418781759183,71.484375,6,-19.0078084664666,34.37001853677865,71.484375
3440,2012-07-19 12:43:55.965952635,-303.6608264637152,-305.2985710480263,62.109375,8,-21.232456261607602,33.07574337676419,62.109375
3441,2012-07-19 20:15:55.885310411,-270.91826778414935,-193.4188884856962,66.015625,6,-20.22814003989748,33.408046461734116,66.015625
3442,2012-07-20 15:27:32.733227491,-225.50117026088066,-305.2985710480263,63.671875,6,-21.243825341150757,33.827940921254566,63.671875
3443,2012-07-22 02:41:10.698724747,-265.63720993260654,-97.24161751106143,55.859375,6,-19.36093682352942,33.47228088590989,55.859375
3444,2012-07-22 21:04:39.755353689,-269.8620562138408,-336.7033942234172,0.390625,6,-21.521126365792913,33.39594549965964,0.390625
3445,2012-07-24 04:00:46.576003551,-220.2201124093378,-95.2788160625995,58.203125,6,-19.34870460974942,33.9044448445163,58.203125
3446,2012-07-24 09:17:22.205100298,-143.11666777681182,-276.83795004532834,0.390625,6,-20.995201002404986,34.62362950058433,0.390625
3447,2012-08-01 03:30:30.349021196,-155.79120662051469,-45.227379126820225,93.359375,6,-18.90271594313658,34.521376891875946,93.359375
3448,2012-08-01 10:35:02.211709023,-108.26168595662891,-120.79523489260464,54.296875,6,-19.5883144604166,34.968158763279334,54.296875
3449,2012-08-03 00:23:45.104255676,-168.4657454642176,-50.13438274797505,70.703125,6,-18.946033076845104,34.40069391583246,70.703125
3450,2012-08-03 02:12:40.952960730,-274.0869024950751,-329.83358915380046,0.390625,6,-21.458507119943302,33.35633065232552,0.390625
3451,2012-08-03 09:53:55.027971268,-285.70522976846934,-216.97250586723936,0.390625,6,-20.438504631044438,33.26295300430236,0.390625
3452,2012-08-06 23:33:29.768436670,-154.73499505020612,-57.98558854182279,80.859375,6,-19.018016408182245,34.5303898848645,80.859375
3453,2012-08-08 17:26:18.526862383,-107.20547438632032,-94.29741533836855,55.859375,7,-19.34903905868047,34.97972317859955,55.859375
3454,2012-08-09 01:40:48.116672039,-146.28530248773757,-32.46916971181766,52.734375,8,-18.788185482201804,34.61252490833775,52.734375
3455,2012-08-09 18:02:24.110327005,-259.29994051075505,-97.24161751106143,24.609375,6,-19.36176390355713,33.53254223874758,24.609375
3456,2012-08-11 04:03:15.159064293,-174.8030148860691,-118.83243344414271,56.640625,8,-19.565847661039115,34.33429783069052,56.640625
3457,2012-08-12 01:50:43.260221480,-290.9862876200123,-221.8795094883942,0.390625,7,-20.4819721351897,33.211605618237044,0.390625
3458,2012-08-13 19:43:49.478559971,-210.7142082765606,-273.8937478726354,36.328125,7,-20.962131942842678,33.97415192042104,36.328125
3459,2012-08-14 20:56:54.099550486,-165.29711075329192,-59.948389990284724,0.390625,6,-19.034917114979766,34.429935688928225,0.390625
3460,2012-08-21 16:59:40.857660294,-154.73499505020612,-50.13438274797505,60.546875,6,-18.947111372166987,34.53101174750966,60.546875
3461,2012-09-22 20:18:56.336367846,-201.20830414378344,-106.07422402914017,49.609375,6,-19.448163157732836,34.0841364982011,49.609375
3462,2013-01-01 00:27:36.945860624,-321.6164231589609,-361.23841232919136,0.390625,6,-21.7338494246995,32.892318808397555,0.390625
3463,2013-01-01 01:57:49.313793898,-206.4893619953263,-83.50200737182791,25.390625,6,-19.24383436482571,34.03631317098586,25.390625
3464,2013-01-01 05:01:38.757587194,-207.54557356563492,-81.53920592336598,12.890625,6,-19.226005268473248,34.02648495336404,12.890625
3465,2013-01-01 22:03:03.661026239,-168.4657454642176,-88.40901099298276,5.859375,6,-19.29166862214693,34.397365168464326,5.859375
3466,2013-01-01 22:36:36.733931780,-135.72318678465183,-211.0841015218536,99.609375,6,-20.402003324282102,34.69979128130929,99.609375
3467,2013-01-03 05:06:22.488801956,-179.0278611673034,-101.16722040798533,0.390625,6,-19.40596236831225,34.29572246523233,0.390625
3468,2013-01-03 05:49:03.621896267,-180.08407273761196,-100.18581968375437,0.390625,7,-19.397006137868065,34.28576391808513,0.390625
3469,2013-01-04 13:07:46.594510317,-271.97447935445797,252.13704031516264,38.671875,7,-16.206561089394558,33.45707912344376,38.671875
3470,2013-01-05 14:34:13.412644625,-174.8030148860691,-27.562166090662824,0.390625,8,-18.741667987842536,34.34255234525414,0.390625
3471,2013-01-05 20:29:01.855819225,233.95086282334927,408.1797554678863,50.390625,9,-14.801356608535604,38.17281614323408,50.390625
3472,2013-01-06 02:08:29.049365282,-175.85922645637766,-48.17158129951312,25.390625,8,-18.927689912701698,34.33070270580771,25.390625
3473,2013-01-06 17:58:18.977918625,-160.016052901749,53.89409402050739,80.078125,6,-18.007184869289322,34.48914161119653,80.078125
3474,2013-01-07 00:50:05.179368496,-136.7793983549604,-209.12130007339164,99.609375,6,-20.384202886028394,34.68982473042518,99.609375
3475,2013-01-07 03:18:50.435929060,-248.7378248076693,-284.68915583917607,99.609375,9,-21.054816754328755,33.60725399082014,99.609375
3476,2013-01-08 16:21:28.266380310,-244.512978526435,257.04404393631745,22.265625,8,-16.16517206716048,33.7141943790559,22.265625
3477,2013-01-08 18:15:28.514377832,11.090221488240033,224.65782003669554,24.609375,6,-16.47008073444222,36.10385988882386,24.609375
3478,2013-01-09 10:21:42.796118498,-100.86820496446886,179.5133867220711,50.390625,7,-16.875855654993188,35.05341175044405,50.390625
3479,2013-01-11 00:58:38.710963964,-135.72318678465183,-210.10270079762262,99.609375,6,-20.393140953939238,34.69986563555972,99.609375
3480,2013-01-11 05:31:36.948745728,-321.6164231589609,-327.8707877053385,0.390625,7,-21.432937248374802,32.89873773547595,0.390625
3481,2013-01-11 05:37:07.490031481,-269.8620562138408,-296.4659645299476,99.609375,6,-21.158091355101444,33.40235074191001,99.609375
3482,2013-01-11 05:50:22.261333227,-169.52195703452622,-97.24161751106143,13.671875,6,-19.371339909823558,34.38653698770339,13.671875
3483,2013-01-11 13:06:05.738195419,-270.91826778414935,269.8022533513201,10.546875,7,-16.047200766342527,33.468974119765655,10.546875
3484,2013-01-11 13:46:50.349265337,-251.90645951859506,270.78365407555094,31.640625,7,-16.040363509533194,33.64658187546853,31.640625
3485,2013-01-12 06:35:53.011854410,-295.21113390124657,-339.64759639611015,24.609375,6,-21.543689452833743,33.15103910086774,24.609375
3486,2013-01-12 07:35:34.890340090,-161.0722644720576,-76.63220230221117,39.453125,6,-19.185920699880644,34.468667770108276,39.453125
3487,2013-01-12 09:05:12.052907944,-164.2408991829833,-33.45057043604863,37.109375,8,-18.795705832108528,34.442183584279476,37.109375
3488,2013-01-12 16:44:09.018645525,-151.56636033928044,-37.3761733329725,0.390625,6,-18.832123793432025,34.562070410053515,0.390625
3489,2013-01-13 08:21:19.204642773,-235.00707439365783,-84.4834080960589,25.390625,7,-19.249583360830638,33.765137387021134,25.390625
3490,2013-01-13 15:02:04.289626837,-108.26168595662891,-199.307292831082,98.828125,6,-20.29740804024919,34.96354180614041,98.828125
3491,2013-01-13 22:22:25.379148006,-100.86820496446886,226.6206214851575,18.359375,8,-16.450242200662494,35.05550134401496,18.359375
3492,2013-01-14 13:54:42.233944178,-58.61974215212589,388.55174098326694,0.390625,7,-14.988342655236888,35.45499274292761,0.390625
3493,2013-01-14 17:38:04.787145376,-81.85639669891451,87.26171864436024,69.140625,8,-17.710081867273306,35.22834732002225,69.140625
3494,2013-01-15 22:19:10.256870985,-105.09305124570317,-198.32589210685103,99.609375,6,-20.288721611995346,34.99393082358372,99.609375
3495,2013-01-15 23:26:05.353080034,-163.18468761267474,-46.20877985105119,62.109375,8,-18.911007218892607,34.451141909609184,62.109375
3496,2013-01-17 03:12:13.460639954,-254.01888265921218,-289.59615946033085,99.609375,7,-21.098373069232636,33.555763080325036,99.609375
3497,2013-01-17 05:36:15.847093105,-106.14926281601176,-167.90246965569105,93.359375,6,-20.013894291575674,34.985597131831454,93.359375
3498,2013-01-17 12:56:13.955803633,-266.69342150291504,-312.16837611764305,98.046875,6,-21.300234473293827,33.43037376074371,98.046875
3499,2013-01-17 20:07:38.887914658,-117.76759008940606,-175.75367544953878,75.390625,6,-20.084129989108213,34.87407776042337,75.390625
3500,2013-01-18 09:22:17.536270857,-168.4657454642176,-57.00418781759183,24.609375,6,-19.00807122033344,34.40010172752139,24.609375
3501,2013-01-18 21:25:31.811347961,-203.32072728440062,-85.46480882028985,25.390625,6,-19.26187662091101,34.066225903104126,25.390625
3502,2013-01-19 00:09:10.946019650,-106.14926281601176,-199.307292831082,99.609375,6,-20.297526602881927,34.98376296992739,99.609375
3503,2013-01-19 00:53:54.950959921,-150.51014876897187,22.489270845116465,43.359375,8,-18.291515186263847,34.5765799775479,43.359375
3504,2013-01-19 11:39:28.229078770,-245.56919009674363,259.9882461090104,34.765625,8,-16.138481549335435,33.70463292448303,34.765625
3505,2013-01-20 06:11:35.586262941,-89.24987769107456,-163.9768667587672,49.609375,6,-19.979289309204006,35.14727038247575,49.609375
3506,2013-01-20 16:13:22.612775803,-127.27349422218323,186.3831917916879,49.609375,8,-16.81249919086168,34.80603810024011,49.609375
3507,2013-01-20 16:16:49.980884552,-124.10485951125752,191.29019541284273,48.046875,7,-16.76833854896592,34.83602892182214,48.046875
3508,2013-01-20 22:46:17.735433340,-304.7170380340237,-337.6847949476482,0.390625,6,-21.524393868725497,33.05974866351872,0.390625
3509,2013-01-20 22:46:44.805140972,-117.76759008940606,180.494787446302,75.390625,7,-16.866195672517396,34.89489249889217,75.390625
3510,2013-01-22 08:41:01.150593281,-156.8474181908233,-35.41337188451056,50.390625,8,-18.814004188227045,34.512136635832896,50.390625
3511,2013-01-22 21:11:38.223806620,-137.83560992526895,28.377675190502263,50.390625,6,-18.239183830466036,34.69682003604216,50.390625
3512,2013-01-23 18:52:50.645228148,-147.34151405804613,36.22888098434999,73.046875,6,-18.16763816114802,34.60752800259637,73.046875
3513,2013-01-23 20:08:16.714295626,-116.7113785190975,228.5834229336194,32.421875,8,-16.431787998363586,34.907268181942854,32.421875
3514,2013-01-24 01:54:31.054125547,-115.6551669487889,182.45758889476397,81.640625,7,-16.84856873669059,34.91481361003916,81.640625
3515,2013-01-24 04:28:50.519395827,-170.5781686048348,-27.562166090662824,37.890625,8,-18.742018419915723,34.38259955999494,37.890625
3516,2013-01-24 14:38:15.325536251,-264.5809983622979,-293.5217623572548,99.609375,6,-21.13229873634129,33.453601305212096,99.609375
3517,2013-01-24 22:54:22.905778646,-104.0368396753946,-167.90246965569105,50.390625,6,-20.01400875886015,35.00578195636726,50.390625
3518,2013-01-24 23:14:29.092409849,-109.31789752693747,-171.8280725526149,71.484375,6,-20.04917248705422,34.95508581509378,71.484375
3519,2013-01-26 01:00:30.508972168,-153.67878347989756,-4.008548709119629,52.734375,7,-18.53061030268868,34.54460988618566,52.734375
3520,2013-01-26 21:12:56.669225931,-161.0722644720576,-4.008548709119629,63.671875,8,-18.53005816601965,34.47460900181932,63.671875
3521,2013-01-26 23:16:32.178886652,-162.12847604236617,-24.617963917969927,48.046875,6,-18.71610431663115,34.46293706959164,48.046875
3522,2013-01-27 06:36:21.630750656,-175.85922645637766,-54.05998564489893,48.046875,6,-18.98086373196577,34.330173606395974,48.046875
3523,2013-01-27 13:50:07.188794374,-150.51014876897187,34.26607953588806,52.734375,7,-18.185147056119717,34.57744541689261,52.734375
3524,2013-01-27 17:17:58.576196194,-168.4657454642176,-117.85103271991176,49.609375,7,-19.557532853886322,34.394755559736474,49.609375
3525,2013-01-27 20:33:33.183645248,-270.91826778414935,-144.34885227414787,8.984375,6,-19.785341720538014,33.41529171801631,8.984375
3526,2013-01-28 00:16:24.564299822,-135.72318678465183,146.14576209821823,80.859375,8,-17.175516245168613,34.7243284604085,80.859375
3527,2013-01-28 00:32:09.817559242,-135.72318678465183,-209.12130007339164,99.609375,6,-20.384278574337582,34.699939950383325,99.609375
3528,2013-01-28 02:31:37.135829687,-75.51912727706308,-170.84667182838393,5.859375,6,-20.041921940895712,35.27816809407099,5.859375
3529,2013-01-30 00:21:09.023084641,-100.86820496446886,-200.288693555313,99.609375,6,-20.306676288888927,35.03426154828806,99.609375
3530,2013-01-30 21:58:00.684343100,-92.41851240200027,-214.02830369454648,87.109375,7,-20.43119485648734,35.114445856604064,87.109375
3531,2013-01-31 19:45:14.770355701,-228.6698049718064,-121.77663561683562,4.296875,6,-19.586959341313804,33.82088638774528,4.296875
3532,2013-01-31 23:53:37.527089834,-117.76759008940606,192.27159613707366,25.390625,6,-16.759799170277333,34.895508687805204,25.390625
3533,2013-02-01 16:19:51.116552114,-110.37410909724603,142.22015920129436,24.609375,6,-17.212346488507386,34.9623569163218,24.609375
3534,2013-02-02 18:14:44.743862867,-104.0368396753946,-170.84667182838393,58.984375,6,-20.040599846766675,35.005614728210574,58.984375
3535,2013-02-02 19:11:54.153303146,-298.3797686121723,-309.2241739449502,91.796875,6,-21.268740183361338,33.125863855038006,91.796875
3536,2013-02-02 22:41:31.811534405,-305.7732496043323,-308.24277322071924,48.046875,7,-21.258658617248194,33.05489296180015,48.046875
3537,2013-02-03 01:52:24.164418697,-94.5309355426174,133.38755268321566,47.265625,7,-17.292857784082532,35.110904576889254,47.265625
3538,2013-02-05 03:08:22.556723118,-163.18468761267474,43.098686053966766,82.421875,7,-18.104449948197136,34.458381481000885,82.421875
3539,2013-02-05 04:33:28.896051884,-112.48653223786319,73.52210850512672,48.828125,7,-17.83285525661686,34.93889905535809,48.828125
3540,2013-02-05 07:17:45.154314280,-204.37693885470918,43.098686053966766,92.578125,6,-18.100946436470952,34.06938101774175,92.578125
3541,2013-02-05 07:58:12.590103865,-204.37693885470918,43.098686053966766,87.890625,6,-18.100946436470952,34.06938101774175,87.890625
3542,2013-02-06 10:06:22.611258745,-204.37693885470918,-82.52060664759696,12.109375,6,-19.23518810106719,34.056497726228926,12.109375
3543,2013-02-06 10:20:59.131175040,-68.12564628490306,158.9039715132208,49.609375,8,-17.06325851291733,35.36003345566997,49.609375
3544,2013-02-06 15:53:57.383711100,-176.91543802668622,-99.2044189595234,0.390625,6,-19.38842620907005,34.31600782070351,0.390625
3545,2013-02-06 20:50:01.437818527,-156.8474181908233,38.19168243281192,73.046875,6,-18.149238743214596,34.517862066120465,73.046875
3546,2013-02-06 23:30:01.517717361,-284.64901819816083,-343.57319929303395,50.390625,6,-21.580812326829122,33.252211334829674,50.390625
3547,2013-02-08 20:50:23.767927885,-45.945203308423,143.20155992552534,30.078125,9,-17.20568845682396,35.56806168839775,30.078125
3548,2013-02-08 22:58:14.817359924,-152.622571909589,-152.2000580679956,94.140625,8,-19.86899847140443,34.5428730755894,94.140625
3549,2013-02-09 03:27:44.854313135,-117.76759008940606,-192.4374877614652,74.609375,6,-20.234804099684208,34.87299649398255,74.609375
3550,2013-02-09 04:41:56.402274847,-269.8620562138408,-298.42876597840956,81.640625,6,-21.175800785259707,33.40204142737182,81.640625
3551,2013-02-09 14:34:52.062967777,-270.91826778414935,264.8952497301652,43.359375,7,-16.091500553784375,33.46841346751456,43.359375
3552,2013-02-09 14:39:47.996357918,-279.36796034661796,-271.93094642417344,74.609375,6,-20.935307180219677,33.31489760077198,74.609375
3553,2013-02-10 01:58:38.514697313,-168.4657454642176,-43.26457767835829,0.390625,6,-18.88399450101546,34.40128380313204,0.390625
3554,2013-02-10 03:16:55.663640261,-150.51014876897187,-152.2000580679956,83.984375,8,-19.86916224822578,34.56303614977439,83.984375
3555,2013-02-10 08:53:31.642529249,-94.5309355426174,64.68950198704802,25.390625,7,-17.913496034634843,35.107862026216786,25.390625
3556,2013-02-10 21:36:05.199664593,-100.86820496446886,136.3317548559086,82.421875,8,-17.26598560092346,35.05144235486055,82.421875
3557,2013-02-11 11:03:03.854885578,-110.37410909724603,142.22015920129436,24.609375,6,-17.212346488507386,34.9623569163218,24.609375
3558,2013-02-11 22:01:55.238742352,-134.66697521434324,-29.524967539124763,0.390625,7,-18.762379433171528,34.72290070444109,0.390625
3559,2013-02-12 17:54:53.840567112,-177.97164959699484,58.80109764166223,81.640625,7,-17.961472665345763,34.32007655860153,81.640625
3560,2013-02-13 00:31:33.966370344,-267.74963307322366,-302.3543688753335,99.609375,6,-21.21153126801621,33.42174729816077,99.609375
3561,2013-02-13 00:38:21.577179670,-156.8474181908233,-84.4834080960589,49.609375,6,-19.257153985549028,34.50818380074326,49.609375
3562,2013-02-13 05:45:21.170862198,-101.92441653477745,203.06700410361432,94.140625,6,-16.663005743470478,35.04456427864693,94.140625
3563,2013-02-13 11:06:35.574772120,-207.54557356563492,-81.53920592336598,25.390625,7,-19.226005268473248,34.02648495336404,25.390625
3564,2013-02-13 22:28:44.825105190,-145.229090917429,20.526469396654534,24.609375,8,-18.309608935480412,34.62637404561912,24.609375
3565,2013-02-14 21:46:08.616522074,-254.01888265921218,62.726700538586094,83.203125,7,-17.91849972299612,33.60311511729843,83.203125
3566,2013-02-14 22:25:44.556352139,-134.66697521434324,-139.44184865299303,47.265625,8,-19.755098760356066,34.71519117682015,47.265625
3567,2013-02-15 00:15:37.115985870,-166.35332232360048,-72.7065994052873,49.609375,8,-19.150044897308213,34.418812285156555,49.609375
3568,2013-02-15 21:40:00.578406572,-164.2408991829833,-75.65080157798019,48.046875,8,-19.17680427550376,34.43863496118851,48.046875
3569,2013-02-16 23:12:53.728565693,-300.49219175278944,-344.55460001726493,12.890625,6,-21.58707137359421,33.099241855034464,12.890625
3570,2013-02-16 23:42:54.975163221,-240.2881322452007,-83.50200737182791,27.734375,7,-19.240104412864405,33.715067760192255,27.734375
3571,2013-02-17 12:37:16.899842262,-235.00707439365783,-84.4834080960589,25.390625,6,-19.249583360830638,33.765137387021134,25.390625
3572,2013-02-17 13:09:35.914773226,-236.0632859639664,-84.4834080960589,25.390625,6,-19.249460415355607,33.755098774000146,25.390625
3573,2013-02-17 17:17:13.221508980,-235.00707439365783,-84.4834080960589,25.390625,6,-19.249583360830638,33.765137387021134,25.390625
3574,2013-02-18 13:04:10.403774977,-172.6905917454519,-57.98558854182279,52.734375,6,-19.016582175716728,34.35990400732201,52.734375
3575,2013-02-19 08:53:41.861012697,-258.24372894044643,-160.05126386184332,0.390625,7,-19.92876007350061,33.53393799518188,0.390625
3576,2013-02-19 16:19:13.190835476,-150.51014876897187,-2.0457472606576963,50.390625,7,-18.513111524147725,34.57475789240991,50.390625
3577,2013-02-20 23:08:31.051659822,-278.31174877630934,-325.90798625687665,75.390625,6,-21.422443088128844,33.31626236761009,75.390625
3578,2013-02-20 23:19:57.764501095,-133.61076364403468,97.07572588666993,93.359375,7,-17.618909500633727,34.741149983406274,93.359375
3579,2013-02-21 09:45:30.481045723,-298.3797686121723,-282.7263543907141,56.640625,6,-21.029717270026715,33.13047550086651,56.640625
3580,2013-02-22 15:00:43.838093281,-154.73499505020612,8.749660705882935,54.296875,7,-18.415305840715817,34.53558808351328,54.296875
3581,2013-02-23 03:29:21.797879219,-236.0632859639664,-270.9495456999426,99.609375,8,-20.932491306596468,33.730978222130354,99.609375
3582,2013-02-23 05:14:27.736851931,-255.07509422952074,60.76389909012416,11.328125,6,-17.93609503809758,33.592915807677024,11.328125
3583,2013-02-24 00:46:05.383175611,-235.00707439365783,-84.4834080960589,25.390625,6,-19.249583360830638,33.765137387021134,25.390625
3584,2013-02-24 02:24:14.875346422,-313.1667305964923,-295.4845638057166,76.171875,6,-21.142330109815436,32.986092474425114,76.171875
3585,2013-02-24 22:52:55.869969606,-135.72318678465183,-107.05562475337112,75.390625,7,-19.462541196365784,34.70745536576212,75.390625
3586,2013-02-25 15:39:27.921035051,-136.7793983549604,-209.12130007339164,99.609375,6,-20.384202886028394,34.68982473042518,99.609375
3587,2013-02-27 18:21:00.644356489,-202.264515714092,-242.4889246972445,98.828125,7,-20.679586328846582,34.05898854929948,98.828125
3588,2013-02-27 21:07:40.701762199,-285.70522976846934,-329.83358915380046,62.890625,6,-21.456699148869312,33.24436400604746,62.890625
3589,2013-02-27 21:35:04.374378920,-202.264515714092,-220.89810876416323,49.609375,9,-20.48468018396379,34.0614528799647,49.609375
3590,2013-02-27 22:54:23.484468222,-280.4241719169266,-328.8521884295695,81.640625,6,-21.448676578775732,33.29541988399714,81.640625
3591,2013-02-28 07:23:57.097807407,-161.0722644720576,-124.7208377895285,25.390625,9,-19.620181356938943,34.46459777589438,25.390625
3592,2013-02-28 09:37:40.720846415,-143.11666777681182,32.30327808742613,25.390625,8,-18.203380535993027,34.64717383220573,25.390625
3593,2013-02-28 19:48:56.242326975,-294.15492233093795,-344.55460001726493,49.609375,6,-21.588125821863677,33.16036003516667,49.609375
3594,2013-02-28 21:59:24.158907175,-294.15492233093795,-343.57319929303395,37.890625,6,-21.57927332844407,33.16053273258784,37.890625
3595,2013-02-28 22:37:57.333758593,-286.76144133877796,-339.64759639611015,47.265625,6,-21.545062435171882,33.2325102441715,47.265625
3596,2013-03-01 03:51:22.967653036,-161.0722644720576,-54.05998564489893,12.890625,6,-18.98207667985827,34.47054067041896,12.890625
3597,2013-03-01 06:06:24.548907280,-294.15492233093795,-343.57319929303395,37.890625,6,-21.57927332844407,33.16053273258784,37.890625
3598,2013-03-01 08:15:36.805302620,-297.3235570418638,-347.49880218995787,25.390625,6,-21.61415810349404,33.12927629337327,25.390625
3599,2013-03-01 14:13:35.057955503,-236.0632859639664,259.0068453847794,69.140625,6,-16.14828138376444,33.793339078789884,69.140625
3600,2013-03-01 21:32:00.796828508,-295.21113390124657,-344.55460001726493,25.390625,6,-21.587951635117445,33.150173413555855,25.390625
3601,2013-03-02 02:43:16.461617231,-174.8030148860691,-92.33461388990662,0.390625,6,-19.32657767258565,34.3367380355339,0.390625
3602,2013-03-02 08:36:04.761249781,-292.0424991903208,-342.591798568803,0.390625,6,-21.570767020077113,33.18107642234702,0.390625
3603,2013-03-02 08:58:42.270002127,-292.0424991903208,-344.55460001726493,19.140625,6,-21.588472329589003,33.180733585368024,19.140625
3604,2013-03-02 09:01:00.466027975,-295.21113390124657,-344.55460001726493,37.890625,6,-21.587951635117445,33.150173413555855,37.890625
3605,2013-03-02 09:48:59.908345938,-286.76144133877796,-339.64759639611015,49.609375,6,-21.545062435171882,33.2325102441715,49.609375
3606,2013-03-02 15:10:55.189488411,-286.76144133877796,-341.6103978445721,50.390625,6,-21.56276857867475,33.232174098832445,50.390625
3607,2013-03-02 16:13:28.972445011,-101.92441653477745,171.66218092822336,95.703125,8,-16.94674328501029,35.04314290359867,95.703125
3608,2013-03-02 16:21:35.438339949,-110.37410909724603,219.7508164155407,25.390625,7,-16.51189039914352,34.96617175404618,25.390625
3609,2013-03-02 22:24:33.885160685,-163.18468761267474,-58.96698926605376,47.265625,6,-19.0262238088619,34.45007715455372,47.265625
3610,2013-03-02 23:17:24.313918829,-297.3235570418638,-344.55460001726493,25.390625,6,-21.587601395987964,33.12980047914327,25.390625
3611,2013-03-03 01:03:57.865615368,-158.95984133144043,46.04288822665966,62.109375,6,-18.078173437148013,34.49851007283986,62.109375
3612,2013-03-03 01:37:57.289568186,-147.34151405804613,-56.02278709336086,0.390625,6,-19.00083454963196,34.600742544592876,0.390625
3613,2013-03-04 00:25:06.759005070,-168.4657454642176,-41.30177622989636,0.390625,6,-18.8662691143975,34.40145192027215,0.390625
3614,2013-03-04 13:25:29.327055931,-269.8620562138408,-44.24597840258926,95.703125,6,-18.882096270063865,33.439489992424996,95.703125
3615,2013-03-05 00:42:05.456286669,-262.4685752216808,-292.5403616330238,99.609375,6,-21.123747866974185,33.47406690482284,99.609375
3616,2013-03-05 02:38:10.993451834,-292.0424991903208,-340.6289971203411,19.140625,6,-21.553061667775943,33.18141890824646,19.140625
3617,2013-03-05 08:29:02.324540138,-116.7113785190975,219.7508164155407,19.140625,8,-16.51158831377286,34.906820807672496,19.140625
3618,2013-03-05 16:15:48.843144178,-205.43315042501774,-109.01842620183305,0.390625,7,-19.47431508124475,34.04360675571545,0.390625
3619,2013-03-06 23:16:39.636729956,-269.8620562138408,-298.42876597840956,99.609375,6,-21.175800785259707,33.40204142737182,99.609375
3620,2013-03-07 05:36:51.805805922,-311.05430745587506,-341.6103978445721,6.640625,6,-21.558710573816832,32.997934072337394,6.640625
3621,2013-03-07 16:42:56.791314602,-266.69342150291504,-297.4473652541786,99.609375,6,-21.167411713880455,33.43267539595617,99.609375
3622,2013-03-07 20:52:16.219187498,-116.7113785190975,-192.4374877614652,93.359375,6,-20.234868711203774,34.88310270208176,93.359375
3623,2013-03-08 17:12:31.235635996,-147.34151405804613,-51.11578347220602,25.390625,6,-18.956517516252468,34.601112554229346,25.390625
3624,2013-03-09 06:55:28.243159056,-175.85922645637766,20.526469396654534,74.609375,6,-18.307305357520068,34.33674587736628,74.609375
3625,2013-03-09 21:53:40.804440498,-157.90362976113187,-54.05998564489893,24.609375,8,-18.982322762025348,34.500620686358516,24.609375
3626,2013-03-09 22:43:01.582757473,-134.66697521434324,102.96413023205572,81.640625,7,-17.56565481249564,34.73157158837161,81.640625
3627,2013-03-10 01:32:29.628183842,-278.31174877630934,-40.320375505665396,0.390625,6,-18.845548561001422,33.359934364202786,0.390625
3628,2013-03-10 15:08:41.288628817,-168.4657454642176,-25.599364642200893,66.015625,8,-18.72446475794115,34.40279011756636,66.015625
3629,2013-03-10 15:43:27.681241751,-304.7170380340237,-338.66619567187917,0.390625,6,-21.53324563025175,33.059570341742784,0.390625
3630,2013-03-10 18:04:19.875977278,-185.36513058915483,-56.02278709336086,18.359375,6,-18.997751533267223,34.239757161331674,18.359375
3631,2013-03-11 00:49:13.268728256,-160.016052901749,-45.227379126820225,0.390625,7,-18.902392555328404,34.481288927807185,0.390625
3632,2013-03-11 01:21:46.565873146,-289.9300760497037,-340.6289971203411,15.234375,6,-21.553405068282412,33.20178792851991,15.234375
3633,2013-03-11 15:00:54.056808949,-85.02503140984025,334.5747011505637,23.828125,7,-15.475390150296397,35.207684933291574,23.828125
3634,2013-03-11 20:33:27.474017382,-204.37693885470918,-81.53920592336598,0.390625,6,-19.226327406558664,34.05660198464599,0.390625
3635,2013-03-11 20:36:38.813115597,-269.8620562138408,-302.3543688753335,99.609375,6,-21.21121952140906,33.4014218363184,99.609375
3636,2013-03-12 00:22:03.061540365,-101.92441653477745,-166.92106893146007,75.390625,7,-20.005257158580136,35.026021472275104,75.390625
3637,2013-03-13 03:12:14.733798504,-183.2527074485377,-81.53920592336598,25.390625,6,-19.22834855181939,34.257397036494154,25.390625
3638,2013-03-13 05:13:07.418286800,-202.264515714092,-104.11142258067824,62.109375,6,-19.430335501132664,34.07429273240127,62.109375
3639,2013-03-13 16:31:38.413680315,-154.73499505020612,-22.655162469507996,99.609375,6,-18.698939338913142,34.53316656050279,99.609375
3640,2013-03-14 04:13:31.941898823,-166.35332232360048,-24.617963917969927,43.359375,6,-18.71577151732356,34.42289438237941,43.359375
3641,2013-03-14 22:17:55.866945028,-204.37693885470918,-82.52060664759696,6.640625,6,-19.23518810106719,34.056497726228926,6.640625
3642,2013-03-15 11:53:15.973013401,-162.12847604236617,15.619465775499698,33.203125,8,-18.352709690595432,34.46618314426688,33.203125
3643,2013-03-16 00:05:21.059139967,-81.85639669891451,-171.8280725526149,18.359375,6,-20.05052861135269,35.21755494085304,18.359375
3644,2013-03-16 03:26:30.544576168,-165.29711075329192,-28.543566814893797,43.359375,8,-18.75130736818969,34.432577994242855,43.359375
3645,2013-03-16 07:21:13.798930168,-145.229090917429,-50.13438274797505,25.390625,6,-18.947804268834282,34.62123677628023,25.390625
3646,2013-03-17 01:40:17.147551537,-166.35332232360048,-76.63220230221117,24.609375,6,-19.18549484811698,34.418474127719364,24.609375
3647,2013-03-17 20:54:40.520057200,-214.93905455779492,-106.07422402914017,28.515625,6,-19.446735425056183,33.9534552380777,28.515625
3648,2013-03-17 23:18:12.940157890,-298.3797686121723,-347.49880218995787,25.390625,6,-21.613981813351707,33.11908812723607,25.390625
3649,2013-03-18 01:45:03.018474102,-155.79120662051469,71.55930705666479,28.515625,8,-17.847937921325233,34.530339404660594,28.515625
3650,2013-03-19 21:47:13.640212297,-153.67878347989756,76.4663106778196,68.359375,6,-17.803765514681118,34.55062076076977,68.359375
3651,2013-03-21 00:46:14.806516886,-236.0632859639664,-284.68915583917607,99.609375,8,-21.056490140438584,33.729102999290255,99.609375
3652,2013-03-21 19:29:30.639772177,-298.3797686121723,-346.5174014657269,29.296875,6,-21.60512966755363,33.119263563602566,29.296875
3653,2013-03-21 20:38:46.475085497,-233.95086282334927,-85.46480882028985,25.390625,6,-19.258564836005597,33.77505657078816,25.390625
3654,2013-03-21 21:19:02.579852104,-238.17570910458358,-81.53920592336598,0.390625,6,-19.222636312269774,33.73538635178351,0.390625
3655,2013-03-21 21:37:28.528697968,-64.95701157397733,-184.58628196761748,30.859375,6,-20.166407176525635,35.3786292526435,30.859375
3656,2013-03-22 00:56:44.567220926,-237.119497534275,-187.53048414031036,31.640625,6,-20.179469589568825,33.73197571157797,31.640625
3657,2013-03-22 04:25:39.437606335,-186.4213421594634,31.321877363195163,31.640625,8,-18.208921484615136,34.237868293476566,31.640625
3658,2013-03-22 19:00:18.751926661,-270.91826778414935,-274.8751485968664,98.046875,8,-20.96313011401641,33.395586309833064,98.046875
3659,2013-03-22 20:13:26.257384300,-174.8030148860691,-93.31601461413757,50.390625,6,-19.335439641492936,34.336648299167905,50.390625
3660,2013-03-22 21:02:24.349808216,-151.56636033928044,-69.7623972325944,0.390625,8,-19.124611118663424,34.559558382291506,0.390625
3661,2013-03-23 01:54:28.853697777,-237.119497534275,-124.7208377895285,0.390625,6,-19.6125440238245,33.74003950420495,0.390625
3662,2013-03-23 12:38:56.562683821,-286.76144133877796,-90.37181244144469,23.046875,7,-19.29604675341421,33.27246245293357,23.046875
3663,2013-03-23 20:14:28.789790869,-214.93905455779492,-92.33461388990662,0.390625,6,-19.32269554721892,33.95500495083855,0.390625
3664,2013-03-23 22:40:14.487026930,-290.9862876200123,-274.8751485968664,49.609375,6,-20.960074684356567,33.202834466041075,49.609375
3665,2013-03-24 20:49:58.162850142,-151.56636033928044,-62.89259216297762,0.390625,6,-19.062569151640098,34.560095088149275,0.390625
3666,2013-03-27 02:29:31.737130642,-96.64335868323455,210.91820989746205,26.953125,6,-16.59229138551239,35.09439697758828,26.953125
3667,2013-03-28 01:43:48.485568285,-137.83560992526895,-209.12130007339164,99.609375,6,-20.38412661147635,34.67970955647689,99.609375
3668,2013-03-28 01:48:23.313472033,-124.10485951125752,230.54622438208136,43.359375,6,-16.41368311006403,34.838160701324234,43.359375
3669,2013-03-28 05:41:07.911156416,-138.89182149557752,-209.12130007339164,99.609375,6,-20.38404975069276,34.66959442889333,99.609375
3670,2013-03-28 20:36:19.819446802,-208.6017851359435,-85.46480882028985,25.390625,6,-19.261338658563282,34.01602008879248,25.390625
3671,2013-03-28 20:38:57.913682699,-164.2408991829833,-44.24597840258926,0.390625,6,-18.89319768202506,34.4412838568966,0.390625
3672,2013-03-29 13:41:58.724601984,-285.70522976846934,-106.07422402914017,12.109375,6,-19.437887038921588,33.280149253430615,12.109375
3673,2013-03-29 23:40:01.559629679,-164.2408991829833,0.8984549120352028,51.953125,7,-18.485497474690757,34.445009718993546,51.953125
3674,2013-03-30 02:04:37.109541655,-316.33536530741804,-313.14977684187403,51.953125,6,-21.301106725707175,32.95235710830743,51.953125
3675,2013-03-30 07:33:50.989029646,-104.0368396753946,-183.6048812433865,72.265625,6,-20.15582695496305,35.0048869586729,72.265625
3676,2013-04-06 08:27:22.025406361,-254.01888265921218,264.8952497301652,0.390625,7,-16.093312072954298,33.62622812999464,0.390625
3677,2013-04-08 03:06:41.489792824,-151.56636033928044,86.28031792012926,57.421875,6,-17.71526786552437,34.571242933204005,57.421875
3678,2013-04-09 05:19:29.456208467,-68.12564628490306,162.82957441014466,50.390625,6,-17.027789411053007,35.36015417220338,50.390625
3679,2013-04-09 12:27:05.164374352,-82.9126082692231,171.66218092822336,24.609375,8,-16.947501536555283,35.221610671770144,24.609375
3680,2013-04-09 23:13:58.755741358,-188.53376530008052,-141.404650101455,75.390625,6,-19.768396090020797,34.201230908736555,75.390625
3681,2013-04-11 14:22:54.373817205,-238.17570910458358,264.8952497301652,87.109375,6,-16.094904727265714,33.77419711955856,87.109375
3682,2013-04-13 07:28:42.549973249,-15.315067769474332,164.79237585860656,68.359375,6,-17.01100945223284,35.856169137564585,68.359375
3683,2013-04-14 16:49:04.438642263,-153.67878347989756,-31.487768987586694,25.390625,6,-18.778788066058354,34.54249242937187,25.390625
3684,2013-04-14 22:30:34.286901236,-132.55455207372611,338.50030404748765,0.390625,7,-15.437894214122961,34.76504664692743,0.390625
3685,2013-04-15 14:31:40.000697851,-114.59895537848034,147.1271628224492,95.703125,7,-17.167807359243763,34.92289983993596,95.703125
3686,2013-04-15 22:32:03.221989632,-83.96881983953166,-205.19569717646777,0.390625,8,-20.351813681823742,35.19581841115196,0.390625
3687,2013-04-16 03:42:34.669902563,-164.2408991829833,56.838296193200286,73.828125,6,-17.980278475985884,34.4494939281554,73.828125
3688,2013-04-16 17:42:17.397468090,-218.10768926872066,-91.35321316567564,65.234375,7,-19.31349518128985,33.92498405359036,65.234375
3689,2013-04-17 20:43:43.667842627,-67.06943471459448,207.9740077247691,80.859375,6,-16.619916041660932,35.37142014599405,80.859375
3690,2013-04-18 07:43:14.002832174,-133.61076364403468,88.2431193685912,69.921875,6,-17.698695721695824,34.740595102718345,69.921875
3691,2013-04-18 14:42:49.186465502,-239.23192067489214,263.9138490059342,74.609375,6,-16.103663578633874,33.76423277042963,74.609375
3692,2013-04-21 02:17:10.200421572,-118.82380165971465,76.4663106778196,49.609375,6,-17.805925078255754,34.879293117547256,49.609375
3693,2013-04-27 00:44:31.659196138,-0.5281057851542873,298.26287435401804,97.265625,8,-15.804961162691091,35.99507077071648,97.265625
3694,2013-04-27 01:36:10.448288679,-155.79120662051469,48.98709039935256,62.890625,6,-18.051811963027504,34.5286542355313,62.890625
3695,2013-04-27 04:17:34.169191360,-134.66697521434324,86.28031792012926,58.203125,6,-17.71636181653274,34.73051643408501,58.203125
3696,2013-04-30 13:58:04.324104309,-223.38874712026347,265.87665045439616,99.609375,6,-16.087436195426843,33.91240866317176,99.609375
3697,2013-05-01 20:14:33.249982595,-205.43315042501774,43.098686053966766,98.046875,6,-18.10084629411499,34.05940785239412,98.046875
3698,2013-05-02 05:26:48.751961708,-186.4213421594634,58.80109764166223,79.296875,6,-17.96076612848341,34.24034455680168,79.296875
3699,2013-05-03 12:18:35.403161287,-150.51014876897187,36.22888098434999,98.046875,6,-18.16741891602092,34.57758908079243,98.046875
3700,2013-05-04 03:05:42.311967134,-189.58997687038908,-85.46480882028985,49.609375,6,-19.26321087842732,34.19676865878063,49.609375
3701,2013-05-06 04:26:13.313380957,-0.5281057851542873,291.3930692844013,99.609375,8,-15.867043131435405,35.995069264904025,99.609375
3702,2013-05-08 07:06:07.697676897,-181.14028430792052,58.80109764166223,84.765625,6,-17.961211548383034,34.290176629077,84.765625
3703,2013-05-09 19:25:31.072423220,-174.8030148860691,-12.84115522719833,73.828125,6,-18.608728605151093,34.34384422242103,73.828125
3704,2013-05-14 06:27:28.850903273,-163.18468761267474,-120.79523489260464,28.515625,6,-19.584559840823427,34.44480759853974,28.515625
3705,2013-05-14 23:29:24.063159466,-135.72318678465183,264.8952497301652,0.390625,8,-16.102732433820634,34.73140452913865,0.390625
3706,2013-05-15 12:29:17.188455582,-245.56919009674363,267.8394519028581,74.609375,6,-16.067589718681475,33.70544805513424,74.609375
3707,2013-05-16 22:00:50.020160198,-74.46291570675452,123.57354544090602,33.203125,8,-17.382274497718832,35.29930301819546,33.203125
3708,2013-05-17 15:35:44.601193428,-229.72601654211496,267.8394519028581,94.921875,6,-16.069125150717323,33.85340611240956,94.921875
3709,2013-05-21 15:16:14.156644344,-229.72601654211496,259.9882461090104,77.734375,7,-16.14002411348527,33.852643441424505,77.734375
3710,2013-05-23 10:23:42.522745848,-138.89182149557752,19.545068672423568,51.171875,6,-18.318895065728864,34.68623534361571,51.171875
3711,2013-05-24 04:49:27.624462366,-50.17004958965729,183.43898961899495,62.890625,8,-16.842029917214337,35.52925407304134,62.890625
3712,2013-05-25 15:23:53.634983778,-167.40953389390904,25.433473017809362,62.109375,6,-18.263668107564968,34.41704125990073,62.109375
3713,2013-05-26 06:46:47.169487476,-85.02503140984025,114.74093892282731,14.453125,6,-17.46170079024862,35.199572368652,14.453125
3714,2013-06-03 00:35:48.524739504,-110.37410909724603,393.45874460442184,0.390625,7,-14.942343644436438,34.974068346841605,0.390625
3715,2013-06-03 02:46:56.432638884,-90.30608926138312,227.60202220938842,19.140625,6,-16.441797035113307,35.15443186925188,19.140625
3716,2013-06-03 14:23:29.655331135,-228.6698049718064,259.9882461090104,76.953125,7,-16.140123303190954,33.86251137315961,76.953125
3717,2013-06-05 04:52:10.758705378,-160.016052901749,55.85689546896932,73.828125,6,-17.989457106105164,34.48929259452763,73.828125
3718,2013-06-05 14:05:31.985805273,-270.91826778414935,-55.041386369129896,88.671875,6,-18.97938653280822,33.427984255241356,88.671875
3719,2013-06-05 15:30:58.955564499,-238.17570910458358,270.78365407555094,86.328125,6,-16.041733123611543,33.774788628427544,86.328125
3720,2013-06-07 20:04:12.605915070,-152.622571909589,121.61074399244409,90.234375,6,-17.396070509806997,34.56380677111831,90.234375
3721,2013-06-08 00:26:24.632844687,-190.6461884406977,-76.63220230221117,0.390625,6,-19.183359239249558,34.18760144399864,0.390625
3722,2013-06-08 03:35:58.614557981,-79.74397355829736,191.29019541284273,41.015625,6,-16.770268094388037,35.252053776840725,41.015625
3723,2013-06-10 06:51:42.106847525,-180.08407273761196,32.30327808742613,78.515625,6,-18.200599459843865,34.297837101936906,78.515625
3724,2013-06-15 01:00:38.423269033,-152.622571909589,121.61074399244409,91.796875,6,-17.396070509806997,34.56380677111831,91.796875
3725,2013-06-15 17:40:15.389868021,-135.72318678465183,-112.94402909875691,94.140625,6,-19.515721006611464,34.70703317474811,94.140625
3726,2013-06-16 13:45:26.858464479,-117.76759008940606,87.26171864436024,70.703125,6,-17.70846112164176,34.889855248558185,70.703125
3727,2013-06-17 15:36:27.237424612,-237.119497534275,266.85805117862714,78.515625,6,-16.07728331273333,33.78425884551216,78.515625
3728,2013-06-21 02:57:20.705351353,-220.2201124093378,-4.008548709119629,91.015625,6,-18.524708711341653,33.91470233586124,91.015625
3729,2013-06-22 00:45:47.152276993,-181.14028430792052,-9.89695305450543,84.765625,6,-18.58160373218834,34.28408823225706,84.765625
3730,2013-06-23 03:11:57.651095390,-182.19649587822914,41.13588460550482,77.734375,6,-18.12065608697591,34.278658703956935,77.734375
3731,2013-06-23 07:33:11.326079607,-167.40953389390904,272.7464555240129,76.953125,7,-16.02984637197319,34.43586091121789,76.953125
3732,2013-06-24 01:42:23.057323217,-93.47472397230884,48.005689675121594,44.921875,7,-18.064262322149773,35.117079847112365,44.921875
3733,2013-06-28 01:15:36.525697470,-176.91543802668622,-76.63220230221117,55.859375,7,-19.18460198559834,34.3180909407255,55.859375
3734,2013-07-02 03:22:25.501417160,-134.66697521434324,-36.39477260874153,0.390625,6,-18.824427610649753,34.722432721962775,0.390625
3735,2013-07-03 00:13:02.829312801,-91.36230083169171,-6.95275088181253,24.609375,6,-18.56083039896798,35.134567527536454,24.609375
3736,2013-07-03 15:01:00.159090042,-270.91826778414935,256.06264321208647,11.328125,7,-16.171239660866725,33.46739987225092,11.328125
3737,2013-07-04 01:50:20.110700846,-117.76759008940606,86.28031792012926,69.140625,6,-17.71732668791113,34.889800710330675,69.140625
3738,2013-07-05 23:34:33.298440933,-121.99243637064036,89.22452009282217,62.109375,6,-17.69050121607704,34.850148086539726,62.109375
3739,2013-07-08 19:59:52.439435720,-167.40953389390904,54.875494744738354,72.265625,6,-17.99776424332632,34.41943104034559,72.265625
3740,2013-07-10 00:22:26.842200041,-117.76759008940606,87.26171864436024,69.140625,6,-17.70846112164176,34.889855248558185,69.140625
3741,2013-07-10 22:54:44.912348509,-172.6905917454519,58.80109764166223,85.546875,6,-17.961897634224183,34.369910889341796,85.546875
3742,2013-07-11 07:24:10.177076101,-75.51912727706308,195.2157983097666,50.390625,6,-16.73493846170513,35.29180898542238,50.390625
3743,2013-07-11 15:10:35.167132616,-270.91826778414935,269.8022533513201,49.609375,6,-16.047200766342527,33.468974119765655,49.609375
3744,2013-07-12 01:54:20.231250525,-213.88284298748636,-4.008548709119629,99.609375,6,-18.525361110568618,33.97468283873218,99.609375
3745,2013-07-12 19:48:15.027695894,-204.37693885470918,7.768259981651969,76.171875,6,-18.419966544924478,34.06585099245812,76.171875
3746,2013-08-01 04:02:11.329474688,-100.86820496446886,378.73773374095737,0.390625,6,-15.075747951847719,35.06183700612615,0.390625
3747,2013-08-14 06:10:43.100288153,-100.86820496446886,379.71913446518835,0.390625,6,-15.066879684199398,35.06187586717081,0.390625
3748,2013-08-15 15:43:51.475121260,-101.92441653477745,375.7935315682644,0.390625,6,-15.102311773413595,35.051896308874205,0.390625
3749,2013-08-26 01:13:34.439069748,-161.0722644720576,170.68078020399238,0.390625,6,-16.95225226114646,34.48791221975603,0.390625
