event_id,located,origin_time,latitude,longitude,depth_km,x_km,y_km,z_km,rms_s,nphs,gap_deg,dist_km,pmax,deslocamento_horizontal_km,abs_delta_depth_km,delta_rms_s,delta_gap_deg,qc_flag,convergencia_estavel,horiz_dist_km,coh_flag
event_000001,True,"2011-03-26T10:28:23,689",-18.325897,34.653385,12.011719,-47.5312,28.9453,12.0527,0.173161,8.0,156411,65.3847,3266720.0,0.0,0.0,-0.032704,0.0,A_ALTA_QUALIDADE,True,0.0,A_COERENCIA_ACEITE
event_000006,True,"2011-03-27T00:12:24,012",-18.710356,34.544367,12.011719,-58.9062,-13.8047,12.0527,0.230668,11.0,183007,46029,618547000000.0,0.8124282774000396,0.0,-0.050795,-0.9569999999999936,A_ALTA_QUALIDADE,True,0.0,A_COERENCIA_ACEITE
event_000014,True,"2011-03-29T07:22:58,908",-18.758414,34.482472,21.855469,-65.4062,-19.1484,21.8145,0.173952,12.0,181325,37.6595,1.33274e+17,0.8125130655544034,0.2460939999999993,-0.032997,-1.1129999999999995,A_ALTA_QUALIDADE,True,0.0,A_COERENCIA_ACEITE
event_000015,True,"2011-03-29T09:56:06,993",-18.806471,34.343352,15.128906,-80.4375,-24.0469,13.1602,0.152617,8.0,217545,24824,3064390000.0,0.6014862397521669,2.009765999999999,-0.028656,-1.4980000000000189,A_ALTA_QUALIDADE,True,0.6014862397521669,A_COERENCIA_ACEITE
event_000023,True,"2011-03-30T11:48:54,993",-18.798462,34.443731,18.574219,-69.0625,-24.0469,19.2305,0.0946507,8.0,132033,30.6273,1052770000.0,0.6016985441917129,1.271484000000001,-0.0415195,-1.89100000000002,A_ALTA_QUALIDADE,True,0.6016227256098128,A_COERENCIA_ACEITE
event_000031,True,"2011-03-31T04:42:15,286",-18.209758,34.680609,41.132812,-44.6875,41.8594,41.8711,0.317923,10.0,148491,60.6865,422906000000.0,1.296627725841571,5.619140999999999,-0.009899,-1.378999999999991,A_ALTA_QUALIDADE,True,0.0,A_COERENCIA_ACEITE
event_000033,True,"2011-03-31T10:01:42,081",-18.758414,34.428454,17.425781,-71.0938,-19.1484,17.3848,0.106851,11.0,172799,33.9553,1421280000000000.0,0.0,0.8203120000000013,-0.002172,0.0,A_ALTA_QUALIDADE,True,0.0,A_COERENCIA_ACEITE
event_000044,True,"2011-04-01T22:35:23,595",-17.98549,35.418659,25.054688,33.3125,66.7969,24.9727,0.0570826,8.0,218571,20.7833,37647900.0,1.6250255102979585,0.65625,-0.0246815,5.109000000000009,A_ALTA_QUALIDADE,True,0.0,A_COERENCIA_ACEITE
event_000046,True,"2011-04-01T23:36:40,921",-18.852526,34.414564,18.943359,-72.7188,-29.8359,19.5176,0.18603,10.0,145621,24.9863,82571900000.0,0.6479730881758887,0.0615230000000011,-0.061824,-1.7789999999999964,A_ALTA_QUALIDADE,True,0.3019851552026644,A_COERENCIA_ACEITE
event_000047,True,"2011-04-02T00:01:40,533",-18.418007,35.172994,13.570312,7.3125,18.7031,13.6523,0.195956,10.0,216236,73.5177,61056600.0,0.0,0.65625,-0.0144569999999999,0.0,A_ALTA_QUALIDADE,True,0.0,A_COERENCIA_ACEITE
event_000071,True,"2011-04-04T23:29:43,729",-19.094816,34.365234,20.378906,-77.5938,-56.5547,20502,0.120595,11.0,214.57,17.3748,12553600000000.0,0.0,0.1640629999999987,-0.0075689999999999,0.0,A_ALTA_QUALIDADE,True,0.0,A_COERENCIA_ACEITE
event_000076,True,"2011-04-05T02:53:19,435",-18.277839,34.668901,12.011719,-45.9062,34.2891,12.0527,0.148977,9.0,153583,63.5187,214606000000.0,0.8124761020623631,0.0820309999999988,-0.006899,-0.7110000000000127,A_ALTA_QUALIDADE,True,0.0,A_COERENCIA_ACEITE
event_000094,True,"2011-04-06T22:15:26,728",-18.786447,34.447637,21.773438,-68.8594,-22043,21917,0.182372,10.0,126045,30.6089,11718700000.0,0.4062464427280443,0.041015999999999,0.00059,-0.4110000000000013,A_ALTA_QUALIDADE,True,0.30195895840397,A_COERENCIA_ACEITE
event_000095,True,"2011-04-07T00:11:55,806",-18.185729,34.903711,11.765625,-20.7188,45.8672,12.0527,0.208007,8.0,141732,68.0299,108594000.0,0.0,0.0820309999999988,-0.0001879999999999,0.0,A_ALTA_QUALIDADE,True,1.3967202204519362,A_COERENCIA_ACEITE
event_000099,True,"2011-04-08T01:07:21,741",-18.786447,34.401328,20.460938,-73.3281,-22043,20.3584,0.159382,13.0,172888,30.2989,5.06742e+20,1.038949980132054,0.5126959999999983,-0.034142,-2.093999999999994,A_ALTA_QUALIDADE,True,0.649595764368616,A_COERENCIA_ACEITE
event_000107,True,"2011-04-09T21:55:51,743",-18.309878,34.64573,12.667969,-48.3438,30.7266,12709,0.234589,10.0,115061,57.4306,757283000000.0,0.0,6.480469000000001,-0.032343,0.0,A_ALTA_QUALIDADE,True,0.0,A_COERENCIA_ACEITE
event_000114,True,"2011-04-10T23:24:01,975",-18.868545,34.395194,18.123047,-74.5469,-31.3945,18.1436,0.189127,13.0,147661,22.5841,5.03346e+16,0.3008377313472454,0.3076170000000005,-0.020309,-1.1599999999999966,A_ALTA_QUALIDADE,True,0.0,A_COERENCIA_ACEITE
event_000116,True,"2011-04-10T23:47:53,685",-18.748402,34.476722,11.970703,-66.0156,-17.5898,12.0322,0.194388,14.0,115031,28.7404,2.88013e+21,0.0,0.2050779999999985,-0.0295549999999999,0.0,A_ALTA_QUALIDADE,True,0.4453390971772465,A_COERENCIA_ACEITE
event_000117,True,"2011-04-11T00:21:21,815",-19.190931,34.078538,17.425781,-107656,-67.2422,17.3848,0.219367,12.0,215243,25.0328,1514170000000000.0,1.2019695467840754,0.1640629999999987,0.019667,-3.269000000000005,A_ALTA_QUALIDADE,True,0.0,A_COERENCIA_ACEITE
event_000120,True,"2011-04-11T02:55:11,105",-19.054768,34.342221,20.707031,-80.0312,-52.1016,20748,0.113604,8.0,191926,12.9459,250979000.0,0.0,0.2460939999999993,0.0097179999999999,0.0,A_ALTA_QUALIDADE,True,0.0,A_COERENCIA_ACEITE
event_000125,True,"2011-04-11T16:34:52,338",-18.325897,34.714964,12.011719,-41.4375,29.3906,12.0117,0.162574,8.0,161547,69.9818,2348950.0,0.0,0.0,-0.029147,0.0,A_ALTA_QUALIDADE,True,0.6021113399146542,A_COERENCIA_ACEITE
event_000133,True,"2011-04-12T15:41:26,138",-18.710356,34.544367,22.511719,-59.3125,-13.3594,21.3633,0.253365,8.0,103498,24284,23976900.0,0.0,0.984375,0.0321039999999999,0.0,A_ALTA_QUALIDADE,True,0.6017713356751585,A_COERENCIA_ACEITE
event_000134,True,"2011-04-12T15:56:08,997",-18.718366,34.490335,23.332031,-64.5938,-14.6953,23291,0.136275,9.0,176877,41.5027,49815500000.0,0.6017634318392294,1.5175780000000003,-0.0177309999999999,-1.070999999999998,A_ALTA_QUALIDADE,True,0.0,A_COERENCIA_ACEITE
event_000140,True,"2011-04-13T20:36:45,917",-18.430021,34.606901,11.519531,-52.4062,17.3672,11.4785,0.224296,12.0,158238,45405,2968580000000000.0,0.0,0.2460940000000011,-0.033973,0.0,A_ALTA_QUALIDADE,True,0.0,A_COERENCIA_ACEITE
event_000142,True,"2011-04-13T21:36:00,937",-18.225777,34.8652,10.289062,-25.1875,40.0781,12.0117,0.125854,9.0,166779,75132,1955040000.0,0.6024758516676453,0.0410149999999998,0.0137329999999999,-0.771000000000015,A_ALTA_QUALIDADE,True,0.0,A_COERENCIA_ACEITE
event_000155,True,"2011-04-15T22:15:26,998",-18.117648,35.04602,25.957031,-6.09375,52.1016,25916,0.137258,9.0,154772,52.8088,10463200000.0,0.6028651579719353,2.0097650000000016,-0.0001859999999999,-0.075000000000017,A_ALTA_QUALIDADE,True,0.0,A_COERENCIA_ACEITE
event_000158,True,"2011-04-16T11:10:49,546",-18.726376,34.505737,24.808594,-63375,-16.0312,25.7109,0.186486,10.0,111497,26.7543,134994000000.0,1.2961284419522128,1.271484000000001,-0.046244,-1.561000000000007,A_ALTA_QUALIDADE,True,0.6037266146902218,A_COERENCIA_ACEITE
event_000164,True,"2011-04-16T19:01:58,131",-18.257816,34.788213,11.929688,-32.9062,36.9609,11.9707,0.250729,9.0,162705,73.4067,1701900000.0,1.20456173895956,0.0,0.019566,-1.492999999999995,A_ALTA_QUALIDADE,True,0.6032858966289059,A_COERENCIA_ACEITE
event_000168,True,"2011-04-17T05:56:51,593",-18.357935,34.661001,33.832031,-46.7188,25.3828,33873,0.238357,10.0,118827,51.8918,338765000000.0,0.6034832435747969,0.1230469999999996,-0.0150309999999999,-0.4590000000000032,A_ALTA_QUALIDADE,True,0.0,A_COERENCIA_ACEITE
event_000173,True,"2011-04-17T20:53:00,534",-19.046758,34.43502,22.839844,-70.2812,-51.2109,22.8809,0.0983451,10.0,199371,21.8639,15420200000.0,0.0,0.2460939999999993,-0.0058083,0.0,A_ALTA_QUALIDADE,True,0.0,A_COERENCIA_ACEITE
event_000178,True,"2011-04-18T08:37:44,618",-18.982682,34.257552,18.410156,-88.9688,-44.0859,18.5332,0.0737447,9.0,187646,3.37451,579135000000.0,0.647732622982949,0.1025390000000001,-0.014293,-8.786000000000001,A_ALTA_QUALIDADE,True,0.0,A_COERENCIA_ACEITE
event_000183,True,"2011-04-18T21:49:35,852",-18.774433,34.459261,15.457031,-67.6406,-20707,15.4775,0.20051,16.0,123142,29.6028,7.626879999999999e+28,0.4061701267899886,0.369140999999999,-0.028133,-0.3430000000000035,A_ALTA_QUALIDADE,True,0.3018976627336481,A_COERENCIA_ACEITE
event_000203,True,"2011-04-21T01:49:57,484",-19.142873,34.303142,17.917969,-84.0938,-61.8984,17959,0.234413,10.0,215596,17.3575,6050520000000.0,0.0,0.2460939999999993,0.0208679999999999,0.0,A_ALTA_QUALIDADE,True,0.0,A_COERENCIA_ACEITE
event_000204,True,"2011-04-21T02:13:29,742",-18.710356,34.505793,24.480469,-62.7656,-13.1367,23.8037,0.179149,9.0,140946,27.4056,243692000000.0,0.3009703623993703,0.1435549999999992,0.0121989999999999,0.1560000000000059,A_ALTA_QUALIDADE,True,0.6988094018984421,A_COERENCIA_ACEITE
event_000211,True,"2011-04-21T21:39:39,190",-18.752407,34.457416,15.826172,-68.0469,-18.4805,15.8877,0.256457,13.0,116282,30.4638,8.35314e+20,0.601626292567333,2.337890999999999,-0.034439,-1.581000000000003,A_ALTA_QUALIDADE,True,0.0,A_COERENCIA_ACEITE
event_000212,True,"2011-04-21T22:15:48,317",-18.772431,34.526797,9.345703,-60.7344,-20707,9.3252,0.246984,10.0,127359,22.8332,34695600000000.0,0.6017356083339432,1.7636719999999997,-0.035347,-1.7390000000000183,A_ALTA_QUALIDADE,True,0.0,A_COERENCIA_ACEITE
event_000214,True,"2011-04-21T23:34:54,668",-18.289854,34.926679,21.773438,-18.2812,33.3984,21.8145,0.268475,12.0,155393,62.6016,1048870000000000.0,0.8125441583118388,1.0664060000000006,0.0115389999999999,-1.157000000000011,A_ALTA_QUALIDADE,True,0.6030216133181657,A_COERENCIA_ACEITE
event_000215,True,"2011-04-21T23:48:47,303",-18.860536,34.35662,16.646484,-78.6094,-30.5039,16708,0.188772,16.0,136102,20.3825,4.86365e+29,0.4062730331123834,0.0,-0.015798,-0.9379999999999882,A_ALTA_QUALIDADE,True,0.0,A_COERENCIA_ACEITE
event_000221,True,"2011-04-23T16:14:25,848",-19.319084,33.891905,30.878906,-127156,-81.4922,31002,0.105937,9.0,214.43,12.2681,6005910000000.0,1.2013348325386974,0.0,-0.0284789999999999,-2.2819999999999823,A_ALTA_QUALIDADE,True,0.0,A_COERENCIA_ACEITE
event_000227,True,"2011-04-24T03:50:45,413",-19.327093,33.899589,31.207031,-126344,-82.3828,31248,0.0910874,8.0,216712,13.4277,5014620000.0,0.6006986848921547,0.2871090000000009,-0.0273447999999999,-1.1340000000000146,A_ALTA_QUALIDADE,True,0.0,A_COERENCIA_ACEITE
event_000229,True,"2011-04-24T16:52:27,263",-18.83851,34.420412,27.433594,-71.9062,-28.0547,27.4746,0.219701,8.0,141019,26.7806,22289800000.0,0.3007797642349866,0.1025390000000001,0.0317679999999999,-1.049999999999983,A_ALTA_QUALIDADE,True,0.0,A_COERENCIA_ACEITE
event_000254,True,"2011-04-27T20:10:42,106",-19.032742,34.409955,23.455078,-72.9219,-49.6523,23.4756,0.143086,13.0,194372,18.96,8.81324e+20,0.6015951096325945,0.041015999999999,-0.0299619999999999,-1.0749999999999886,A_ALTA_QUALIDADE,True,0.0,A_COERENCIA_ACEITE
event_000265,True,"2011-04-28T23:18:10,056",-18.26983,33.922518,12.011719,-124719,35.1797,12.0527,0.169733,9.0,161.81,30.0849,13419600000.0,1.3003255477445803,0.0410160000000008,0.001402,1.092999999999989,A_ALTA_QUALIDADE,True,0.0,A_COERENCIA_ACEITE
event_000280,True,"2011-05-01T15:16:03,702",-19.365139,33.854773,26.900391,-131016,-86.6133,26.9209,0.109979,13.0,207188,16.2386,5.75208e+21,0.9762210404823622,0.0410150000000015,-0.0294369999999999,-1.3920000000000243,A_ALTA_QUALIDADE,True,0.0,A_COERENCIA_ACEITE
event_000294,True,"2011-05-04T18:37:59,103",-19.174912,34.055429,18.246094,-110094,-65.4609,18.3691,0.117069,8.0,207107,22.9372,2304080000.0,1.9534804731635087,0.0,-0.0138929999999999,5.332999999999998,A_ALTA_QUALIDADE,True,0.0,A_COERENCIA_ACEITE
event_000305,True,"2011-05-06T20:56:05,983",-18.752407,34.476707,11.970703,-66.4219,-19.3711,11.9502,0.271009,12.0,122844,28.6755,5.26089e+18,0.4061990678678813,0.041015999999999,-0.043082,-0.416000000000011,A_ALTA_QUALIDADE,True,0.980143498651846,A_COERENCIA_ACEITE
event_000307,True,"2011-05-07T00:10:21,715",-19.174912,33.800135,6.433594,-136703,-65.2383,6.4541,0.22246,12.0,101602,6.69874,2.34577e+19,0.0,0.328125,-0.016763,0.0,A_ALTA_QUALIDADE,True,0.3025718264168467,A_COERENCIA_ACEITE
event_000310,True,"2011-05-07T06:04:48,896",-18.846519,34.381775,23.824219,-75.9688,-28.9453,23.8652,0.107509,8.0,136783,23.2882,785833000.0,0.6016272323360452,0.4511719999999997,-0.00414,-2.2130000000000223,A_ALTA_QUALIDADE,True,0.0,A_COERENCIA_ACEITE
event_000343,True,"2011-05-11T19:57:57,913",-18.886567,34.304375,17.753906,-84.0938,-33.3984,17.7949,0.102939,8.0,218175,14.8548,1173450000.0,0.0,0.2460939999999993,0.0021939999999999,0.0,A_ALTA_QUALIDADE,True,0.0,A_COERENCIA_ACEITE
event_000344,True,"2011-05-11T20:38:01,534",-18.357935,34.630205,5.449219,-49.5625,25.8281,6.10547,0.17305,12.0,215927,52.8534,1.54154e+17,0.0,0.328125,0.002387,0.0,A_ALTA_QUALIDADE,True,0.6036257101061827,A_COERENCIA_ACEITE
event_000346,True,"2011-05-12T00:33:00,073",-18.900584,34.452984,11.970703,-68.4531,-34957,11.9912,0.098612,10.0,167908,25.7219,399939000000.0,0.6015986702787958,0.0,-0.0431173,-1.4610000000000127,A_ALTA_QUALIDADE,True,0.0,A_COERENCIA_ACEITE
event_000348,True,"2011-05-12T00:49:21,034",-19.337105,33.591698,2.044922,-158641,-83.4961,2.02441,0.0598488,8.0,189804,29.2337,2649590000.0,0.4453541433065902,0.0410159999999999,-0.0133426999999999,-1.524000000000001,A_ALTA_QUALIDADE,True,0.0,A_COERENCIA_ACEITE
event_000349,True,"2011-05-12T01:49:07,355",-18.700344,34.507757,11.478516,-62.9688,-12.0234,7.04883,0.194803,10.0,142926,28.1162,254777000000.0,0.3009075814635626,0.8408199999999999,-0.024067,0.1299999999999954,A_ALTA_QUALIDADE,True,0.697495279154234,A_COERENCIA_ACEITE
event_000350,True,"2011-05-12T02:52:43,961",-18.702347,34.505822,11.847656,-62.7656,-12.6914,11.9912,0.211628,12.0,141876,27615,2.83592e+19,0.406238173182149,0.0,-0.040304,-0.6440000000000055,A_ALTA_QUALIDADE,True,0.3018962121404162,A_COERENCIA_ACEITE
event_000355,True,"2011-05-12T06:10:29,139",-18.718366,34.49805,25.300781,-63.7812,-14.6953,25.3418,0.201839,8.0,136133,27.6442,30978600000.0,0.8124951161743899,0.328125,0.0065359999999999,-1.167999999999978,A_ALTA_QUALIDADE,True,0.0,A_COERENCIA_ACEITE
event_000369,True,"2011-05-13T22:15:48,963",-18.820488,34.395397,24.685547,-74.5469,-26.0508,24.7061,0.183665,12.0,130463,26.4044,1.46958e+18,0.4061594410486425,0.041015999999999,-0.025182,-0.6709999999999923,A_ALTA_QUALIDADE,True,0.0,A_COERENCIA_ACEITE
event_000371,True,"2011-05-14T01:09:15,170",-18.718366,34.359179,17.425781,-78.4062,-14.6953,17.4668,0.135309,10.0,216035,34.1762,493618000000.0,0.8906802200675533,4.019530999999999,0.003978,0.4249999999999829,A_ALTA_QUALIDADE,True,0.0,A_COERENCIA_ACEITE
event_000375,True,"2011-05-14T03:41:30,709",-19.07279,34.432982,22.552734,-70.4844,-54.1055,22.5732,0.17541,14.0,203455,22.5081,4.21862e+23,0.6016001031730318,0.1640620000000012,0.0020499999999999,-1.0589999999999975,A_ALTA_QUALIDADE,True,0.0,A_COERENCIA_ACEITE
event_000378,True,"2011-05-14T13:21:19,697",-18.768426,34.38404,9.509766,-75.5625,-20.4844,10.3711,0.145304,9.0,113631,30.3204,4655190000000.0,0.3008463272263598,1.2919920000000005,-0.0154149999999999,-0.8439999999999941,A_ALTA_QUALIDADE,True,0.3006948460084216,A_COERENCIA_ACEITE
event_000382,True,"2011-05-14T22:57:01,862",-18.798462,34.366544,17.589844,-77.5938,-23.6016,17.6309,0.135912,9.0,118405,26.6008,307974000.0,0.0,0.5742189999999994,-0.0236779999999999,0.0,A_ALTA_QUALIDADE,True,0.0,A_COERENCIA_ACEITE
event_000385,True,"2011-05-15T02:11:10,454",-18.748402,34.503729,12.462891,-62.9688,-18.2578,13.5293,0.155812,11.0,129203,25.6312,5.35979e+16,0.3009332666048406,0.8408200000000008,-0.017244,0.2810000000000059,A_ALTA_QUALIDADE,True,0.3009234332579303,A_COERENCIA_ACEITE
event_000386,True,"2011-05-15T08:47:42,896",-18.670309,34.46737,24.152344,-67.0312,-9.35156,24.1934,0.236725,8.0,141707,32.9691,32080600.0,0.8125150558247759,0.4921879999999987,0.013364,-1.2280000000000086,A_ALTA_QUALIDADE,True,0.0,A_COERENCIA_ACEITE
event_000395,True,"2011-05-16T02:31:50,331",-18.832502,34.449388,17.548828,-68.8594,-27.3867,17.6104,0.172425,14.0,143205,29.5136,5.22925e+24,0.3019212288266429,1.1279299999999992,-0.0360199999999999,0.4819999999999993,A_ALTA_QUALIDADE,True,0.0,A_COERENCIA_ACEITE
event_000399,True,"2011-05-17T07:26:27,139",-18.790452,34.544101,16.277344,-58.9062,-22.7109,16.2363,0.114334,10.0,135495,20.6581,50124000000000.0,0.0,1.5585940000000011,-0.0172259999999999,0.0,A_ALTA_QUALIDADE,True,0.0,A_COERENCIA_ACEITE
event_000409,True,"2011-05-18T21:58:33,610",-18.776435,34.36857,11.970703,-77.3906,-21.1523,11.9912,0.140981,12.0,112594,28.8129,3.20723e+17,0.0,0.0,-0.019557,0.0,A_ALTA_QUALIDADE,True,0.0,A_COERENCIA_ACEITE
event_000415,True,"2011-05-19T22:39:47,906",-19.048761,34.355776,20.666016,-78.6094,-51.4336,20.7275,0.0761301,13.0,192097,13.9658,4.45564e+21,0.4453403148987897,0.041015999999999,-0.0160513999999999,-0.650999999999982,A_ALTA_QUALIDADE,True,0.0,A_COERENCIA_ACEITE
event_000428,True,"2011-05-20T22:01:06,459",-18.910596,34.427842,21.855469,-71.0938,-36.0703,21.8965,0.123986,10.0,168157,22.8611,3039520000000.0,0.8905677591043296,0.9023439999999994,-0.0007719999999999,-2.050999999999988,A_ALTA_QUALIDADE,True,0.0,A_COERENCIA_ACEITE
event_000430,True,"2011-05-21T01:51:49,513",-19.38316,33.790731,26.449219,-137719,-88.6172,26.4082,0.0931163,8.0,217858,18.9148,3244710000.0,0.0,0.4921879999999987,-0.0161036,0.0,A_ALTA_QUALIDADE,True,0.0,A_COERENCIA_ACEITE
event_000440,True,"2011-05-22T09:11:21,759",-18.934624,34.35822,18.574219,-78.8125,-38.2969,18.7383,0.0797026,8.0,165265,15.0261,54924400.0,0.0,0.328125,-0.0039915999999999,0.0,A_ALTA_QUALIDADE,True,0.6014083519367631,A_COERENCIA_ACEITE
event_000449,True,"2011-05-23T00:45:54,023",-18.912598,34.371836,20.419922,-76.9844,-36293,20.3994,0.216719,14.0,160.9,17.6522,5.32959e+21,0.3019958898940253,0.1435549999999992,0.00866,-0.4600000000000079,A_ALTA_QUALIDADE,True,0.0,A_COERENCIA_ACEITE
event_000457,True,"2011-05-23T21:13:12,219",-18.936627,34.286754,18.205078,-85.9219,-38.9648,18.2256,0.133164,13.0,143306,9.20635,2.01286e+20,0.6972609837173309,0.5537109999999998,-0.011371,-4.518999999999977,A_ALTA_QUALIDADE,True,0.0,A_COERENCIA_ACEITE
event_000460,True,"2011-05-24T02:12:35,631",-19.154888,34.074894,11.929688,-107656,-62.7891,11.9707,0.107362,10.0,205.73,23.0824,476068000000.0,1.201960249504442,0.0820309999999988,0.0120100999999999,-3.700000000000017,A_ALTA_QUALIDADE,True,0.60459962173042,A_COERENCIA_ACEITE
event_000492,True,"2011-05-26T21:36:52,942",-19.359132,33.759945,22.675781,-140969,-85.9453,22.6348,0.158675,9.0,210699,17674,455813000.0,0.0,0.1640620000000012,-0.004791,0.0,A_ALTA_QUALIDADE,True,0.0,A_COERENCIA_ACEITE
event_000493,True,"2011-05-26T22:45:38,519",-18.812478,34.441746,13.037109,-69.6719,-25.1602,13.0576,0.23803,11.0,134829,30.3923,155492000000000.0,0.3008831376977512,0.3896490000000003,-0.037852,-0.97199999999998,A_ALTA_QUALIDADE,True,0.0,A_COERENCIA_ACEITE
event_000504,True,"2011-05-27T18:49:45,016",-18.928617,34.414251,20.009766,-72.3125,-38.2969,20.0508,0.238511,14.0,172088,20.8302,5.58266e+23,0.3007757103899233,0.1435540000000017,-0.037302,-0.6899999999999977,A_ALTA_QUALIDADE,True,0.3008596482531284,A_COERENCIA_ACEITE
event_000520,True,"2011-05-29T02:06:32,240",-19.070787,33.538092,12.011719,-164328,-54.1055,11.9912,0.202995,12.0,106612,35.7899,5.82753e+17,0.4062815649448037,0.0410160000000008,-0.042766,0.0819999999999936,A_ALTA_QUALIDADE,True,0.3000383647767419,A_COERENCIA_ACEITE
event_000540,True,"2011-05-31T23:18:23,108",-18.389973,34.653218,6.433594,-47.5312,21.8203,6.55664,0.202245,12.0,215956,48.5225,9.29282e+17,0.0,0.0820319999999998,-0.002114,0.0,A_ALTA_QUALIDADE,True,0.0,A_COERENCIA_ACEITE
event_000551,True,"2011-06-03T02:41:10,408",-18.710356,34.428646,12.011719,-71.0938,-13.8047,12.0527,0.207633,8.0,128425,34.7599,85749800.0,0.6039015221161376,0.0410149999999998,0.0076929999999999,-1.268999999999977,A_ALTA_QUALIDADE,True,0.0,A_COERENCIA_ACEITE
event_000555,True,"2011-06-04T00:02:00,967",-18.720368,34.472968,26.900391,-66.4219,-14918,26.9619,0.240499,14.0,132111,29.9972,2.26814e+23,0.648071120693972,0.0205079999999995,0.0417869999999999,-0.3380000000000223,A_ALTA_QUALIDADE,True,0.0,A_COERENCIA_ACEITE
event_000557,True,"2011-06-04T00:57:55,522",-18.720368,34.472968,24.275391,-66.4219,-14918,24.3369,0.302352,13.0,132111,29.9972,5.28152e+21,0.4062954043054188,0.041015999999999,0.014855,-0.5260000000000105,A_ALTA_QUALIDADE,True,0.0,A_COERENCIA_ACEITE
event_000571,True,"2011-06-05T23:42:21,884",-18.876555,34.449216,19.927734,-68.8594,-32.2852,19.9893,0.154591,10.0,160402,26.6533,18605000000000.0,0.4062342149074058,0.2460939999999993,-0.0344909999999999,-0.6090000000000089,A_ALTA_QUALIDADE,True,0.0,A_COERENCIA_ACEITE
event_000573,True,"2011-06-06T01:07:41,887",-19.040751,34.263054,19.107422,-88.3594,-50543,19.0869,0.0716831,13.0,182066,5.37421,1.62695e+20,0.6013110213383558,0.1230469999999996,0.0129241999999999,-1.274000000000001,A_ALTA_QUALIDADE,True,0.0,A_COERENCIA_ACEITE
event_000575,True,"2011-06-06T02:05:03,172",-19.142873,34.450101,19.230469,-68.4531,-62.1211,19.0459,0.150398,13.0,216219,28.0507,1.17578e+20,0.9024433775336616,0.9228510000000014,-0.0149529999999999,-1.450000000000017,A_ALTA_QUALIDADE,True,0.3008961741738939,A_COERENCIA_ACEITE
event_000576,True,"2011-06-06T02:43:27,107",-19.054768,34.458179,18.410156,-68.0469,-51.8789,18.8408,0.263559,13.0,202767,24.1921,3.97791e+18,0.300746626535862,0.0615230000000011,-0.00462,-0.561000000000007,A_ALTA_QUALIDADE,True,0.300746626535862,A_COERENCIA_ACEITE
event_000588,True,"2011-06-07T22:19:00,758",-19.39117,33.798412,25.792969,-136906,-89.5078,25834,0.0859983,9.0,219987,19.5728,124663000000.0,0.0,0.5742189999999994,-0.0362904,0.0,A_ALTA_QUALIDADE,True,0.0,A_COERENCIA_ACEITE
event_000590,True,"2011-06-08T00:28:55,298",-19.39117,33.790666,27.269531,-137719,-88.6172,27.5566,0.0502318,8.0,217858,18.9148,57330100.0,0.8906986866521217,0.0820319999999981,-0.0106465999999999,-1.563999999999993,A_ALTA_QUALIDADE,True,0.8906986866521217,A_COERENCIA_ACEITE
event_000598,True,"2011-06-09T03:15:58,258",-18.758414,34.451605,14.144531,-68.0469,-19.3711,17.9385,0.103639,8.0,121219,30.2606,4008410000.0,0.3019091135444885,2.850585999999998,-0.0019719999999999,-0.6580000000000013,A_ALTA_QUALIDADE,True,0.6480030486541488,A_COERENCIA_ACEITE
event_000603,True,"2011-06-09T17:33:11,212",-19.39117,33.75968,21.199219,-140969,-89.5078,21.2402,0.199916,13.0,207862,20.8694,9.91355e+18,0.6005220296645395,0.1230469999999996,-0.0235019999999999,-0.828000000000003,A_ALTA_QUALIDADE,True,0.0,A_COERENCIA_ACEITE
event_000604,True,"2011-06-09T18:08:45,131",-18.744397,34.503744,15.087891,-63.1719,-17.5898,14083,0.14698,10.0,130512,26.0296,8035600000000.0,0.4062376257785606,0.369140999999999,-0.004571,-0.5169999999999959,A_ALTA_QUALIDADE,True,0.0,A_COERENCIA_ACEITE
event_000617,True,"2011-06-11T04:07:14,313",-18.405993,34.52226,18.738281,-61.3438,20.0391,18.7793,0.0530153,8.0,190247,51.0667,46923500.0,0.0,0.1640629999999987,0.0074793,0.0,A_ALTA_QUALIDADE,True,0.0,A_COERENCIA_ACEITE
event_000621,True,"2011-06-11T22:48:51,589",-18.574194,34.583357,12.832031,-54.8438,1.33594,12873,0.407048,9.0,181477,31.7283,26517500000.0,0.0,2.050780999999999,0.04109,0.0,A_ALTA_QUALIDADE,True,0.0,A_COERENCIA_ACEITE
event_000627,True,"2011-06-12T04:40:49,713",-18.756411,34.472834,6.966797,-66.4219,-18.9258,4.73145,0.062259,8.0,123799,28.7794,390848000.0,0.3009284220883514,1.4150390000000002,0.0053227999999999,0.2660000000000053,A_ALTA_QUALIDADE,True,0.0,A_COERENCIA_ACEITE
event_000628,True,"2011-06-12T05:02:02,621",-19.138868,33.657332,11.929688,-151531,-61.0078,11.9707,0.201392,9.0,154181,50.0075,290770000.0,1.2006028177282724,0.0,-0.012159,-2369,A_ALTA_QUALIDADE,True,0.6051845503038196,A_COERENCIA_ACEITE
event_000630,True,"2011-06-12T08:57:37,775",-18.774433,34.351214,17.589844,-79.2188,-20.9297,17.6309,0.104673,8.0,218019,28.1584,541052000.0,0.812541162885176,0.2460939999999993,-0.0175359999999999,-1.9569999999999936,A_ALTA_QUALIDADE,True,0.0,A_COERENCIA_ACEITE
event_000644,True,"2011-06-13T16:19:15,137",-18.670309,34.459657,24.808594,-67.8438,-9.35156,24.8496,0.169877,8.0,140506,33675,44909400.0,0.0,0.4101560000000006,-0.017346,0.0,A_ALTA_QUALIDADE,True,0.0,A_COERENCIA_ACEITE
event_000649,True,"2011-06-14T00:14:34,904",-18.798462,34.420575,19.722656,-71.9062,-23.6016,19.6816,0.154972,11.0,127134,29.9824,16137800000000.0,0.0,0.2460930000000019,-0.018039,0.0,A_ALTA_QUALIDADE,True,0.0,A_COERENCIA_ACEITE
event_000663,True,"2011-06-15T01:58:39,562",-19.188928,33.805827,6.720703,-135484,-67.4648,6.90527,0.163464,9.0,110.21,4.22636,26250100000.0,0.6050331531151173,0.0,-0.0096959999999999,8.280999999999992,A_ALTA_QUALIDADE,True,0.9236031506332272,A_COERENCIA_ACEITE
event_000690,True,"2011-06-19T22:09:17,873",-18.716364,34.496128,14.349609,-63.9844,-14.4727,15.5186,0.102737,10.0,136318,27.9202,2277810000000000.0,0.3008784132519611,2.358398000000001,-0.0072287,0.1850000000000022,A_ALTA_QUALIDADE,True,0.0,A_COERENCIA_ACEITE
event_000711,True,"2011-06-22T17:49:57,653",-18.718366,34.521195,23.824219,-61.3438,-14.6953,23.8652,0.245966,8.0,139749,25.4331,8888250000.0,0.0,1.3125,0.0081459999999999,0.0,A_ALTA_QUALIDADE,True,0.0,A_COERENCIA_ACEITE
event_000713,True,"2011-06-22T22:36:15,930",-18.934624,34.40457,21.199219,-73.5312,-38.7422,21.4863,0.205537,13.0,171928,19.5338,4.75163e+21,0.3019793687793779,0.3486329999999995,-0.0413479999999999,0.2990000000000066,A_ALTA_QUALIDADE,True,0.0,A_COERENCIA_ACEITE
event_000714,True,"2011-06-22T22:37:57,944",-18.748402,34.519162,14.595703,-61.5469,-18.0352,14.6572,0.166727,13.0,131537,24.3474,6.76276e+21,0.3009234332579303,0.799805000000001,-0.0239969999999999,0.2860000000000013,A_ALTA_QUALIDADE,True,0.0,A_COERENCIA_ACEITE
event_000716,True,"2011-06-23T00:29:57,091",-18.818486,34.416634,15.867188,-72.1094,-25.6055,15.9287,0.121305,13.0,132913,28.3602,1.03376e+20,0.3019343615135486,1.250977000000001,-0.032654,0.3950000000000102,A_ALTA_QUALIDADE,True,0.302014712951166,A_COERENCIA_ACEITE
event_000729,True,"2011-06-24T21:28:42,078",-18.502107,33.350737,12.011719,-184438,9.79688,12.0117,0.273361,11.0,190645,70.0231,145392000000.0,0.0,0.0,-0.049221,0.0,A_ALTA_QUALIDADE,True,0.6056669209967293,A_COERENCIA_ACEITE
event_000758,True,"2011-06-30T10:10:02,675",-18.748402,34.43814,12.052734,-70.2812,-18.2578,11.9707,0.105709,8.0,121.2,32.6873,20321500.0,0.8124463411203691,0.0,-0.0105496,-0.8169999999999931,A_ALTA_QUALIDADE,True,0.3019172878469222,A_COERENCIA_ACEITE
event_000760,True,"2011-06-30T22:46:13,306",-18.750404,34.428486,12.996094,-71.0938,-18.2578,13.0371,0.186754,10.0,120397,33.4781,1080410000000.0,0.0,1.3125,-0.038122,0.0,A_ALTA_QUALIDADE,True,0.0,A_COERENCIA_ACEITE
event_000767,True,"2011-07-01T16:38:01,818",-18.748402,34.48058,11.806641,-66.0156,-17.5898,7.35645,0.219471,10.0,127093,28.7404,304321000000000.0,0.9025740877806324,3.958008,-0.0326049999999999,0.7460000000000093,A_ALTA_QUALIDADE,True,0.6017214986283229,A_COERENCIA_ACEITE
event_000777,True,"2011-07-03T01:43:39,978",-18.790452,34.412889,27.597656,-72.3125,-22.2656,27.4336,0.246545,9.0,122729,30.7471,1297820000.0,0.6016536493298879,0.2871090000000009,0.0381969999999999,-1.7960000000000065,A_ALTA_QUALIDADE,True,0.6039949821750937,A_COERENCIA_ACEITE
event_000924,True,"2011-07-21T07:20:00,244",-18.926615,34.257836,15.457031,-88.9688,-37.8516,15416,0.0741498,9.0,202314,8.77723,10135600000.0,0.8125409535273064,0.0820320000000016,3.8300000000005e-05,-5.347000000000008,A_ALTA_QUALIDADE,True,0.0,A_COERENCIA_ACEITE
event_000967,True,"2011-07-22T18:29:41,545",-18.82249,34.32012,14.472656,-82.4688,-26.2734,14.5137,0.0822942,8.0,213991,21.9382,97843000.0,0.8125197049823697,0.1640630000000005,-0.0111085,-2.3719999999999857,A_ALTA_QUALIDADE,True,0.0,A_COERENCIA_ACEITE
event_001072,True,"2011-07-27T16:05:49,649",-19.38316,33.806223,27.269531,-136094,-88.6172,27.3105,0.12532,8.0,219023,54.1067,27795800.0,0.0,1.3125,-0.0075449999999999,0.0,A_ALTA_QUALIDADE,True,0.0,A_COERENCIA_ACEITE
event_001238,True,"2011-08-04T18:03:26,988",-18.968665,34.247965,18.451172,-89.9844,-42.5273,18.4307,0.120826,8.0,207518,4.03213,116817000000.0,0.6013580490807605,0.328125,-0.0009139999999999,-8.442000000000007,A_ALTA_QUALIDADE,True,0.0,A_COERENCIA_ACEITE
event_001256,True,"2011-08-05T19:01:44,569",-19.385163,33.773286,23.865234,-139547,-88.8398,23.8447,0.100256,10.0,216981,17.5762,141867000000000.0,0.445349747854347,0.0,-0.032364,-0.7980000000000018,A_ALTA_QUALIDADE,True,0.0,A_COERENCIA_ACEITE
event_001279,True,"2011-08-07T03:40:55,126",-19.361134,33.70765,24.439453,-146656,-85.9453,24.4395,0.113689,12.0,206646,18.4885,2.08176e+17,1.668867834701618,0.0205079999999995,-0.0329359999999999,-3.474000000000018,A_ALTA_QUALIDADE,True,0.3002120056974519,A_COERENCIA_ACEITE
event_001329,True,"2011-08-08T20:46:10,064",-19.171908,33.799192,6.987305,-137312,-65.0156,6.92578,0.200136,12.0,91.5894,7.52006,2.68702e+20,0.0,0.0,-0.020509,0.0,A_ALTA_QUALIDADE,True,0.3235921916989919,A_COERENCIA_ACEITE
event_001374,True,"2011-08-12T11:02:01,206",-19.110835,33.514513,12.011719,-166562,-57.8906,12.0117,0.263156,9.0,103.25,35.0107,1593490000000.0,0.696424173493371,0.0205079999999995,-0.0196049999999999,0.6839999999999975,A_ALTA_QUALIDADE,True,0.6055269901668391,A_COERENCIA_ACEITE
event_001377,True,"2011-08-12T18:46:40,466",-19.180919,33.844572,2.865234,-132234,-66.1289,2.88574,0.0608762,8.0,137347,6.29827,358993000.0,0.4062257870413688,0.5332029999999999,-0.0015104,-3.588999999999998,A_ALTA_QUALIDADE,True,0.0,A_COERENCIA_ACEITE
event_001386,True,"2011-08-14T03:53:16,858",-19.220967,33.855873,13.611328,-131016,-70582,13.6318,0.193736,12.0,189685,3.77941,3.46079e+19,0.9761933905479272,0.2050780000000003,-0.041443,-3.3470000000000084,A_ALTA_QUALIDADE,True,0.0,A_COERENCIA_ACEITE
event_001390,True,"2011-08-14T15:30:55,478",-19.39117,33.798412,17.261719,-136906,-89.5078,17.3027,0.0691686,9.0,219987,17.6718,47991100000.0,0.8906978874590181,0.0820310000000006,-0.0317524,-1.5409999999999968,A_ALTA_QUALIDADE,True,0.0,A_COERENCIA_ACEITE
event_001403,True,"2011-08-15T13:06:56,146",-19.171908,33.799192,6.987305,-136703,-67.0195,7.02832,0.190243,8.0,91.0479,5.43609,29551100000.0,0.0,0.0,-0.029453,0.0,A_ALTA_QUALIDADE,True,1.914704779208796,A_COERENCIA_ACEITE
event_001420,True,"2011-08-17T00:13:58,700",-18.834505,34.308483,15.539062,-83.6875,-27.6094,16.9336,0.0860273,8.0,211594,20.2246,108747000.0,0.6015051905871575,0.943359000000001,0.0160733,-1.76400000000001,A_ALTA_QUALIDADE,True,0.0,A_COERENCIA_ACEITE
event_001459,True,"2011-08-20T09:06:20,481",-19.128857,33.578146,23.044922,-160469,-60.1172,22.5527,0.177924,12.0,107418,28.5394,3.36893e+19,0.6964769045030904,0.7587890000000002,-0.047275,-1.848999999999989,A_ALTA_QUALIDADE,True,0.3001335306475241,A_COERENCIA_ACEITE
event_001462,True,"2011-08-20T17:14:22,611",-18.113643,33.650653,31.945312,-152344,52.9922,32.7246,0.253334,10.0,211573,56.4098,47972900000.0,1.210377518741973,1.886718000000002,-0.053246,0.592000000000013,A_ALTA_QUALIDADE,True,1.3008576589969314,A_COERENCIA_ACEITE
event_001491,True,"2011-08-23T07:28:23,397",-19.124852,33.980342,9.509766,-118016,-59.8945,9.48926,0.192788,10.0,171065,20.4665,3482810000000000.0,0.0,0.1230469999999996,-0.015055,0.0,A_ALTA_QUALIDADE,True,0.0,A_COERENCIA_ACEITE
event_001494,True,"2011-08-23T10:52:38,345",-19.230979,33.791952,24.808594,-137719,-71.6953,24.8496,0.0909403,8.0,152507,3.21323,43394300000.0,0.0,0.328125,-0.0401937999999999,0.0,A_ALTA_QUALIDADE,True,0.0,A_COERENCIA_ACEITE
event_001499,True,"2011-08-24T00:54:02,778",-19.1649,34.080633,16.072266,-107453,-64.3477,16.0518,0.125378,12.0,209666,24.0902,7.83694e+18,0.6010250031658211,0.328125,-0.0018659999999999,-1.7830000000000157,A_ALTA_QUALIDADE,True,0.0,A_COERENCIA_ACEITE
event_001519,True,"2011-08-25T19:01:27,711",-18.710356,34.505793,11.519531,-62.9688,-13.8047,11.4785,0.0896694,8.0,139221,27.2842,207637000.0,0.8125335960778315,0.4921869999999995,0.0166861999999999,-1.2439999999999998,A_ALTA_QUALIDADE,True,0.0,A_COERENCIA_ACEITE
event_001525,True,"2011-08-26T00:46:57,840",-18.718366,34.48262,17.589844,-65.4062,-14.6953,17.7129,0.0876596,9.0,175777,40.9793,211129000000.0,0.6038927931127218,2.1738280000000003,-0.0461566,0.0339999999999918,A_ALTA_QUALIDADE,True,0.0,A_COERENCIA_ACEITE
event_001526,True,"2011-08-26T02:00:47,504",-17.773236,35.046132,5.285156,-5.6875,89.9531,6.43359,0.295629,13.0,163.9,38.7841,1.28892e+18,0.6026790085569809,1.927735,-0.0461759999999999,-0.4710000000000036,A_ALTA_QUALIDADE,True,0.6026790085569809,A_COERENCIA_ACEITE
event_001541,True,"2011-08-27T06:50:01,816",-18.349926,34.730307,12.011719,-39.4062,26.2734,12.0527,0.17211,8.0,165977,73.4547,16426600.0,0.0,0.0,-0.0090019999999999,0.0,A_ALTA_QUALIDADE,True,0.0,A_COERENCIA_ACEITE
event_001544,True,"2011-08-27T13:00:24,445",-19.174912,34.248833,22.183594,-89.7812,-65.4609,22.1426,0.218613,12.0,215934,19.31,3.64852e+18,0.6012907995422552,0.041015999999999,0.006095,-0.4689999999999941,A_ALTA_QUALIDADE,True,0.0,A_COERENCIA_ACEITE
event_001546,True,"2011-08-27T19:39:24,135",-17.797265,35.207283,2.003906,10.9688,87.7266,2.04492,0.205592,12.0,158156,22.0555,83939700000000.0,0.6029989764184635,0.0410159999999999,-0.033912,0.4279999999999972,A_ALTA_QUALIDADE,True,0.0,A_COERENCIA_ACEITE
event_001550,True,"2011-08-27T23:18:29,871",-18.936627,34.329242,20.666016,-81.4531,-38.9648,20.6455,0.144707,14.0,192171,12.4586,4.84903e+22,0.6014808991561189,0.4101560000000006,-0.00936,-2.937000000000012,A_ALTA_QUALIDADE,True,0.0,A_COERENCIA_ACEITE
event_001551,True,"2011-08-27T23:21:00,365",-18.301868,34.715018,23.167969,-41.0312,31.6172,23209,0.202718,10.0,160068,69.0556,817114000000.0,0.8905634250591147,1.5585939999999994,-0.022843,0.7379999999999995,A_ALTA_QUALIDADE,True,0.0,A_COERENCIA_ACEITE
event_001554,True,"2011-08-28T03:49:43,609",-18.566184,34.475468,17.425781,-66.2188,2.22656,17.4668,0.134159,8.0,183153,45261,1694160.0,0.8124856232262849,1.640625,-0.001751,-0.4140000000000157,A_ALTA_QUALIDADE,True,0.0,A_COERENCIA_ACEITE
event_001555,True,"2011-08-28T04:37:35,712",-18.149686,34.723048,12.011719,-40.2188,48.5391,11.9707,0.055591,8.0,146509,62.0829,8648480.0,0.6033029831515565,0.041015999999999,0.0150759999999999,0.0639999999999929,A_ALTA_QUALIDADE,True,0.0,A_COERENCIA_ACEITE
event_001561,True,"2011-08-28T20:19:12,080",-17.428825,35.184096,14.800781,8.9375,129141,14.6367,0.361265,10.0,189111,48.0373,13086900000.0,0.6029274832003719,0.697265999999999,-0.0204069999999999,-0.4459999999999979,A_ALTA_QUALIDADE,True,0.6027069664982715,A_COERENCIA_ACEITE
event_001567,True,"2011-08-29T01:45:20,845",-18.001509,35.12673,6.679688,2.84375,64.5703,5.6543,0.291991,11.0,165589,37.9499,12456000000000.0,0.0,0.5742189999999994,-0.008979,0.0,A_ALTA_QUALIDADE,True,0.6028261636920613,A_COERENCIA_ACEITE
event_001586,True,"2011-08-30T00:05:59,680",-17.821294,35.214972,2.003906,11.7812,85.0547,2.04492,0.151855,12.0,181061,21.3919,1728550000000000.0,0.8906727499495696,0.0,-0.0354589999999999,-2.8319999999999936,A_ALTA_QUALIDADE,True,0.0,A_COERENCIA_ACEITE
event_001597,True,"2011-08-30T17:15:26,400",-18.165705,34.723013,12.175781,-40.2188,46.7578,12.0527,0.183044,8.0,148041,62.7174,32485200.0,0.0,0.0,-0.014293,0.0,A_ALTA_QUALIDADE,True,0.0,A_COERENCIA_ACEITE
event_001606,True,"2011-08-31T00:30:20,450",-16.639882,33.784324,26.367188,-139.75,217312,28.1719,0.11387,8.0,150238,60.7773,968994.0,1.2095364290712596,1.7226560000000006,-0.0374059999999999,1.3460000000000036,A_ALTA_QUALIDADE,True,1.2095364290712596,A_COERENCIA_ACEITE
event_001617,True,"2011-08-31T19:25:35,057",-20.652678,33.495067,11.109375,-167375,-229781,11.6016,0.186942,8.0,203669,138719,23596.2,0.0,0.3281239999999989,-0.0230799999999999,0.0,A_ALTA_QUALIDADE,True,0.0,A_COERENCIA_ACEITE
event_001618,True,"2011-08-31T19:55:16,346",-18.273835,35.003645,36.867188,-10.1562,35.1797,36.9902,0.184609,11.0,127961,67.8979,110571000000.0,0.0,0.0820310000000006,-0.00345,0.0,A_ALTA_QUALIDADE,True,0.6029757418498161,A_COERENCIA_ACEITE
event_001624,True,"2011-09-01T05:16:39,890",-18.846519,34.404938,20.871094,-73.5312,-28.9453,20.9121,0.156839,13.0,183777,24.9868,9.14286e+20,1.295933294443865,0.2871099999999984,-0.012977,-3.0460000000000207,A_ALTA_QUALIDADE,True,0.0,A_COERENCIA_ACEITE
event_001633,True,"2011-09-02T00:07:40,475",-18.942634,34.311832,18.738281,-82.4688,-39.6328,18.8613,0.101914,13.0,191814,11.2442,2.61465e+18,0.3020421749079253,0.2255859999999998,-0.0085953,-0.3190000000000168,A_ALTA_QUALIDADE,True,0.8125681981252717,A_COERENCIA_ACEITE
event_001636,True,"2011-09-02T02:17:34,228",-17.813284,35.222642,6.597656,12.5938,85.9453,6.7207,0.0818126,8.0,183659,20.4952,227428000.0,0.0,0.0,0.0011011999999999,0.0,A_ALTA_QUALIDADE,True,0.0,A_COERENCIA_ACEITE
event_001639,True,"2011-09-02T16:09:07,536",-18.317887,34.738073,12.011719,-38.5938,29.8359,12.0527,0.152677,8.0,163732,72.0718,387135000.0,0.0,0.0,-0.015698,0.0,A_ALTA_QUALIDADE,True,0.0,A_COERENCIA_ACEITE
event_001651,True,"2011-09-03T18:34:51,599",-17.789256,35.138214,11.847656,3.65625,88.6172,11.9707,0.124724,8.0,160543,29.3859,30767800.0,0.0,0.0,-0.017926,0.0,A_ALTA_QUALIDADE,True,0.0,A_COERENCIA_ACEITE
event_001653,True,"2011-09-04T00:05:09,452",-17.805275,35.230312,6.761719,13.4062,86.8359,6.88477,0.0373059,8.0,186.45,19.6316,56258200.0,0.0,0.1640629999999996,0.0111194,0.0,A_ALTA_QUALIDADE,True,0.0,A_COERENCIA_ACEITE
event_001657,True,"2011-09-04T06:38:52,330",-17.813284,35.038444,6.105469,-6.90625,85.9453,6.14648,0.107125,9.0,187607,39.9634,31596500000.0,0.0,0.4921870000000004,-0.0321699999999999,0.0,A_ALTA_QUALIDADE,True,0.0,A_COERENCIA_ACEITE
event_001661,True,"2011-09-04T17:28:56,220",-20.196132,33.445333,6.351562,-173875,-179906,8.32031,0.191932,11.0,193911,88.4687,1779420000000.0,1.199571840716102,1.066407,-0.058062,-0.1740000000000066,A_ALTA_QUALIDADE,True,1.211597733745459,A_COERENCIA_ACEITE
event_001663,True,"2011-09-04T20:25:00,711",-17.725179,35.191899,2.003906,9.34375,95.7422,2.04492,0.127621,8.0,212507,25.0479,11605900.0,0.0,0.0,-0.0410549999999999,0.0,A_ALTA_QUALIDADE,True,0.0,A_COERENCIA_ACEITE
event_001664,True,"2011-09-04T20:45:23,812",-20.908984,33.304604,6.515625,-186875,-258281,6.35156,0.190689,9.0,218995,165387,35219100.0,0.0,0.9843740000000007,-0.0180299999999999,0.0,A_ALTA_QUALIDADE,True,0.0,A_COERENCIA_ACEITE
event_001666,True,"2011-09-04T23:41:07,421",-19.028737,33.849594,4.587891,-131828,-49207,4.6084,0.257716,15.0,100583,22.9493,7.95255e+25,0.6006953574154693,0.984375,-0.018779,0.4650000000000034,A_ALTA_QUALIDADE,True,0.0,A_COERENCIA_ACEITE
event_001667,True,"2011-09-04T23:59:25,016",-18.405993,34.622373,12.011719,-50375,19.5938,11.9297,0.228589,10.0,161225,61.7138,2340280000000.0,0.6035318527567656,0.0410149999999998,-0.0220969999999999,-0.0320000000000106,A_ALTA_QUALIDADE,True,0.601896229012792,A_COERENCIA_ACEITE
event_001668,True,"2011-09-05T00:11:42,957",-19.171908,33.799192,6.864258,-137516,-66.1289,6.37207,0.214603,11.0,90.8928,6.58939,5.95477e+16,0.6005170610689635,0.6152350000000002,-0.02885,0.3932999999999964,A_ALTA_QUALIDADE,True,1.1267455094589984,A_COERENCIA_ACEITE
event_001672,True,"2011-09-05T02:11:05,259",-17.997504,34.976913,12.011719,-13.4062,65.4609,12.0527,0.167676,8.0,151.56,51.4288,78432200.0,0.0,0.0820309999999988,-0.0120509999999999,0.0,A_ALTA_QUALIDADE,True,0.0,A_COERENCIA_ACEITE
event_001674,True,"2011-09-05T04:11:36,612",-17.989495,34.961554,12.011719,-15.0312,66.3516,12.0527,0.196133,8.0,153751,52.5344,22573000.0,0.0,0.0820309999999988,-0.0058679999999999,0.0,A_ALTA_QUALIDADE,True,0.0,A_COERENCIA_ACEITE
event_001678,True,"2011-09-05T15:35:06,212",-18.161701,34.926809,36.867188,-18.6875,47.2031,36.9492,0.321616,8.0,165937,65.6064,33118300.0,0.0,0.0,-0.017125,0.0,A_ALTA_QUALIDADE,True,0.0,A_COERENCIA_ACEITE
event_001683,True,"2011-09-06T03:00:05,207",-18.846519,34.320008,19.394531,-82.4688,-28.9453,19.5176,0.117981,8.0,163021,19.5386,7990430000.0,0.0,0.0,-0.010957,0.0,A_ALTA_QUALIDADE,True,0.0,A_COERENCIA_ACEITE
event_001696,True,"2011-09-07T03:04:13,445",-18.253811,34.799762,23.003906,-32.0938,36.9609,22.9629,0.169774,10.0,163.42,74.1339,801152000000.0,0.602289574054849,0.9433599999999984,-0.0059259999999999,-0.7490000000000236,A_ALTA_QUALIDADE,True,0.0,A_COERENCIA_ACEITE
event_001698,True,"2011-09-07T03:23:40,233",-17.781246,35.230295,8.238281,13.4062,89.5078,8.2793,0.111598,8.0,195566,19.7122,245980000.0,0.0,0.0820309999999988,0.0029089999999999,0.0,A_ALTA_QUALIDADE,True,0.0,A_COERENCIA_ACEITE
event_001701,True,"2011-09-07T20:32:18,894",-18.686328,34.55216,12.832031,-58.0938,-11.1328,12791,0.132948,10.0,180934,48.5061,4081990000000.0,0.812543597279509,6.562499999999998,-0.046153,0.9559999999999887,A_ALTA_QUALIDADE,True,0.0,A_COERENCIA_ACEITE
event_001703,True,"2011-09-08T00:08:38,847",-18.273835,35.003645,36.210938,-10.5625,34.7344,36457,0.132111,8.0,185498,68.4999,1655150000.0,0.0,0.8203120000000013,-0.002252,0.0,A_ALTA_QUALIDADE,True,0.0,A_COERENCIA_ACEITE
event_001707,True,"2011-09-08T05:41:43,808",-18.293859,34.730428,11.847656,-39.4062,32.5078,11.9707,0.183818,9.0,160.77,69.9342,17283800000.0,0.0,0.0,-0.002228,0.0,A_ALTA_QUALIDADE,True,0.0,A_COERENCIA_ACEITE
event_001711,True,"2011-09-08T19:30:52,578",-18.161701,34.865288,11.929688,-24.7812,47.6484,11.9707,0.211888,8.0,160064,70.2553,407676000.0,0.6031586345119111,0.0410149999999998,-0.023244,0.0749999999999886,A_ALTA_QUALIDADE,True,0.6032236071768313,A_COERENCIA_ACEITE
event_001719,True,"2011-09-08T23:46:08,007",-18.710356,34.474934,13.816406,-66.2188,-13.8047,13.8574,0.151271,13.0,173629,41.1633,6.93643e+19,0.8906778291190021,0.2460939999999993,-0.0266929999999999,-1.0270000000000152,A_ALTA_QUALIDADE,True,0.0,A_COERENCIA_ACEITE
event_001731,True,"2011-09-10T02:25:19,671",-18.944636,34.263539,18.123047,-88.3594,-39.8555,18.1436,0.123935,11.0,212017,7.14162,2.03084e+16,0.3021935549544734,0.2666010000000014,-0.0035879999999999,0.7959999999999923,A_ALTA_QUALIDADE,True,0.0,A_COERENCIA_ACEITE
event_001739,True,"2011-09-10T18:45:34,615",-19.38316,33.798477,28.253906,-136906,-88.6172,28.2949,0.130358,10.0,218437,16.7898,55502800000000.0,0.8906986866521217,0.0820310000000006,-0.0232179999999999,-1.549999999999983,A_ALTA_QUALIDADE,True,0.0,A_COERENCIA_ACEITE
event_001740,True,"2011-09-10T19:43:16,646",-19.365139,33.754086,14.267578,-141578,-86168,14.5342,0.116291,12.0,210671,15.8307,3.16486e+18,0.9761117817987504,0.2871099999999984,-0.028946,-1.9390000000000207,A_ALTA_QUALIDADE,True,0.4453497518222976,A_COERENCIA_ACEITE
event_001744,True,"2011-09-11T00:46:12,944",-17.969471,33.083399,3.070312,-213688,68.5781,3.15234,0.210017,11.0,183421,110594,189889000000.0,2.398052729143415,0.8203120000000004,0.0134549999999999,-1.52800000000002,A_ALTA_QUALIDADE,True,0.0,A_COERENCIA_ACEITE
event_001753,True,"2011-09-11T20:28:20,971",-19.062778,33.47632,11.847656,-171031,-52.9922,11.9707,0.209739,9.0,108996,41.1619,26485500000.0,0.0,0.0,-0.017677,0.0,A_ALTA_QUALIDADE,True,0.0,A_COERENCIA_ACEITE
event_001755,True,"2011-09-11T22:25:58,428",-17.797265,35.214957,2.003906,12.1875,86.3906,2.00391,0.154055,8.0,185222,20.8701,113920000.0,0.0,0.0,-0.024903,0.0,A_ALTA_QUALIDADE,True,1.3966482616025446,A_COERENCIA_ACEITE
event_001758,True,"2011-09-12T02:39:44,364",-19.088809,33.914863,4.505859,-124922,-55.8867,4.56738,0.279944,10.0,136925,18.7534,41667600000000.0,0.0,0.1640619999999994,-0.010325,0.0,A_ALTA_QUALIDADE,True,0.0,A_COERENCIA_ACEITE
event_001764,True,"2011-09-12T18:16:22,728",-18.742395,34.420802,19.394531,-71.9062,-17.3672,19.3535,0.0603794,11.0,169268,34.9286,8683330000000.0,0.0,0.65625,-0.0068977999999999,0.0,A_ALTA_QUALIDADE,True,0.0,A_COERENCIA_ACEITE
event_001766,True,"2011-09-12T21:44:55,762",-20.844907,33.305371,5.203125,-186875,-251156,5.36719,0.330384,8.0,217287,158263,701588.0,0.0,1.3125,0.009132,0.0,A_ALTA_QUALIDADE,True,0.0,A_COERENCIA_ACEITE
event_001770,True,"2011-09-13T02:04:31,241",-18.325897,34.684175,12.011719,-44.2812,28.9453,11.9707,0.249513,10.0,159.35,67.9496,90066300000.0,0.0,0.0,-0.028879,0.0,A_ALTA_QUALIDADE,True,0.0,A_COERENCIA_ACEITE
event_001798,True,"2011-09-15T11:04:14,972",-17.328705,35.203188,27.351562,10.5625,139828,27.5977,0.0968658,8.0,195919,56.8732,3052520.0,0.0,0.0,-0.0292189999999999,0.0,A_ALTA_QUALIDADE,True,0.0,A_COERENCIA_ACEITE
event_001800,True,"2011-09-15T13:02:06,235",-18.726376,34.498021,19.230469,-63.7812,-15.5859,19.1895,0.184102,13.0,179021,41.3714,2.85524e+19,0.0,0.984375,-0.0387929999999999,0.0,A_ALTA_QUALIDADE,True,0.0,A_COERENCIA_ACEITE
event_001803,True,"2011-09-15T19:00:52,010",-18.734385,34.744897,12.011719,-37.7812,-16.4766,12.0527,0.300293,10.0,205913,61.4725,176779000.0,0.6034466648206107,0.1230459999999986,-0.024494,0.0550000000000068,A_ALTA_QUALIDADE,True,0.0,A_COERENCIA_ACEITE
event_001809,True,"2011-09-16T07:23:59,423",-18.165705,34.884508,14.636719,-22.75,46.3125,14.3906,0.16681,9.0,163133,69.3799,24134900000.0,0.0,1.3125,-0.0180359999999999,0.0,A_ALTA_QUALIDADE,True,0.6024277505594108,A_COERENCIA_ACEITE
event_001810,True,"2011-09-16T11:09:08,201",-18.718366,34.49805,19.558594,-64.1875,-15.1406,20543,0.139425,10.0,177948,41.4327,112314000000000.0,0.0,1.1484370000000013,-0.036645,0.0,A_ALTA_QUALIDADE,True,0.6038216690551891,A_COERENCIA_ACEITE
event_001812,True,"2011-09-16T16:35:17,219",-18.325897,34.691872,12.011719,-43.0625,29.3906,12.0117,0.121756,10.0,160085,68.6628,43831400000000.0,0.0,0.0,-0.0357895,0.0,A_ALTA_QUALIDADE,True,0.6034629584347222,A_COERENCIA_ACEITE
event_001814,True,"2011-09-17T02:20:27,298",-17.805275,35.061471,8.238281,-4.46875,86.8359,8.36133,0.0793346,8.0,189088,37.4999,315509000.0,0.0,0.0820309999999988,-0.0072887,0.0,A_ALTA_QUALIDADE,True,0.0,A_COERENCIA_ACEITE
event_001816,True,"2011-09-17T05:36:11,188",-18.526136,34.560385,12.011719,-57.2812,6.67969,12.0527,0.120378,8.0,164.8,53.8057,10576400000.0,0.812465306388421,0.0820309999999988,-0.029597,-0.8719999999999857,A_ALTA_QUALIDADE,True,0.0,A_COERENCIA_ACEITE
event_001830,True,"2011-09-18T13:43:51,010",-18.325897,34.614899,12.011719,-51.5938,28.9453,12.0527,0.187125,10.0,152721,62.2686,31267800000000.0,0.8124618417194702,0.0820309999999988,-0.0121169999999999,-0.7400000000000091,A_ALTA_QUALIDADE,True,0.0,A_COERENCIA_ACEITE
event_001831,True,"2011-09-18T14:06:21,212",-17.805275,35.214962,2.332031,11.7812,86.8359,2.45508,0.0570017,9.0,186.74,21.2555,2170690000.0,0.0,0.328125,-0.0173197,0.0,A_ALTA_QUALIDADE,True,0.0,A_COERENCIA_ACEITE
event_001839,True,"2011-09-19T00:58:14,919",-18.005514,35.03069,11.847656,-7.71875,64.5703,11.9707,0.109779,9.0,156571,46.7902,6362930000.0,0.0,0.4101560000000006,-0.0041029999999999,0.0,A_ALTA_QUALIDADE,True,0.0,A_COERENCIA_ACEITE
event_001840,True,"2011-09-19T01:12:36,359",-17.989495,35.023014,12.339844,-8125,65.9062,12.5859,0.135239,9.0,154428,46507,42748500.0,0.0,0.65625,0.0029679999999999,0.0,A_ALTA_QUALIDADE,True,0.6027022754448402,A_COERENCIA_ACEITE
event_001849,True,"2011-09-19T15:48:12,782",-18.64628,34.567713,12.011719,-56.4688,-6.67969,12.0527,0.182794,9.0,178073,52.8842,1803810000.0,0.0,0.0,-0.024302,0.0,A_ALTA_QUALIDADE,True,0.0,A_COERENCIA_ACEITE
event_001851,True,"2011-09-19T22:41:28,321",-18.942634,34.257755,17.753906,-88.9688,-39.6328,17.7949,0.0797546,8.0,206501,7.09576,186269000.0,0.0,0.2460939999999993,0.0041028,0.0,A_ALTA_QUALIDADE,True,0.0,A_COERENCIA_ACEITE
event_001853,True,"2011-09-20T10:44:37,518",-18.422012,34.714748,12.011719,-41.0312,18.2578,12.0527,0.125571,8.0,171193,70.7231,18360400.0,0.8124312587829714,0.0820309999999988,-0.037334,-0.7599999999999909,A_ALTA_QUALIDADE,True,0.0,A_COERENCIA_ACEITE
event_001858,True,"2011-09-20T20:06:02,787",-19.381158,33.719097,13.693359,-145438,-88.1719,13.6523,0.130278,11.0,211819,19.5139,8.90483e+16,0.6966288955882303,0.1435549999999992,-0.040938,-1.4180000000000064,A_ALTA_QUALIDADE,True,0.3001954027466836,A_COERENCIA_ACEITE
event_001863,True,"2011-09-20T21:21:18,963",-20.003902,33.291846,18.492188,-189312,-157641,18.5742,0.229463,12.0,196213,64.7198,7628350000000000.0,1.2930494054507673,0.8613280000000003,0.0046769999999999,-0.5819999999999936,A_ALTA_QUALIDADE,True,0.0,A_COERENCIA_ACEITE
event_001867,True,"2011-09-21T01:45:12,649",-17.921414,35.142079,11.929688,4.46875,74.3672,11.9707,0.205323,8.0,157669,31463,42940100.0,0.0,0.0,-0.0145129999999999,0.0,A_ALTA_QUALIDADE,True,0.6027425773781694,A_COERENCIA_ACEITE
event_001868,True,"2011-09-21T03:56:52,565",-18.952646,34.410289,24.357422,-72.7188,-40.5234,24.1934,0.149221,14.0,203473,19.6984,1.42518e+22,0.6479411799760353,0.1025390000000001,-0.031999,-0.6009999999999991,A_ALTA_QUALIDADE,True,0.3019644859696396,A_COERENCIA_ACEITE
event_001869,True,"2011-09-21T06:21:49,723",-18.285849,34.753532,12.011719,-37375,33.8438,12.2578,0.126499,9.0,161444,70.9719,96011300000.0,0.6022454825783637,0.2050780000000003,0.00127,-0.7360000000000184,A_ALTA_QUALIDADE,True,0.6022454825783637,A_COERENCIA_ACEITE
event_001873,True,"2011-09-21T18:34:18,839",-17.969471,34.988456,11.929688,-12.1875,70.3594,12.0117,0.183088,9.0,159471,48.3792,13061500000.0,0.0,0.0,-0.017029,0.0,A_ALTA_QUALIDADE,True,1.7812343043282082,A_COERENCIA_ACEITE
event_001874,True,"2011-09-21T20:11:35,551",-18.189734,35.261353,30.386719,16.6562,44.0859,30.4277,0.228482,12.0,181666,46.4701,"1,758E+019",0.0,0.2460930000000019,0.0032129999999999,0.0,A_ALTA_QUALIDADE,True,0.0,A_COERENCIA_ACEITE
event_001878,True,"2011-09-22T04:38:29,160",-17.825299,35.234164,7.664062,13.8125,84.6094,6.59766,0.108449,8.0,178688,19.4393,233728000.0,0.6030334184609625,1.1894529999999994,-0.0400139999999999,-1.7050000000000125,A_ALTA_QUALIDADE,True,0.0,A_COERENCIA_ACEITE
event_001883,True,"2011-09-22T09:52:49,493",-19.365139,33.754086,14.267578,-141578,-86.6133,14.6162,0.134698,10.0,211498,16.2305,368812000000000.0,0.9760063060109262,0.2460939999999993,-0.0503479999999999,-1.9330000000000207,A_ALTA_QUALIDADE,True,0.0,A_COERENCIA_ACEITE
event_001888,True,"2011-09-22T22:15:24,365",-19.367141,33.752133,14.308594,-141375,-87.2812,14.5547,0.179646,9.0,212878,16.7504,55803500000.0,0.0,0.3281239999999989,-0.029199,0.0,A_ALTA_QUALIDADE,True,0.6004915328010669,A_COERENCIA_ACEITE
event_001890,True,"2011-09-22T23:34:41,333",-17.821294,35.222648,2.988281,12.5938,85.0547,3.0293,0.115944,10.0,180737,20.5853,39097600000.0,0.0,0.164063,-0.0279389999999999,0.0,A_ALTA_QUALIDADE,True,0.0,A_COERENCIA_ACEITE
event_001897,True,"2011-09-23T13:39:47,785",-17.989495,35.107522,12.996094,0.40625,66.3516,13.0371,0.243882,10.0,162302,38.9163,1280650000000.0,0.0,0.984375,-0.020023,0.0,A_ALTA_QUALIDADE,True,0.0,A_COERENCIA_ACEITE
event_001901,True,"2011-09-23T21:38:04,620",-18.774433,34.42839,17.753906,-70.6875,-20.4844,16.7695,0.145368,11.0,175.22,33.1538,419943000000000.0,0.601679512790909,1.2714849999999984,-0.0108179999999999,-1.2630000000000052,A_ALTA_QUALIDADE,True,0.6039500695857293,A_COERENCIA_ACEITE
event_001905,True,"2011-09-24T02:16:01,658",-17.773236,35.038459,5.285156,-6.90625,90.3984,5.32617,0.173567,9.0,196667,40.0295,6028790000.0,0.0,0.1640629999999996,-0.018849,0.0,A_ALTA_QUALIDADE,True,0.0,A_COERENCIA_ACEITE
event_001911,True,"2011-09-24T22:23:05,973",-18.253811,34.807456,12.011719,-31.2812,36.9609,12.0527,0.168715,9.0,164138,74.8627,672325000.0,0.6032922263509498,0.2050780000000003,-0.01885,0.0320000000000106,A_ALTA_QUALIDADE,True,0.0,A_COERENCIA_ACEITE
event_001924,True,"2011-09-26T09:06:06,662",-19.038749,34.427322,22.347656,-71.0938,-50.3203,22.3887,0.186897,14.0,213238,20.8812,2.52044e+22,1.8500824258441333,0.4101560000000006,-0.0017129999999999,-1.2309999999999943,A_ALTA_QUALIDADE,True,0.0,A_COERENCIA_ACEITE
event_001929,True,"2011-09-26T20:55:38,444",-18.157696,34.938348,13.324219,-17875,48.0938,13.5703,0.208162,12.0,165802,64.4182,5.01234e+16,0.6025177084507448,1.2714839999999992,0.007977,-0.8200000000000216,A_ALTA_QUALIDADE,True,0.6025177084507448,A_COERENCIA_ACEITE
event_001932,True,"2011-09-27T07:30:03,291",-17.104437,35.325389,25.382812,23.5625,164766,25.6289,0.305016,9.0,208224,77.7651,307002000.0,1.781235134908206,2.1328120000000013,-0.0361239999999999,-1.1380000000000052,A_ALTA_QUALIDADE,True,0.0,A_COERENCIA_ACEITE
event_001939,True,"2011-09-27T16:12:08,933",-18.734385,34.482561,23.167969,-65.4062,-16.4766,23209,0.159963,12.0,177915,39.6247,7.02308e+17,0.0,1.1484379999999987,-0.036647,0.0,A_ALTA_QUALIDADE,True,0.0,A_COERENCIA_ACEITE
event_001945,True,"2011-09-28T01:00:59,229",-18.678318,34.498193,10.371094,-63.7812,-10.2422,10.4121,0.0924831,10.0,172971,45472,17639300000000.0,0.8124766700747583,0.8203130000000005,-0.0057196,-1.0430000000000064,A_ALTA_QUALIDADE,True,0.0,A_COERENCIA_ACEITE
event_001947,True,"2011-09-28T05:53:32,648",-18.229782,34.776724,12.011719,-34.5312,39.6328,12.0527,0.243083,9.0,158507,70.7756,1276880000.0,0.8124896691224787,0.0,0.0043989999999999,-0.4749999999999943,A_ALTA_QUALIDADE,True,0.0,A_COERENCIA_ACEITE
event_001948,True,"2011-09-28T06:27:27,067",-18.36995,34.695617,11.929688,-43875,23.1562,11.9297,0.173646,8.0,164458,68.7923,627974.0,0.0,0.0,-0.002005,0.0,A_ALTA_QUALIDADE,True,1.2068982529214674,A_COERENCIA_ACEITE
event_001950,True,"2011-09-28T07:18:56,184",-17.168514,35.157215,28.664062,5.6875,157641,28.9102,0.161108,12.0,209197,75.2065,76982700000000.0,1.205693632133205,1.886718000000002,-0.011732,-0.8309999999999889,A_ALTA_QUALIDADE,True,0.0,A_COERENCIA_ACEITE
event_001960,True,"2011-09-29T00:27:15,124",-18.313883,34.71884,11.765625,-40.2188,30.7266,11.9707,0.197183,8.0,161532,70226,20818100.0,0.0,0.0820309999999988,-0.032788,0.0,A_ALTA_QUALIDADE,True,0.6034108009368199,A_COERENCIA_ACEITE
event_001962,True,"2011-09-29T02:26:24,414",-18.017528,34.973057,11.929688,-13.4062,63.6797,11.9707,0.162272,9.0,152654,52.2196,64360900000.0,0.0,0.0820310000000006,-0.0153800999999999,0.0,A_ALTA_QUALIDADE,True,0.6029392283406657,A_COERENCIA_ACEITE
event_001970,True,"2011-09-29T21:54:14,738",-18.758414,34.443888,21.363281,-69.4688,-19.1484,21.4043,0.168837,8.0,175375,34.9593,199916000.0,0.0,0.5742189999999994,-0.024109,0.0,A_ALTA_QUALIDADE,True,0.0,A_COERENCIA_ACEITE
event_001973,True,"2011-09-30T02:42:15,809",-18.742395,34.451667,13.652344,-68.6562,-17.3672,13.6113,0.120881,13.0,174348,36.8564,7.33743e+20,1.2990413536122516,1.599609000000001,-0.0323019999999999,-1.2469999999999857,A_ALTA_QUALIDADE,True,0.0,A_COERENCIA_ACEITE
event_001974,True,"2011-09-30T02:45:24,039",-17.821294,35.230323,6.433594,13.4062,85.0547,6.55664,0.128251,10.0,180393,19.7792,1342030000000.0,0.8124713848817324,2.707032,-0.035844,-0.3439999999999941,A_ALTA_QUALIDADE,True,0.0,A_COERENCIA_ACEITE
event_001976,True,"2011-09-30T11:22:17,650",-19.919802,33.351101,19.722656,-182812,-148734,19.2305,0.216352,10.0,189882,56.2742,1004200000000.0,0.5997035543518936,0.7792969999999997,-0.003253,-0.100999999999999,A_ALTA_QUALIDADE,True,0.5997035543518936,A_COERENCIA_ACEITE
event_001977,True,"2011-09-30T13:25:54,115",-20.532534,34.971036,14.226562,-13.8125,-216422,14.1445,0.220473,12.0,167833,187.11,622946000000.0,2.5957807717811363,0.5742190000000011,0.018884,-1.1659999999999968,A_ALTA_QUALIDADE,True,0.0,A_COERENCIA_ACEITE
event_001978,True,"2011-09-30T14:25:35,623",-18.289854,34.74198,11.929688,-37.7812,33.3984,11.9707,0.150341,11.0,161461,70.8505,532997000000000.0,0.6033840140355782,0.0410149999999998,-0.0114109999999999,0.0170000000000243,A_ALTA_QUALIDADE,True,0.6033776691369775,A_COERENCIA_ACEITE
event_001991,True,"2011-10-02T00:22:15,951",-18.277839,34.707377,12.011719,-41.8438,34.2891,11.9707,0.114349,10.0,157.14,66.9224,1887450000000.0,0.8124761020616915,0.0,-0.0002079999999999,-0.7130000000000223,A_ALTA_QUALIDADE,True,0.0,A_COERENCIA_ACEITE
event_001992,True,"2011-10-02T01:07:41,281",-18.277839,34.722767,11.847656,-40.2188,34.2891,11.9707,0.132001,8.0,158566,68.3041,269368000.0,0.0,0.0,-0.007651,0.0,A_ALTA_QUALIDADE,True,0.0,A_COERENCIA_ACEITE
event_001996,True,"2011-10-02T16:37:00,100",-17.408801,35.172601,19.148438,7.3125,130922,19.3945,0.125268,8.0,190894,50.3959,8015860.0,1.7812341040325377,2625,-0.014353,-1.2369999999999948,A_ALTA_QUALIDADE,True,0.0,A_COERENCIA_ACEITE
event_001997,True,"2011-10-02T16:50:41,711",-19.190931,33.939273,17.753906,-123094,-65.4609,17.6309,0.177017,8.0,181606,13.1638,21348900.0,0.0,0.1640629999999987,-0.018951,0.0,A_ALTA_QUALIDADE,True,1.9528732131211453,A_COERENCIA_ACEITE
event_002004,True,"2011-10-03T04:57:32,144",-18.518127,34.591234,11.847656,-54.0312,7.57031,11.9707,0.193954,9.0,167488,57.0347,11383200000.0,0.8125033557801421,0.0,-0.022379,-0.8460000000000036,A_ALTA_QUALIDADE,True,0.0,A_COERENCIA_ACEITE
event_002014,True,"2011-10-03T23:50:01,591",-18.253811,34.692043,29.074219,-43.4688,36.9609,29.1973,0.201677,14.0,153.53,64.1407,6.17409e+20,0.6021474039852946,1.1074219999999997,-0.0113,-0.7150000000000034,A_ALTA_QUALIDADE,True,0.0,A_COERENCIA_ACEITE
event_002017,True,"2011-10-04T03:02:45,233",-18.542155,34.568041,11.847656,-56.4688,4.89844,11.9707,0.15272,10.0,167204,54.7021,2646120000000.0,0.8124945781597417,0.0,-0.01191,-0.8739999999999952,A_ALTA_QUALIDADE,True,0.0,A_COERENCIA_ACEITE
event_002019,True,"2011-10-04T05:28:33,797",-19.171908,33.799192,6.987305,-137312,-65.0156,6.92578,0.254566,12.0,91.5894,7.52006,1.10344e+20,0.0,0.0,-0.028038,0.0,A_ALTA_QUALIDADE,True,0.3235921916989919,A_COERENCIA_ACEITE
event_002033,True,"2011-10-05T08:37:50,211",-18.766423,34.459291,25.792969,-67.8438,-20.0391,25834,0.148022,11.0,179025,35.3436,8469930000000000.0,0.8125797689292059,0.4921879999999987,-0.002915,-1.1920000000000073,A_ALTA_QUALIDADE,True,0.0,A_COERENCIA_ACEITE
event_002041,True,"2011-10-05T20:39:42,259",-19.142873,34.318611,18.246094,-82.4688,-61.8984,18.2051,0.205928,11.0,216218,18117,518371000000000.0,1.202915838618181,0.2460939999999993,0.03445,-0.9110000000000014,A_ALTA_QUALIDADE,True,0.0,A_COERENCIA_ACEITE
event_002042,True,"2011-10-05T22:47:02,973",-18.758414,34.405304,19.886719,-73.5312,-19.1484,19.9277,0.107265,10.0,168711,32.5434,1727990000000.0,0.8125130655544034,0.2460939999999993,-0.029295,-1.393000000000001,A_ALTA_QUALIDADE,True,0.0,A_COERENCIA_ACEITE
event_002045,True,"2011-10-06T00:55:15,086",-20.844907,33.242822,8.484375,-193375,-251156,8.32031,0.19198,9.0,219957,158267,4823950.0,0.0,1.3124999999999991,-0.018382,0.0,A_ALTA_QUALIDADE,True,0.0,A_COERENCIA_ACEITE
event_002051,True,"2011-10-07T16:48:59,584",-18.309878,34.699607,12.011719,-42.6562,30.7266,12.0527,0.129612,8.0,159354,68216,35235800.0,0.8125370470799551,0.0820309999999988,-0.0156489999999999,-0.7259999999999991,A_ALTA_QUALIDADE,True,0.0,A_COERENCIA_ACEITE
event_002056,True,"2011-10-08T00:06:50,543",-18.758414,34.459322,19.394531,-68.6562,-19.1484,20.0918,0.121799,13.0,176619,35.4786,1.58168e+20,0.8125130655550731,0.328125,-0.025921,-1.217000000000013,A_ALTA_QUALIDADE,True,0.8125130655550731,A_COERENCIA_ACEITE
event_002057,True,"2011-10-08T01:26:15,848",-17.797265,35.214957,2.003906,12.1875,88.1719,3.31641,0.0693514,9.0,191016,20.8448,1844400000.0,0.6029291604959426,1.271484,-0.0049394999999999,-1.427000000000021,A_ALTA_QUALIDADE,True,0.6026483376003722,A_COERENCIA_ACEITE
event_002072,True,"2011-10-09T22:41:36,865",-18.165705,34.93834,7.089844,-17.4688,46.7578,7.04883,0.169204,11.0,167504,64.9292,1142240000000000.0,0.6029926994849516,1.681640999999999,-0.001737,0.0619999999999834,A_ALTA_QUALIDADE,True,0.0,A_COERENCIA_ACEITE
event_002073,True,"2011-10-09T23:08:00,736",-18.774433,34.436108,22.347656,-70.2812,-20.9297,22.4707,0.203496,10.0,176483,33.0692,17364300000.0,0.8906789637188219,1.3945310000000006,-0.0256399999999999,-1.2479999999999905,A_ALTA_QUALIDADE,True,0.0,A_COERENCIA_ACEITE
event_002075,True,"2011-10-10T01:12:50,556",-19.279036,33.892201,5.941406,-127156,-77.0391,5.98242,0.137709,11.0,206702,47.0664,6800370000000000.0,1.952708232875863,0.984375,-0.022473,-3.9509999999999934,A_ALTA_QUALIDADE,True,0.0,A_COERENCIA_ACEITE
event_002077,True,"2011-10-10T03:46:14,983",-18.293859,34.74582,12.011719,-37.7812,32.5078,12.0527,0.225299,8.0,162213,71.3131,16469600.0,1.2043646005786992,0.0,-0.0241959999999999,-1.4749999999999943,A_ALTA_QUALIDADE,True,0.0,A_COERENCIA_ACEITE
event_002093,True,"2011-10-12T00:21:57,265",-19.39117,33.775173,27.269531,-138938,-89.9531,27.4336,0.136294,10.0,219378,18.4907,9217290000000.0,0.6051099944166429,0.369140999999999,-0.016415,-0.521000000000015,A_ALTA_QUALIDADE,True,0.600522029664987,A_COERENCIA_ACEITE
event_002108,True,"2011-10-12T22:57:21,795",-18.045562,34.953824,17.261719,-15.4375,59.6719,17.2617,0.271232,13.0,155647,55.9219,1.33175e+18,0.0,1.8046879999999987,0.0021269999999999,0.0,A_ALTA_QUALIDADE,True,0.6025439693560997,A_COERENCIA_ACEITE
event_002114,True,"2011-10-13T03:54:38,722",-18.952646,34.410289,24.357422,-71.9062,-40.5234,24.1113,0.224571,14.0,203991,20.4774,1.01229e+22,1.203180819979922,0.4101560000000006,-0.044347,-1.356999999999999,A_ALTA_QUALIDADE,True,1.040638696353584,A_COERENCIA_ACEITE
event_002118,True,"2011-10-14T03:06:44,565",-18.818486,34.385756,21.117188,-75.1562,-25.3828,21.1582,0.198423,10.0,174.45,26.5373,19145500000.0,1.295953592520363,0.5332030000000003,-0.046492,-3.0570000000000164,A_ALTA_QUALIDADE,True,0.6039490691397699,A_COERENCIA_ACEITE
event_002124,True,"2011-10-14T17:43:48,442",-18.956651,34.325286,20.501953,-81.8594,-41.1914,20.5225,0.134773,14.0,197934,10943,2.44367e+23,0.9248206897574924,0.2460939999999993,-0.020487,-1.0409999999999968,A_ALTA_QUALIDADE,True,0.0,A_COERENCIA_ACEITE
event_002127,True,"2011-10-14T21:22:08,527",-17.472877,35.249229,28.664062,15.4375,123797,28582,0.12207,8.0,183274,40.2625,18938600.0,0.0,0.0,-0.026209,0.0,A_ALTA_QUALIDADE,True,0.0,A_COERENCIA_ACEITE
event_002128,True,"2011-10-15T16:16:15,278",-19.171908,33.799192,6.987305,-137516,-66.1289,6.9873,0.206786,11.0,90.8928,6.58939,5.15563e+16,0.4062257870420368,0.0410149999999998,-0.0354039999999999,0.0974999999999965,A_ALTA_QUALIDADE,True,1.1267455094589984,A_COERENCIA_ACEITE
event_002133,True,"2011-10-16T19:07:57,763",-16.928227,35.477939,24.070312,39.8125,184359,24.1523,0.19213,8.0,216593,97019,13326600.0,3.9184030814006334,4.59375,0.017072,-2.6330000000000098,A_ALTA_QUALIDADE,True,0.0,A_COERENCIA_ACEITE
event_002134,True,"2011-10-16T20:29:38,807",-18.782443,34.436076,23.660156,-69.6719,-21.5977,23.4346,0.130811,14.0,178386,32.9626,7.20544e+21,0.6017341428313302,0.7792969999999997,-0.02036,-1.272999999999996,A_ALTA_QUALIDADE,True,0.6495486127246117,A_COERENCIA_ACEITE
event_002152,True,"2011-10-17T23:19:04,564",-19.100823,33.995971,20.748047,-116391,-57.2227,20.8096,0.188078,10.0,164701,23.3875,1161590000000000.0,0.6969338672155988,0.5537109999999998,-0.008969,-3.0579999999999927,A_ALTA_QUALIDADE,True,0.0,A_COERENCIA_ACEITE
event_002154,True,"2011-10-18T00:51:39,659",-17.328705,35.218497,26.695312,12.1875,139828,26.7773,0.201054,9.0,195386,56.2513,2264050000.0,0.0,0.0,-0.0319789999999999,0.0,A_ALTA_QUALIDADE,True,0.0,A_COERENCIA_ACEITE
event_002162,True,"2011-10-18T21:21:08,835",-18.301868,34.715018,27.925781,-41.0312,31.6172,27.8848,0.204574,11.0,160068,69.0556,261958000000000.0,0.812469057985403,0.7382819999999981,0.018797,-0.7229999999999848,A_ALTA_QUALIDADE,True,0.0,A_COERENCIA_ACEITE
event_002164,True,"2011-10-18T22:05:26,156",-18.333906,34.66876,21.363281,-45.9062,28.0547,21.4043,0.140154,11.0,158.6,67.2102,97697300000000.0,0.0,1.4765620000000013,-0.02982,0.0,A_ALTA_QUALIDADE,True,0.0,A_COERENCIA_ACEITE
event_002169,True,"2011-10-19T00:23:21,484",-17.472877,35.203267,20.132812,10.9688,124242,20.0098,0.195644,8.0,185004,42.7864,148651000.0,0.0,0.0,-0.028212,0.0,A_ALTA_QUALIDADE,True,0.602558680902628,A_COERENCIA_ACEITE
event_002196,True,"2011-10-21T05:57:21,356",-18.962658,34.416042,33.585938,-72.1094,-41.6367,33.4834,0.178633,13.0,130082,19.9975,7.22264e+20,0.6016538570268287,0.2460939999999993,0.019349,-0.2540000000000191,A_ALTA_QUALIDADE,True,0.3020381990198308,A_COERENCIA_ACEITE
event_002206,True,"2011-10-22T13:03:45,542",-18.716364,34.364974,11.970703,-77.5938,-14.6953,11.9707,0.158181,12.0,156658,34.4973,3.68001e+18,0.6496292003732868,0.0205079999999995,-0.028543,-0.8610000000000184,A_ALTA_QUALIDADE,True,0.3007367545110738,A_COERENCIA_ACEITE
event_002208,True,"2011-10-22T18:23:38,994",-18.405993,34.514559,12.011719,-62.1562,20.0391,11.9707,0.122497,8.0,149293,50.2761,178062000.0,0.8125068843887281,0.0,-0.0049159999999999,-0.8160000000000025,A_ALTA_QUALIDADE,True,0.0,A_COERENCIA_ACEITE
event_002209,True,"2011-10-22T19:18:18,483",-18.782443,34.436076,23.660156,-70.2812,-21.8203,23.7832,0.114334,11.0,177731,32.3928,3.00302e+16,0.8125025409592712,0.328125,0.0025999999999999,-1.2909999999999968,A_ALTA_QUALIDADE,True,0.0,A_COERENCIA_ACEITE
event_002215,True,"2011-10-22T22:33:08,642",-18.213763,34.776754,14.308594,-34125,40.9688,12.2578,0.118556,8.0,158141,70.5856,585049000.0,0.0,0.0,-0.013744,0.0,A_ALTA_QUALIDADE,True,0.6022813411686471,A_COERENCIA_ACEITE
event_002217,True,"2011-10-22T23:30:43,293",-17.973476,35.253477,10.207031,15.8438,68.1328,10.3301,0.125965,9.0,181744,25.9476,21730900000.0,1.2050095483460568,4.429687,0.014478,0.0339999999999918,A_ALTA_QUALIDADE,True,0.0,A_COERENCIA_ACEITE
event_002221,True,"2011-10-23T09:15:44,898",-19.171908,33.799192,6.987305,-137312,-65.0156,6.92578,0.255573,13.0,91.5894,7.52006,6.14127e+20,0.0,0.0,-0.031955,0.0,A_ALTA_QUALIDADE,True,0.3235921916989919,A_COERENCIA_ACEITE
event_002231,True,"2011-10-24T00:35:41,964",-18.846519,34.466705,25.792969,-67.4375,-29.3906,26.2852,0.188609,13.0,194.43,29.4302,3.82671e+20,1.6249786519846248,0.1640620000000012,-0.0023989999999999,-2.192000000000008,A_ALTA_QUALIDADE,True,0.6038254523295834,A_COERENCIA_ACEITE
event_002234,True,"2011-10-24T02:58:19,287",-18.766423,34.428422,22.839844,-70.8906,-19.3711,22.3271,0.211215,14.0,173416,33.9014,4.14097e+22,1.0389094430361707,0.4306640000000001,-0.016615,-1.908999999999992,A_ALTA_QUALIDADE,True,0.6989132247272583,A_COERENCIA_ACEITE
event_002242,True,"2011-10-24T23:24:27,394",-18.285849,34.72275,12.011719,-40.2188,33.3984,11.9707,0.25932,9.0,159308,68.7723,21918300000.0,0.8124385782506294,0.0,-0.0196,-0.717000000000013,A_ALTA_QUALIDADE,True,0.0,A_COERENCIA_ACEITE
event_002250,True,"2011-10-25T13:15:59,194",-19.100823,34.278214,18.287109,-86.7344,-57.2227,18.3076,0.16616,13.0,211.34,12006,1.63132e+20,0.6014244408862782,0.0,-0.0103799999999999,-0.4720000000000084,A_ALTA_QUALIDADE,True,0.0,A_COERENCIA_ACEITE
event_002257,True,"2011-10-25T22:40:17,422",-19.171908,33.80306,7.02832,-136297,-67.0195,8.0127,0.167352,10.0,95.2813,5.28603,5426770000000.0,0.0,0.0,-0.023475,0.0,A_ALTA_QUALIDADE,True,1.914720715664208,A_COERENCIA_ACEITE
event_002262,True,"2011-10-26T16:21:41,942",-19.171908,33.799192,6.987305,-136703,-64793,6.9873,0.238314,11.0,95.4946,7.52848,1.03864e+17,0.406255411235692,0.0,-0.0329299999999999,-3.186099999999996,A_ALTA_QUALIDADE,True,0.4537501466787087,A_COERENCIA_ACEITE
event_002265,True,"2011-10-26T21:47:48,740",-19.379156,33.810127,24.726562,-135281,-87.7266,24.7676,0.133278,10.0,218085,15.7471,2670970000000.0,0.8905859159873074,0.328125,-0.0223829999999999,-1.532999999999987,A_ALTA_QUALIDADE,True,0.6050730914461423,A_COERENCIA_ACEITE
event_002270,True,"2011-10-26T22:57:12,820",-18.702347,34.505822,13.324219,-63.7812,-12.9141,18.6152,0.195497,14.0,175.9,43.3879,4.67973e+22,0.8125720552992066,0.0,-0.0420099999999999,-1.0550000000000068,A_ALTA_QUALIDADE,True,0.8125720552992066,A_COERENCIA_ACEITE
event_002280,True,"2011-10-27T22:16:51,679",-18.113643,35.111369,11.929688,0.8125,52.5469,11.8477,0.142332,9.0,180485,47.5895,38565000000.0,0.0,0.65625,-0.0092109999999999,0.0,A_ALTA_QUALIDADE,True,0.0,A_COERENCIA_ACEITE
event_002281,True,"2011-10-28T01:20:20,104",-18.325897,34.738056,12.011719,-38.5938,28.9453,12.0527,0.176697,8.0,164479,72.5704,156653000.0,0.0,0.0,-0.0185289999999999,0.0,A_ALTA_QUALIDADE,True,0.0,A_COERENCIA_ACEITE
event_002296,True,"2011-10-29T02:00:48,077",-19.216962,33.774653,2.72168,-139547,-70.1367,2.72168,0.156401,8.0,135389,5.36055,250032000.0,2.226635251103145,0.6972659999999999,-0.0029359999999999,-26607,A_ALTA_QUALIDADE,True,5.488021826478061,C_FALSA_COERENCIA_DESLOC_ELEVADO
event_002300,True,"2011-10-29T10:02:47,499",-18.341916,34.630249,12.011719,-49.9688,27.1641,12.0527,0.134931,8.0,155597,63.9159,4728290000.0,0.8124921187221936,0.0,0.013129,-0.7469999999999857,A_ALTA_QUALIDADE,True,0.0,A_COERENCIA_ACEITE
event_002301,True,"2011-10-29T10:49:29,317",-18.213763,34.784447,17.917969,-33.7188,41.4141,18041,0.111415,8.0,158098,70.7762,73019300.0,0.0,0.328125,-0.0094829999999999,0.0,A_ALTA_QUALIDADE,True,0.0,A_COERENCIA_ACEITE
event_002305,True,"2011-10-29T18:50:47,004",-18.317887,34.714982,12.011719,-41.0312,29.8359,12.0527,0.103456,9.0,161544,70.0581,365710000000.0,0.0,0.0,-0.0186319999999999,0.0,A_ALTA_QUALIDADE,True,0.0,A_COERENCIA_ACEITE
event_002310,True,"2011-10-29T23:31:35,722",-18.814481,34.42051,24.808594,-71.0938,-25.3828,24.7676,0.119338,12.0,181815,29225,2.93945e+18,0.601608339142399,0.697265999999999,-0.002735,-1.4050000000000011,A_ALTA_QUALIDADE,True,0.8125584114899658,A_COERENCIA_ACEITE
event_002313,True,"2011-10-30T00:34:53,775",-18.766423,34.474726,26.285156,-66.2188,-20.0391,26.4082,0.0684561,9.0,181382,36.4544,1082990000.0,0.8124744852078172,0.1640629999999987,0.0002698,-1.1380000000000052,A_ALTA_QUALIDADE,True,0.0,A_COERENCIA_ACEITE
event_002315,True,"2011-10-30T01:21:37,638",-19.19894,34.248708,21.691406,-89.7812,-68.1328,21.7324,0.165887,13.0,217847,21.9717,1.76351e+20,1.2027309622018625,0.7382810000000006,0.0329019999999999,-0.9279999999999972,A_ALTA_QUALIDADE,True,0.0,A_COERENCIA_ACEITE
event_002332,True,"2011-10-31T18:24:18,315",-18.341916,34.645646,21.527344,-48.3438,27.1641,21.6504,0.29218,13.0,157089,65.4709,9.75236e+19,1.2040821695662962,1.722656999999998,0.015396,-1.4569999999999936,A_ALTA_QUALIDADE,True,0.0,A_COERENCIA_ACEITE
event_002333,True,"2011-10-31T18:37:29,801",-16.463671,34.029349,1.757812,-114562,236016,2.00391,0.415632,12.0,188179,61.6713,47991200000.0,0.0,0.6562500000000002,-0.055879,0.0,A_ALTA_QUALIDADE,True,0.0,A_COERENCIA_ACEITE
event_002334,True,"2011-10-31T21:51:55,622",-19.171908,33.799192,6.987305,-135891,-64793,7.47949,0.10081,9.0,101949,7.33418,5403700000.0,0.6006072394491709,0.4921880000000005,-0.0128925,-3.331000000000003,A_ALTA_QUALIDADE,True,1.1683740080118787,A_COERENCIA_ACEITE
event_002335,True,"2011-10-31T23:38:01,174",-17.781246,35.084497,6.597656,-2.03125,89.5078,6.63867,0.150744,9.0,194651,35.1081,1665020000.0,0.0,0.1640629999999996,-0.0182289999999999,0.0,A_ALTA_QUALIDADE,True,0.0,A_COERENCIA_ACEITE
event_002337,True,"2011-11-01T02:56:23,338",-16.559786,35.263767,11.929688,16.25,224438,11.7656,0.154536,8.0,175853,137883,2740610.0,1.2050668571458447,1.5585939999999994,-0.058107,-0.674999999999983,A_ALTA_QUALIDADE,True,1.2050668571458447,A_COERENCIA_ACEITE
event_002343,True,"2011-11-01T22:44:52,106",-18.742395,34.451667,18.082031,-69.0625,-16.9219,18082,0.160157,9.0,173.19,36.9574,91136500000.0,0.6017311799475364,1.681640999999999,-0.017514,-1.1580000000000157,A_ALTA_QUALIDADE,True,0.6017311799475364,A_COERENCIA_ACEITE
event_002354,True,"2011-11-02T23:21:58,673",-18.257816,34.603549,43.757812,-52.4062,36.9609,43.7988,0.332804,8.0,145856,56.6557,358894.0,1.2964372532237411,4.552734000000001,-0.018602,-1.3880000000000052,A_ALTA_QUALIDADE,True,0.6036422050537279,A_COERENCIA_ACEITE
event_002358,True,"2011-11-03T04:51:22,746",-17.821294,35.245674,7.253906,15.0312,85.0547,7.13086,0.182807,9.0,179.63,18.1687,21194400000.0,0.0,0.1640620000000003,-0.036215,0.0,A_ALTA_QUALIDADE,True,0.0,A_COERENCIA_ACEITE
event_002360,True,"2011-11-03T14:26:37,822",-17.821294,35.245674,7.253906,15.0312,85.0547,7.21289,0.165711,10.0,179.63,18.1687,165550000000.0,0.0,0.2460940000000002,-0.0401499999999999,0.0,A_ALTA_QUALIDADE,True,0.0,A_COERENCIA_ACEITE
event_002363,True,"2011-11-03T18:18:20,438",-17.829303,35.24568,8.402344,15.0312,85.0547,11.0684,0.111053,8.0,179.63,18.1687,441209000.0,0.0,0.0820309999999988,-0.011001,0.0,A_ALTA_QUALIDADE,True,0.8905616240799286,A_COERENCIA_ACEITE
event_002364,True,"2011-11-03T20:45:31,546",-18.910596,34.373775,21.691406,-76.5781,-35.8477,21.7939,0.193672,12.0,193683,18.2393,1.29504e+18,0.9248942853536912,0.5332030000000003,0.00664,-2857,A_ALTA_QUALIDADE,True,0.3020811665101528,A_COERENCIA_ACEITE
event_002365,True,"2011-11-03T20:49:43,937",-17.829303,35.24568,8.238281,14625,83.7188,7.00781,0.146571,10.0,175128,18.7992,571879000000.0,0.6030210947723431,0.943359,-0.033971,-1.8050000000000068,A_ALTA_QUALIDADE,True,0.6025930507305642,A_COERENCIA_ACEITE
event_002368,True,"2011-11-03T21:30:03,709",-19.417201,33.788519,27.966797,-137922,-92.4023,28.0283,0.104833,13.0,112699,20.6861,1.04821e+21,0.6966753383932219,0.1435540000000017,-0.0229609999999999,-0.7469999999999999,A_ALTA_QUALIDADE,True,0.0,A_COERENCIA_ACEITE
event_002370,True,"2011-11-03T22:15:15,820",-17.813284,35.199618,6.925781,10.1562,85.9453,6.9668,0.127329,8.0,184327,22.9258,806292000.0,0.8906726933291274,0.2460939999999993,-0.0058789999999999,2.673000000000002,A_ALTA_QUALIDADE,True,0.0,A_COERENCIA_ACEITE
event_002380,True,"2011-11-04T05:32:09,755",-17.352734,35.241478,25.546875,15.4375,138047,25.6289,0.187497,8.0,193128,53445,4677120.0,0.0,0.1640629999999987,-0.0174199999999999,0.0,A_ALTA_QUALIDADE,True,1.2051469947183686,A_COERENCIA_ACEITE
event_002384,True,"2011-11-04T22:11:41,531",-17.821294,35.245674,7.910156,15.0312,85.0547,7.95117,0.124653,8.0,179.63,18.1687,6947450.0,0.0,0.0820309999999997,-0.022037,0.0,A_ALTA_QUALIDADE,True,0.0,A_COERENCIA_ACEITE
event_002385,True,"2011-11-04T23:21:13,758",-18.285849,34.738141,12.175781,-38.1875,32.9531,12.0117,0.140091,9.0,161477,70.7339,33247800000.0,0.0,1.1484370000000013,-0.003056,0.0,A_ALTA_QUALIDADE,True,0.6021681085318823,A_COERENCIA_ACEITE
event_002389,True,"2011-11-05T09:39:18,040",-17.797265,35.214957,14.636719,11375,87.2812,13.5703,0.199154,9.0,157728,21.6508,3921990000.0,0.0,0.3281239999999989,-6.799999999998474e-05,0.0,A_ALTA_QUALIDADE,True,0.6025708743549639,A_COERENCIA_ACEITE
event_002393,True,"2011-11-05T17:53:15,044",-17.861342,34.977011,12.011719,-13.4062,80.6016,11.9707,0.128086,8.0,178637,46.9513,628806000.0,0.0,0.0,-0.00933,0.0,A_ALTA_QUALIDADE,True,0.0,A_COERENCIA_ACEITE
event_002399,True,"2011-11-06T03:28:26,304",-18.910596,34.288813,18.410156,-85.7188,-36.0703,18.3691,0.0935172,9.0,166093,11.7283,49564800000.0,0.812513625248346,0.2460930000000019,0.0115973999999999,-3.5180000000000007,A_ALTA_QUALIDADE,True,0.0,A_COERENCIA_ACEITE
event_002409,True,"2011-11-07T03:54:47,610",-18.16971,34.888348,35.71875,-21.9375,47.2031,37.1133,0.245043,8.0,162997,68.1974,49407200.0,0.6024229905782233,0.1230469999999996,-0.0054349999999999,-0.7949999999999875,A_ALTA_QUALIDADE,True,1.2062037191998287,A_COERENCIA_ACEITE
event_002416,True,"2011-11-07T19:35:17,354",-17.821294,35.245674,9.714844,14.2188,85.0547,7.62305,0.0581567,8.0,180025,18.9736,600290000.0,0.0,0.0820309999999997,-0.0035260999999999,0.0,A_ALTA_QUALIDADE,True,0.8125772443452909,A_COERENCIA_ACEITE
event_002417,True,"2011-11-07T19:36:01,822",-17.837313,35.253362,9.222656,15.4375,82.8281,7.58203,0.142142,8.0,171369,18.2165,201364000.0,0.0,0.0,-0.016876,0.0,A_ALTA_QUALIDADE,True,0.6025094500185775,A_COERENCIA_ACEITE
event_002422,True,"2011-11-08T20:44:50,110",-18.766423,34.49016,21.035156,-64.5938,-20.0391,20.9941,0.103055,11.0,183632,37.6027,3507750000000000.0,0.8124744852071475,0.0820310000000006,-0.0180099999999999,-1.087999999999994,A_ALTA_QUALIDADE,True,0.0,A_COERENCIA_ACEITE
event_002432,True,"2011-11-10T00:28:14,306",-20.908984,33.304604,2.578125,-186875,-258281,3.07031,0.156913,8.0,218995,165387,28290.7,0.0,1.96875,0.047507,0.0,A_ALTA_QUALIDADE,True,0.0,A_COERENCIA_ACEITE
event_002444,True,"2011-11-11T05:04:41,999",-17.981485,35.007653,12.339844,-10.1562,67.2422,12.3809,0.0804088,9.0,150877,47.7291,4535230000.0,0.0,0.4101559999999988,-0.0044910999999999,0.0,A_ALTA_QUALIDADE,True,0.0,A_COERENCIA_ACEITE
event_002449,True,"2011-11-11T20:07:46,788",-19.024732,34.224489,19.681641,-92.4219,-48.7617,19.7021,0.117389,12.0,203038,2.66693,2.41199e+16,0.9245837459041912,0.2871099999999984,0.0160929999999999,-0.6730000000000018,A_ALTA_QUALIDADE,True,0.0,A_COERENCIA_ACEITE
event_002453,True,"2011-11-12T12:00:02,085",-18.742395,34.50568,21.035156,-62.9688,-17.3672,20.9941,0.112168,10.0,182287,40.6374,1571370000000.0,0.8124848847175641,0.2460930000000019,-0.03536,-1.0449999999999875,A_ALTA_QUALIDADE,True,0.0,A_COERENCIA_ACEITE
event_002462,True,"2011-11-13T02:03:12,472",-18.686328,34.482737,14.800781,-65.4062,-11.1328,14.7598,0.0932248,10.0,171783,43.7802,90711300000.0,0.812543597279509,0.1640630000000005,-0.027485,-1.0810000000000173,A_ALTA_QUALIDADE,True,0.0,A_COERENCIA_ACEITE
event_002468,True,"2011-11-13T20:16:34,603",-19.086806,34.396198,23.167969,-73.9375,-56.1094,23.0039,0.147439,10.0,215741,20.2106,37880400000.0,0.0,0.328125,-0.0030299999999999,0.0,A_ALTA_QUALIDADE,True,0.6015887254581763,A_COERENCIA_ACEITE
event_002473,True,"2011-11-15T00:34:11,390",-18.26983,34.692005,17.097656,-43.4688,35.1797,17.1387,0.212307,10.0,154988,65.0727,2777830000000.0,0.890674852223776,1.5585939999999994,-0.030843,0.7290000000000134,A_ALTA_QUALIDADE,True,0.0,A_COERENCIA_ACEITE
event_002481,True,"2011-11-15T22:09:05,561",-18.818486,34.339438,20.132812,-80.0312,-25.3828,20.1738,0.167262,9.0,163938,23.8316,510319000000.0,0.8124531578099908,0.0,-0.0243709999999999,-1.8880000000000048,A_ALTA_QUALIDADE,True,0.6040912819077655,A_COERENCIA_ACEITE
event_002483,True,"2011-11-16T01:00:13,965",-17.821294,35.038441,2.003906,-6.90625,85.0547,2.04492,0.460994,9.0,185791,40.0097,32320900000.0,0.0,0.0820310000000001,-0.0220029999999999,0.0,A_ALTA_QUALIDADE,True,0.0,A_COERENCIA_ACEITE
event_002485,True,"2011-11-16T17:33:31,131",-18.834505,34.462891,22.101562,-67.4375,-27.6094,23168,0.211394,9.0,191248,30.4847,19943100000.0,0.0,0.0,0.001563,0.0,A_ALTA_QUALIDADE,True,0.0,A_COERENCIA_ACEITE
event_002506,True,"2011-11-19T01:25:19,748",-18.818486,34.478391,23.742188,-65.4062,-25.3828,23.7832,0.258828,11.0,190.38,33.4571,229069000000000.0,0.0,0.1640620000000012,-0.0096759999999999,0.0,A_ALTA_QUALIDADE,True,0.603877977714434,A_COERENCIA_ACEITE
event_002524,True,"2011-11-20T22:07:11,128",-21.029127,34.156449,20.789062,-98.3125,-271641,20.8711,0.268124,8.0,188065,44.8003,6470010.0,3.715535009898144,0.65625,-0.053493,-2.3220000000000027,A_ALTA_QUALIDADE,True,0.0,A_COERENCIA_ACEITE
event_002534,True,"2011-11-22T03:47:47,923",-18.950644,34.304069,20.050781,-84.0938,-40.5234,20.0918,0.226382,11.0,190195,9.40872,798807000000000.0,0.0,0.0,-0.008917,0.0,A_ALTA_QUALIDADE,True,0.0,A_COERENCIA_ACEITE
event_002536,True,"2011-11-22T04:54:45,674",-20.132055,33.36819,12.585938,-181188,-171891,12.5039,0.265784,8.0,210849,79.4592,90320200.0,2.423836887016621,0.4921870000000012,-0.090405,-2.362000000000023,A_ALTA_QUALIDADE,True,0.0,A_COERENCIA_ACEITE
event_002547,True,"2011-11-23T19:38:22,710",-18.161701,35.280553,10.617188,18.6875,47.2031,10.6992,0.416082,8.0,210172,42.8448,112173000.0,0.0,0.0,-0.0131779999999999,0.0,A_ALTA_QUALIDADE,True,0.0,A_COERENCIA_ACEITE
event_002558,True,"2011-11-24T11:39:54,481",-19.891768,33.79045,58.195312,-141375,-144281,51.9609,0.163925,10.0,125235,90.0061,48719300.0,3.2500201314681694,7.21875,-0.059324,2.0400000000000063,A_ALTA_QUALIDADE,True,4.152022662312346,A_COERENCIA_ACEITE
event_002559,True,"2011-11-24T11:39:54,993",-19.871744,33.82558,28.746094,-132844,-142055,27.9668,0.213639,9.0,140667,75.3914,8714500000.0,0.8905865471208797,1.3125,0.030056,-0.032999999999987,A_ALTA_QUALIDADE,True,1.2100021747731171,A_COERENCIA_ACEITE
event_002570,True,"2011-11-25T03:08:19,986",-21.205338,33.246154,36.867188,-192562,-291234,36.9492,0.356379,11.0,116.79,68.5068,136560000000.0,0.0,0.0,-0.050486,0.0,A_ALTA_QUALIDADE,True,0.0,A_COERENCIA_ACEITE
event_002582,True,"2011-11-25T20:56:53,743",-21.421596,33.61233,57.703125,-153562,-314391,57.7852,0.244687,9.0,143056,25.1709,74234200.0,33.87074534663061,51.1875,0.0156679999999999,19.101000000000013,A_ALTA_QUALIDADE,False,1.2112478548067973,A_COERENCIA_ACEITE
event_002586,True,"2011-11-26T10:48:31,162",-19.174912,33.792399,12.011719,-137719,-65.4609,11.9707,0.403796,9.0,102311,49.9927,14886700000.0,1.200964807404265,0.0820309999999988,-0.061567,-1.5339999999999918,A_ALTA_QUALIDADE,True,0.0,A_COERENCIA_ACEITE
event_002589,True,"2011-11-26T18:25:14,323",-20.708745,33.01796,11.273438,-216938,-236016,11.5195,0.253459,9.0,148054,109068,452969.0,0.0,1.640625,0.0004779999999999,0.0,A_ALTA_QUALIDADE,True,0.0,A_COERENCIA_ACEITE
event_002592,True,"2011-11-27T01:11:59,152",-19.359132,33.814159,22.183594,-135281,-85.9453,22.2246,0.0981612,11.0,121446,55.1905,2151240000000000.0,1.9523327555474284,1.886718000000002,-0.0255878999999999,-1.975999999999999,A_ALTA_QUALIDADE,True,0.0,A_COERENCIA_ACEITE
event_002601,True,"2011-11-27T22:03:33,240",-21.101214,33.176971,10.453125,-199062,-278766,10.5352,0.392615,9.0,175216,104.14,117755.0,0.0,0.8203120000000013,-0.055037,0.0,A_ALTA_QUALIDADE,True,1.212823687769341,A_COERENCIA_ACEITE
event_002606,True,"2011-11-28T07:50:36,168",-20.941022,33.272925,13.734375,-189312,-260953,13.8164,0.301119,9.0,130.08,81.6009,729813.0,1.625035901427668,4.921875,0.0028019999999999,-0.7539999999999907,A_ALTA_QUALIDADE,True,1.2123557349006822,A_COERENCIA_ACEITE
event_002612,True,"2011-11-28T20:30:41,152",-21.169295,33.383733,19.722656,-178344,-287227,19.7637,0.284141,12.0,112468,57.2674,59888600000000.0,2.0747228565603573,2.9121099999999984,0.008662,-0.7279999999999944,A_ALTA_QUALIDADE,True,0.0,A_COERENCIA_ACEITE
event_002620,True,"2011-11-29T00:37:59,436",-21.221357,33.4184,20.460938,-175.5,-292125,18.6562,0.434028,9.0,162226,52.4689,5960090.0,0.0,0.0,-0.058338,0.0,A_ALTA_QUALIDADE,True,1.1991521830277865,A_COERENCIA_ACEITE
event_002629,True,"2011-11-29T17:27:49,143",-18.870548,34.389394,16.769531,-75.1562,-31.6172,16.7285,0.325293,11.0,205234,21.9796,24368700000000.0,0.6015882713638168,0.369140999999999,-0.001441,-1.752999999999986,A_ALTA_QUALIDADE,True,0.0,A_COERENCIA_ACEITE
event_002633,True,"2011-11-29T19:55:23,686",-21.205338,33.324531,6.351562,-183625,-290344,6.35156,0.235123,9.0,123277,60.5794,28355200.0,0.0,0.3281240000000007,-0.006286,0.0,A_ALTA_QUALIDADE,True,1.2123607560315743,A_COERENCIA_ACEITE
event_002663,True,"2011-12-01T19:19:33,948",-21.285434,33.401983,22.757812,-176312,-300141,22.8398,0.439994,12.0,110319,99.2813,2596120000000.0,1.2120158628524569,2.3789060000000006,-0.0812049999999999,-0.1490000000000009,A_ALTA_QUALIDADE,True,0.0,A_COERENCIA_ACEITE
event_002682,True,"2011-12-03T17:29:12,997",-21.425601,33.474924,6.925781,-168188,-316172,7.08984,0.217203,8.0,129379,39.7914,2991970.0,0.5996830781140831,0.0410159999999999,-0.0127349999999999,-0.1870000000000118,A_ALTA_QUALIDADE,True,0.5996830781140831,A_COERENCIA_ACEITE
event_002684,True,"2011-12-03T22:23:49,431",-21.321477,33.483926,35.636719,-167781,-304148,35.6777,0.21276,11.0,115144,40.9123,201190000000.0,0.8125155072353497,0.2460930000000019,-0.0232829999999999,-0.2999999999999971,A_ALTA_QUALIDADE,True,0.0,A_COERENCIA_ACEITE
event_002686,True,"2011-12-03T23:21:08,769",-20.724764,34.970868,19.148438,-13.8125,-237797,19.2305,0.306111,11.0,198256,94.8701,217802000000.0,1.624996504795484,1.4765629999999987,-0.050167,-0.962999999999994,A_ALTA_QUALIDADE,True,0.0,A_COERENCIA_ACEITE
event_002690,True,"2011-12-04T02:38:39,641",-21.34951,33.432622,36.210938,-173469,-306.82,35.8418,0.44187,15.0,108612,45.8456,2.82884e+20,0.5995397221044675,0.041015999999999,-0.100186,0.1799999999999926,A_ALTA_QUALIDADE,False,0.5995397221044675,A_COERENCIA_ACEITE
event_002734,True,"2011-12-06T23:53:03,204",-19.85973,33.371189,32.601562,-181188,-141609,32.6836,0.265326,8.0,192964,49.4809,2099420.0,0.0,0.328125,-0.0185739999999999,0.0,A_ALTA_QUALIDADE,True,0.0,A_COERENCIA_ACEITE
event_002755,True,"2011-12-08T00:59:17,552",-21.253395,33.402353,15.539062,-177125,-297469,14.5547,0.139575,8.0,172004,51.8651,835203.0,0.0,0.3281239999999989,-0.0226469,0.0,A_ALTA_QUALIDADE,True,1.2120784072609436,A_COERENCIA_ACEITE
event_002759,True,"2011-12-08T02:09:53,704",-21.261405,33.39442,23.578125,-176312,-296578,23.6602,0.392423,9.0,119449,96.7213,33483.5,0.0,0.328125,0.0014589999999999,0.0,A_ALTA_QUALIDADE,True,1.2120784072609436,A_COERENCIA_ACEITE
event_002778,True,"2011-12-09T23:58:49,735",-19.551361,34.432955,24.972656,-70.2812,-107.32,25.0137,0.206447,10.0,100207,18.5092,37633500000.0,1.6249868774653795,1.8046870000000013,-0.0836639999999999,-0.0520000000000067,A_ALTA_QUALIDADE,True,0.0,A_COERENCIA_ACEITE
event_002783,True,"2011-12-10T05:53:55,744",-21.601812,33.331487,33.996094,-183219,-335.32,34.0371,0.288751,10.0,126817,58.3679,10226600000.0,0.8125048867843055,0.5742180000000019,-0.028422,-0.6400000000000006,A_ALTA_QUALIDADE,True,0.0,A_COERENCIA_ACEITE
event_002784,True,"2011-12-10T06:15:13,016",-21.153276,33.470103,36.621094,-169406,-285445,36.6621,0.433657,9.0,114742,38.2312,5206980.0,0.6059155772149315,0.2871099999999984,-0.101665,0.7259999999999991,A_ALTA_QUALIDADE,False,0.0,A_COERENCIA_ACEITE
event_002785,True,"2011-12-10T06:15:16,692",-21.333491,33.636761,41.132812,-154375,-304594,39.1641,0.330279,10.0,157121,28.0734,3136350000.0,0.0,0.65625,-0.0548279999999999,0.0,A_ALTA_QUALIDADE,True,2.5872298989459828,A_COERENCIA_ACEITE
event_002810,True,"2011-12-11T16:14:27,279",-21.193324,33.422638,12.011719,-174281,-289898,11.9707,0.425863,10.0,115732,41.5271,5139610000.0,0.0,0.0820309999999988,-0.0147169999999999,0.0,A_ALTA_QUALIDADE,True,0.0,A_COERENCIA_ACEITE
event_002818,True,"2011-12-12T01:25:09,041",-21.317472,33.511423,43.101562,-164938,-303703,43.0195,0.194994,8.0,211278,38.3152,39134200.0,2.6036408057818394,0.7382810000000006,0.011706,-2.0330000000000155,A_ALTA_QUALIDADE,True,0.0,A_COERENCIA_ACEITE
event_002831,True,"2011-12-12T21:54:59,024",-19.967859,33.482732,12.011719,-169406,-153633,12.0527,0.256438,11.0,143982,40.1265,149635000000000.0,0.0,0.0,-0.017791,0.0,A_ALTA_QUALIDADE,True,0.0,A_COERENCIA_ACEITE
event_002848,True,"2011-12-14T04:20:46,270",-21.381549,35.001669,10.617188,-10.5625,-310828,10.6992,0.119037,9.0,192213,96.9087,60797600.0,1.2059521352166027,5.496093999999999,-0.126838,-0.7340000000000089,A_ALTA_QUALIDADE,False,0.0,A_COERENCIA_ACEITE
event_002857,True,"2011-12-14T20:09:28,273",-18.582203,34.490827,11.191406,-64.5938,0.445312,11.3145,0.0940074,9.0,185765,53.9143,4112530000.0,0.0,0.2460940000000011,0.0190339999999999,0.0,A_ALTA_QUALIDADE,True,0.0,A_COERENCIA_ACEITE
event_002858,True,"2011-12-14T20:49:03,034",-18.694337,34.567561,24.972656,-56875,-12.4688,25.3828,0.219964,13.0,184198,48.4141,6.92643e+18,1.2987463846999583,0.4511710000000022,-0.0271909999999999,-1.4050000000000011,A_ALTA_QUALIDADE,True,0.6036474234287951,A_COERENCIA_ACEITE
event_002864,True,"2011-12-15T06:11:26,959",-21.373539,34.946748,23.90625,-15.0312,-309492,25.0137,0.285942,13.0,172534,40.4122,3773160000000.0,2.5958103009871456,2.4609370000000013,-0.125059,-4.986999999999995,A_ALTA_QUALIDADE,False,1.2979745178190356,A_COERENCIA_ACEITE
event_002880,True,"2011-12-16T02:45:46,101",-21.529726,33.623005,29.238281,-153156,-327305,29.1973,0.0631577,9.0,99.1106,27.5252,18832000.0,0.8124952689763194,1.4765620000000013,-0.0260562,0.360200000000006,A_ALTA_QUALIDADE,True,0.0,A_COERENCIA_ACEITE
event_002897,True,"2011-12-17T09:50:32,661",-18.942634,34.335009,19.558594,-81.25,-39.1875,19.6406,0.0706747,10.0,214304,12.4973,139933000000.0,0.0,0.0,-0.0026516,0.0,A_ALTA_QUALIDADE,True,0.6015483401777393,A_COERENCIA_ACEITE
event_002900,True,"2011-12-17T16:59:23,233",-19.271026,33.892261,12.011719,-127156,-76.1484,12.0527,0.123824,11.0,122922,46.4883,1.12546e+16,1.2013648978942564,0.0820309999999988,-0.038575,-1.7480000000000049,A_ALTA_QUALIDADE,True,0.0,A_COERENCIA_ACEITE
event_002906,True,"2011-12-18T07:56:45,918",-21.077185,33.51401,25.710938,-164938,-276984,25.6289,0.494629,13.0,185.66,75.0215,65815500000000.0,2.5866505168081777,3.527344,-0.0481859999999999,2.0970000000000084,A_ALTA_QUALIDADE,True,0.0,A_COERENCIA_ACEITE
event_002914,True,"2011-12-18T22:05:11,979",-20.949032,33.311947,6.679688,-186062,-262734,6.76172,0.3219,13.0,117653,77.9941,134407000000000.0,0.0,1.1484380000000003,-0.0224669999999999,0.0,A_ALTA_QUALIDADE,True,0.0,A_COERENCIA_ACEITE
event_002939,True,"2011-12-20T09:54:24,937",-21.269415,33.292393,11.601562,-187688,-298359,11.6836,0.410768,12.0,93.2486,61.6428,3795010000000.0,0.0,0.984375,-0.024938,0.0,A_ALTA_QUALIDADE,True,0.0,A_COERENCIA_ACEITE
event_002945,True,"2011-12-20T19:36:02,230",-21.237376,33.151679,15.867188,-201906,-294352,15.7441,0.309995,14.0,119595,114.88,5722800000000000.0,0.6063860425947878,1.5996100000000002,-0.09549,-0.0780000000000029,A_ALTA_QUALIDADE,True,0.6063860425947878,A_COERENCIA_ACEITE
event_002955,True,"2011-12-21T20:56:28,953",-19.279036,34.395372,13.160156,-74.3438,-77.0391,13.2012,0.270008,10.0,150132,35.2949,1598240000000.0,0.0,0.2460940000000011,0.0272999999999999,0.0,A_ALTA_QUALIDADE,True,0.0,A_COERENCIA_ACEITE
event_002966,True,"2011-12-23T20:37:22,049",-19.090811,34.461905,11.929688,-67.0312,-55.6641,11.9707,0.187365,9.0,154745,26.2894,676741000.0,0.6038612272206878,0.2871089999999991,-0.011444,-0.5999999999999943,A_ALTA_QUALIDADE,True,0.6039255375711903,A_COERENCIA_ACEITE
event_002968,True,"2011-12-24T11:38:56,852",-21.589798,33.587029,36.210938,-156812,-333984,36.1289,0.0669225,9.0,181291,34.0223,20030100.0,0.0,0.4921879999999987,0.0033813,0.0,A_ALTA_QUALIDADE,True,0.0,A_COERENCIA_ACEITE
event_002975,True,"2011-12-25T22:37:53,034",-21.037137,33.522267,59.015625,-163312,-271641,59.0977,0.406082,10.0,117287,55.8661,96294100.0,5.748307262214733,7.628906000000001,-0.013895,2.450000000000003,A_ALTA_QUALIDADE,False,1.2115154775587964,A_COERENCIA_ACEITE
event_002978,True,"2011-12-26T01:16:33,009",-21.353515,33.514954,49.253906,-164531,-307711,49.2949,0.181119,11.0,113468,36.9049,3423770000000.0,0.812545170325026,1.7226560000000006,-0.0184879999999999,0.2920000000000016,A_ALTA_QUALIDADE,True,0.0,A_COERENCIA_ACEITE
event_002985,True,"2011-12-26T22:48:02,986",-19.807668,33.430005,36.949219,-175094,-135.82,36.9902,0.274641,9.0,158129,45.4211,6851400000.0,1.6250045329587983,0.0,0.0036559999999999,2.7339999999999804,A_ALTA_QUALIDADE,True,0.0,A_COERENCIA_ACEITE
event_002990,True,"2011-12-27T01:54:35,200",-21.34951,33.260024,36.867188,-190938,-307266,36.9492,0.318938,10.0,143953,63.0398,215597000.0,0.0,0.1640620000000012,-0.032261,0.0,A_ALTA_QUALIDADE,True,0.0,A_COERENCIA_ACEITE
event_002992,True,"2011-12-27T09:05:53,111",-20.98107,33.37417,19.804688,-180375,-265406,18.4922,0.203532,11.0,125402,72.0142,1352040000.0,0.0,0.3281259999999975,-0.0160869999999999,0.0,A_ALTA_QUALIDADE,True,1.1991322017316446,A_COERENCIA_ACEITE
event_003000,True,"2011-12-27T21:30:50,184",-21.273419,33.374677,21.035156,-179156,-298805,21.0762,0.395689,12.0,120219,53.3506,159078000000000.0,0.8124703722668238,1.5585939999999994,-0.02293,-0.3150000000000119,A_ALTA_QUALIDADE,True,0.0,A_COERENCIA_ACEITE
event_003009,True,"2011-12-28T08:12:10,650",-19.895773,34.594694,16.769531,-53.2188,-145617,16.7285,0.157549,10.0,202209,13.7765,247673000000.0,1.6250436327079278,0.328125,-0.012111,-2.7169999999999845,A_ALTA_QUALIDADE,True,0.0,A_COERENCIA_ACEITE
event_003024,True,"2011-12-29T18:36:49,702",-19.933818,34.833581,32.232422,-28.2344,-149848,32.2119,0.320027,18.0,159789,30.5087,1.98868e+31,0.0,0.7792969999999997,-0.0491269999999999,0.0,A_ALTA_QUALIDADE,True,0.0,A_COERENCIA_ACEITE
event_003033,True,"2011-12-31T00:03:01,826",-21.381549,33.573503,51.304688,-158031,-310383,51.3457,0.284572,9.0,99.2252,30.0233,51826100.0,0.8125154163596929,1.640625,-0.0644619999999999,0.7408999999999963,A_ALTA_QUALIDADE,True,0.6057021214291205,A_COERENCIA_ACEITE
event_003049,True,"2012-01-02T21:26:42,987",-21.381549,33.385174,8.648438,-177938,-310828,8.73047,0.301457,9.0,173.28,62.0556,18759800.0,18.59804248101627,17.71875,-0.0327599999999999,-24011,A_ALTA_QUALIDADE,False,0.0,A_COERENCIA_ACEITE
event_003054,True,"2012-01-03T05:04:05,193",-21.333491,33.213158,50.648438,-195812,-305484,50.5664,0.306411,10.0,154477,41.1598,70209300.0,1.1983267290978608,0.0820319999999981,0.0020789999999999,-2.174999999999983,A_ALTA_QUALIDADE,True,0.0,A_COERENCIA_ACEITE
event_003076,True,"2012-01-08T19:57:31,958",-21.137257,33.094245,18.574219,-209625,-283219,18.8203,0.286394,11.0,194.27,45.1556,53687800000.0,1.2922465947850936,0.1230469999999996,0.018398,-2.0549999999999784,A_ALTA_QUALIDADE,True,1.2923131887205734,A_COERENCIA_ACEITE
event_003077,True,"2012-01-08T19:58:27,238",-21.153276,33.125367,16.113281,-203938,-285891,15457,0.343625,12.0,184213,43.9269,42676300000000.0,3.126862340580531,1.1074219999999997,-0.055047,-5.048000000000002,A_ALTA_QUALIDADE,True,1.2923539570599505,A_COERENCIA_ACEITE
event_003078,True,"2012-01-08T20:43:49,940",-21.221357,33.136213,13.242188,-203938,-293016,13.1602,0.304791,9.0,160786,93.6631,102938000.0,3.2500970036022148,10.007812,-0.012395,2.955999999999989,A_ALTA_QUALIDADE,False,0.0,A_COERENCIA_ACEITE
event_003081,True,"2012-01-09T00:41:13,283",-21.34951,33.291405,22.101562,-187688,-307266,22.3477,0.459272,13.0,132054,59.8174,626601000000000.0,3.687993214222997,6.234375,-0.042285,1.9300000000000068,A_ALTA_QUALIDADE,True,0.0,A_COERENCIA_ACEITE
event_003088,True,"2012-01-09T09:03:25,406",-20.953037,33.347109,19.230469,-182406,-263.18,19.3535,0.458573,14.0,126605,75.0217,1.23965e+17,0.8124612001339192,1.5585939999999994,-0.018322,-0.3689999999999998,A_ALTA_QUALIDADE,True,0.0,A_COERENCIA_ACEITE
event_003090,True,"2012-01-09T15:29:56,147",-20.756802,33.470519,16.523438,-170625,-240469,15.5391,0.272409,9.0,144.2,63.7007,10052000.0,0.5996518926334642,1.1894530000000003,-0.042059,0.5660000000000025,A_ALTA_QUALIDADE,True,1.1995171852727156,A_COERENCIA_ACEITE
event_003092,True,"2012-01-09T23:56:31,849",-21.157281,33.450471,38.179688,-171438,-285891,38.0977,0.263454,10.0,118.99,52.0978,3235660000.0,8.371000758309593,15.585937,0.0718639999999999,-3366,A_ALTA_QUALIDADE,False,0.0,A_COERENCIA_ACEITE
event_003107,True,"2012-01-24T21:45:44,913",-19.251002,33.780182,6.679688,-138938,-73.9219,5.94141,0.177799,11.0,179713,92.1323,390779000000000.0,0.0,2.789062,-0.064838,0.0,A_ALTA_QUALIDADE,True,0.0,A_COERENCIA_ACEITE
event_003119,True,"2012-01-29T21:37:36,426",-20.912989,33.003398,29.894531,-218156,-258727,29.9355,0.187902,8.0,162576,39.0619,10410800.0,1.8632428193933896,1.3945310000000006,0.010162,-2.3870000000000005,A_ALTA_QUALIDADE,True,0.0,A_COERENCIA_ACEITE
event_003132,True,"2012-02-03T01:35:32,942",-21.505697,33.316954,7.582031,-184844,-324633,7.62305,0.299881,12.0,109928,41829,864006000000000.0,0.0,0.984375,-0.0445629999999999,0.0,A_ALTA_QUALIDADE,True,0.0,A_COERENCIA_ACEITE
event_003144,True,"2012-02-06T10:43:08,260",-19.619443,32.56703,36.867188,-265688,-114891,37.1133,0.196361,9.0,217035,81.3246,98825400.0,3.2499616394159774,0.0,-0.036033,-3.9420000000000073,A_ALTA_QUALIDADE,True,0.0,A_COERENCIA_ACEITE
event_003152,True,"2012-02-09T02:37:01,259",-19.94383,33.482978,11.847656,-169406,-150961,11.9707,0.205528,10.0,98.4126,42.5329,59327700000.0,0.0,0.0,-0.027531,0.0,A_ALTA_QUALIDADE,True,0.0,A_COERENCIA_ACEITE
event_003165,True,"2012-02-12T23:05:06,248",-21.029127,32.794314,10.945312,-239688,-271641,11.0273,0.264655,9.0,189674,63.7644,8339660.0,1.7814199767426933,4.757813,-0.081803,0.4300000000000068,A_ALTA_QUALIDADE,True,0.0,A_COERENCIA_ACEITE
event_003167,True,"2012-02-13T19:05:15,560",-20.985075,33.21369,19.066406,-196219,-266742,19.1074,0.373351,9.0,186418,23.9235,11268000.0,1.1984504356936465,0.4101560000000006,0.034135,1.602000000000004,A_ALTA_QUALIDADE,True,0.0,A_COERENCIA_ACEITE
event_003182,True,"2012-02-17T17:53:52,771",-21.353515,33.483572,6.925781,-168188,-307266,7.08984,0.32237,11.0,156622,59.7018,65206800000.0,0.6059660456924247,0.0410159999999999,-0.1040579999999999,0.1680000000000063,A_ALTA_QUALIDADE,False,0.5996843090988049,A_COERENCIA_ACEITE
event_003188,True,"2012-02-20T22:58:23,114",-19.427213,34.321121,11.929688,-81.6562,-93.0703,11.9707,0.281223,9.0,181753,31.7544,33382400000.0,2.4055914538021708,2625,-0.043792,-2.244000000000028,A_ALTA_QUALIDADE,True,0.6041401454396129,A_COERENCIA_ACEITE
event_003194,True,"2012-02-25T00:10:05,520",-21.093204,33.169243,1.757812,-200688,-278766,2.00391,0.233952,8.0,212838,101925,5685140.0,6.718483857372518,0.0,-0.088461,-5.715000000000003,A_ALTA_QUALIDADE,False,0.0,A_COERENCIA_ACEITE
event_003219,True,"2012-03-09T00:33:45,206",-21.16529,33.991034,13.078125,-114562,-285891,13.1602,0.355904,8.0,185861,103191,3461160.0,1.6250791228169672,0.65625,-0.029999,-1.0529999999999973,A_ALTA_QUALIDADE,True,1.2096895910748022,A_COERENCIA_ACEITE
event_003256,True,"2012-03-23T07:48:43,359",-21.109223,33.231695,1.757812,-194188,-280547,2.00391,0.300469,9.0,172533,100558,440455.0,8.29712883506771,0.0,-0.0900929999999999,-4.531000000000006,A_ALTA_QUALIDADE,False,0.0,A_COERENCIA_ACEITE
event_003265,True,"2012-03-26T03:15:19,181",-20.997089,33.107878,4.054688,-207188,-268078,4.13672,0.266542,8.0,199674,68.3035,7520550.0,0.0,0.9843750000000004,-0.0224759999999999,0.0,A_ALTA_QUALIDADE,True,0.0,A_COERENCIA_ACEITE
event_003440,True,"2012-07-19T12:43:55,843",-21.325482,33.456427,1.921875,-169812,-303703,2.00391,0.534782,8.0,154829,63.4485,2052920.0,0.0,0.0,-0.110575,0.0,A_ALTA_QUALIDADE,False,1.211905740448381,A_COERENCIA_ACEITE
event_003476,True,"2013-01-08T16:21:26,799",-16.179332,33.806464,8.894531,-138531,267633,8.85352,0.15274,8.0,128452,25.8812,16635100.0,1.2017416026601342,1.8046880000000003,0.0125839999999999,1.840000000000004,A_ALTA_QUALIDADE,True,0.0,A_COERENCIA_ACEITE
event_003495,True,"2013-01-15T23:26:05,877",-18.802466,34.339511,17.507812,-80.4375,-24.0469,17.7539,0.252328,8.0,142741,95.6476,3524000.0,0.0,0.65625,0.0361819999999999,0.0,A_ALTA_QUALIDADE,True,0.0,A_COERENCIA_ACEITE
event_003504,True,"2013-01-19T11:39:28,195",-16.159308,33.833222,13.242188,-135281,270305,13.2832,0.117194,8.0,135062,28.6815,5383540.0,1.3939382697025275,1.0253910000000008,-0.002061,2.912000000000006,A_ALTA_QUALIDADE,True,0.6046184824963912,A_COERENCIA_ACEITE
event_003506,True,"2013-01-20T16:13:22,414",-16.848131,34.821198,53.601562,-30875,194156,49.6641,0.0985342,8.0,148365,71.1716,115828.0,1.204766495217648,4.183593999999999,-0.063036,-0.667999999999978,A_ALTA_QUALIDADE,True,1.204766495217648,A_COERENCIA_ACEITE
event_003510,True,"2013-01-22T08:41:00,690",-18.786447,34.493946,28.664062,-64.1875,-22.2656,28.7461,0.201046,8.0,219912,98.3299,2069330.0,0.0,0.65625,0.0195569999999999,0.0,A_ALTA_QUALIDADE,True,0.0,A_COERENCIA_ACEITE
event_003515,True,"2013-01-24T04:28:49,012",-18.722371,34.355304,24.398438,-78.8125,-15.1406,24.6445,0.203771,8.0,208405,87.2708,28155500.0,0.0,0.65625,-0.04313,0.0,A_ALTA_QUALIDADE,True,0.0,A_COERENCIA_ACEITE
event_003526,True,"2013-01-28T00:16:25,828",-17.224581,34.874179,26.203125,-24375,151406,26.3672,0.1736,8.0,205271,110203,662930.0,3.249969008392468,4.2656259999999975,-0.0956509999999999,-1.2770000000000152,A_ALTA_QUALIDADE,True,0.0,A_COERENCIA_ACEITE
event_003589,True,"2013-02-27T21:35:04,823",-20.60462,33.76099,58.359375,-139.75,-224438,58.3594,0.22855,9.0,189934,140796,74554800.0,5.203856143208821,14.273437,-0.0206919999999999,2.6769999999999925,A_ALTA_QUALIDADE,False,5.203856143208821,C_FALSA_COERENCIA_DESLOC_ELEVADO
event_003591,True,"2013-02-28T07:23:57,800",-19.571385,34.351444,35.554688,-78.8125,-109547,35.6367,0.317547,9.0,148857,112451,19715200.0,0.0,0.8203129999999987,0.0161659999999999,0.0,A_ALTA_QUALIDADE,True,0.0,A_COERENCIA_ACEITE
event_003625,True,"2013-03-09T21:53:40,357",-18.850524,34.339292,21.773438,-80.4375,-29.3906,22.0195,0.300269,8.0,143354,100.9,4873670.0,1.6249786519839555,1.4765620000000013,0.0541929999999999,-0.7279999999999802,A_ALTA_QUALIDADE,True,0.0,A_COERENCIA_ACEITE
event_003628,True,"2013-03-10T15:08:41,769",-18.73839,34.416961,31.289062,-72.3125,-16.9219,31.3711,0.287613,8.0,212927,90668,22283900.0,0.0,0.65625,0.0405699999999999,0.0,A_ALTA_QUALIDADE,True,0.0,A_COERENCIA_ACEITE
event_003705,True,"2013-05-14T23:29:22,195",-16.11125,34.959173,24.398438,-17875,276094,25.3828,0.16473,8.0,163601,47.0383,3152470.0,1.2050398018104604,2.7070310000000006,-0.093716,1.3410000000000082,A_ALTA_QUALIDADE,True,2.594528589632269,A_COERENCIA_ACEITE
event_003707,True,"2013-05-16T22:00:51,874",-17.284653,35.000371,24.152344,-10.9688,144727,24.1113,0.0939868,8.0,163744,18.1446,40552200.0,0.890672750884044,0.1640629999999987,-0.0041626,-0.4770000000000038,A_ALTA_QUALIDADE,True,0.0,A_COERENCIA_ACEITE
event_003711,True,"2013-05-24T04:49:28,972",-16.784054,35.401333,27.679688,31.6875,200391,27.7617,0.241835,8.0,213669,83.3377,28640300.0,5.1925525774781605,2625,-0.158727,4.969999999999999,A_ALTA_QUALIDADE,False,0.0,A_COERENCIA_ACEITE
